District|TA|Village
Balaka|Balaka Boma|Balaka  T
Balaka|Balaka Boma|Hanja Han
Balaka|Balaka Boma|Kafisi
Balaka|Balaka Boma|Kapile
Balaka|Balaka Boma|Kaumphawi
Balaka|Balaka Boma|Mponda
Balaka|Balaka Boma|Mpulula
Balaka|Balaka Boma|Mpulula A
Balaka|Balaka Boma|Tonya
Balaka|Kalembo|Amidu
Balaka|Kalembo|Andrew Namonde
Balaka|Kalembo|Bimbi
Balaka|Kalembo|Bonongwe
Balaka|Kalembo|Chagunda
Balaka|Kalembo|Chalumbwa
Balaka|Kalembo|Chatama B
Balaka|Kalembo|Chatama C
Balaka|Kalembo|Chembela
Balaka|Kalembo|Chesani
Balaka|Kalembo|Chibalanga
Balaka|Kalembo|Chibwana Msamala
Balaka|Kalembo|Chibwana Msamala Magombo
Balaka|Kalembo|Chikamana
Balaka|Kalembo|Chikhwasa
Balaka|Kalembo|Chikoko
Balaka|Kalembo|Chikolongwe
Balaka|Kalembo|Chikumba B
Balaka|Kalembo|Chileka
Balaka|Kalembo|Chiloboto
Balaka|Kalembo|Chilobwe
Balaka|Kalembo|Chingale
Balaka|Kalembo|Chipala
Balaka|Kalembo|Chipole
Balaka|Kalembo|Chipote (Mdela)
Balaka|Kalembo|Chipyali
Balaka|Kalembo|Chitalo
Balaka|Kalembo|Chitewele
Balaka|Kalembo|Chitseko
Balaka|Kalembo|Chiundu
Balaka|Kalembo|Chiwalo
Balaka|Kalembo|Chiyaka
Balaka|Kalembo|Chombe
Balaka|Kalembo|Chombe B
Balaka|Kalembo|Chombe C
Balaka|Kalembo|Chopi
Balaka|Kalembo|Chulu
Balaka|Kalembo|Custom
Balaka|Kalembo|Dailesi
Balaka|Kalembo|Daudi
Balaka|Kalembo|Elliot
Balaka|Kalembo|Galanje
Balaka|Kalembo|Hamba Hamba
Balaka|Kalembo|Helbert
Balaka|Kalembo|Hindahinda
Balaka|Kalembo|Hoba
Balaka|Kalembo|Idi (Chikamana)
Balaka|Kalembo|Jenya
Balaka|Kalembo|Jere
Balaka|Kalembo|John Wasili
Balaka|Kalembo|Jumbe
Balaka|Kalembo|Kabiyo
Balaka|Kalembo|Kabota
Balaka|Kalembo|Kabotolo { Musa}
Balaka|Kalembo|Kachenga
Balaka|Kalembo|Kachenga Trading Centre
Balaka|Kalembo|Kaisi
Balaka|Kalembo|Kalako
Balaka|Kalembo|Kalambo
Balaka|Kalembo|Kalembo
Balaka|Kalembo|Kalembo B
Balaka|Kalembo|Kalembo C
Balaka|Kalembo|Kalimila
Balaka|Kalembo|Kamowa
Balaka|Kalembo|Kamwana
Balaka|Kalembo|Kanjobvu
Balaka|Kalembo|Kanyindula
Balaka|Kalembo|Kapile
Balaka|Kalembo|Katapila
Balaka|Kalembo|Katoleza
Balaka|Kalembo|Kefa
Balaka|Kalembo|Khawaleya
Balaka|Kalembo|Kimu (Ngasale ii)
Balaka|Kalembo|Kumtiyani B
Balaka|Kalembo|Kumwembe
Balaka|Kalembo|Kunena
Balaka|Kalembo|Kungwalu
Balaka|Kalembo|Kuntonda
Balaka|Kalembo|Kusamba
Balaka|Kalembo|Kuyera
Balaka|Kalembo|Lemu (a)
Balaka|Kalembo|Lemu (b)
Balaka|Kalembo|Ligwang'wa
Balaka|Kalembo|Liundi
Balaka|Kalembo|Liundu
Balaka|Kalembo|Lukongolo
Balaka|Kalembo|Machemba
Balaka|Kalembo|Magombo
Balaka|Kalembo|Majanga
Balaka|Kalembo|Majikuta
Balaka|Kalembo|Makalani
Balaka|Kalembo|Makande
Balaka|Kalembo|Makande Mpale
Balaka|Kalembo|Makawa (Ngasale
Balaka|Kalembo|Makunganya
Balaka|Kalembo|Makuta
Balaka|Kalembo|Makwana
Balaka|Kalembo|Maleta
Balaka|Kalembo|Malidadi
Balaka|Kalembo|Malilabwana
Balaka|Kalembo|Maluchira
Balaka|Kalembo|Maninji
Balaka|Kalembo|Mapando
Balaka|Kalembo|Mapiko A
Balaka|Kalembo|Masambuka
Balaka|Kalembo|Maselema
Balaka|Kalembo|Masese
Balaka|Kalembo|Matembele
Balaka|Kalembo|Mathuwa { Musa}
Balaka|Kalembo|Matsautso (ii)
Balaka|Kalembo|Matukuta
Balaka|Kalembo|Mawecha
Balaka|Kalembo|Mayera
Balaka|Kalembo|Mbawa
Balaka|Kalembo|Mboga
Balaka|Kalembo|Mbonawona
Balaka|Kalembo|Mdala
Balaka|Kalembo|Mdela
Balaka|Kalembo|Mdenga
Balaka|Kalembo|Mdoka
Balaka|Kalembo|Mgambo
Balaka|Kalembo|Michesi
Balaka|Kalembo|Milambe
Balaka|Kalembo|Minama
Balaka|Kalembo|Minaniwa
Balaka|Kalembo|Misikidzi
Balaka|Kalembo|Misowa
Balaka|Kalembo|Mizinga
Balaka|Kalembo|Mjale
Balaka|Kalembo|Mjale A
Balaka|Kalembo|Mkanda
Balaka|Kalembo|Mkomwana
Balaka|Kalembo|Mkwatula
Balaka|Kalembo|Mkwekwele A
Balaka|Kalembo|Mkwekwele C
Balaka|Kalembo|Mkweta
Balaka|Kalembo|Mkweya
Balaka|Kalembo|Mlenga
Balaka|Kalembo|M'manga
Balaka|Kalembo|Mmannga
Balaka|Kalembo|Mnanala
Balaka|Kalembo|Mnyaka
Balaka|Kalembo|Mogoya
Balaka|Kalembo|Mpalasa
Balaka|Kalembo|Mpale Trading Centre
Balaka|Kalembo|Mpanga
Balaka|Kalembo|Mpango
Balaka|Kalembo|Mpanje
Balaka|Kalembo|Mpata
Balaka|Kalembo|Mpemba
Balaka|Kalembo|Mponda { Musa}
Balaka|Kalembo|Msaliwa
Balaka|Kalembo|Msamanyade
Balaka|Kalembo|Msamati
Balaka|Kalembo|Msuwo
Balaka|Kalembo|Mtambalika
Balaka|Kalembo|Mtende
Balaka|Kalembo|Mtenga
Balaka|Kalembo|Mthumbwe
Balaka|Kalembo|Mtila
Balaka|Kalembo|Muli
Balaka|Kalembo|Muocha
Balaka|Kalembo|Musa
Balaka|Kalembo|Mussa
Balaka|Kalembo|Muthuwa
Balaka|Kalembo|Mwachande
Balaka|Kalembo|Mwalabu A
Balaka|Kalembo|Mwalabu B
Balaka|Kalembo|Mwalero
Balaka|Kalembo|Mwawa
Balaka|Kalembo|Mwima Trading Centre
Balaka|Kalembo|Nakhonyo
Balaka|Kalembo|Nambazo
Balaka|Kalembo|Namingumi
Balaka|Kalembo|Naminguni
Balaka|Kalembo|Namwera
Balaka|Kalembo|Nandumbo
Balaka|Kalembo|Nanyako
Balaka|Kalembo|Ndembwe
Balaka|Kalembo|Ngasale I
Balaka|Kalembo|Ngulinga (Ngasal
Balaka|Kalembo|Njoka
Balaka|Kalembo|Nkanongwa
Balaka|Kalembo|Nkundika
Balaka|Kalembo|Nluma
Balaka|Kalembo|Nsanja
Balaka|Kalembo|Nsanza
Balaka|Kalembo|Nsulu
Balaka|Kalembo|Ntelela
Balaka|Kalembo|Ntetemela
Balaka|Kalembo|Ntole
Balaka|Kalembo|Ntonda
Balaka|Kalembo|Nyanga
Balaka|Kalembo|Nyangwa
Balaka|Kalembo|Nyanyika
Balaka|Kalembo|Peter
Balaka|Kalembo|Peter Kasanga
Balaka|Kalembo|Pongolani
Balaka|Kalembo|Pyole
Balaka|Kalembo|Saidi Sani
Balaka|Kalembo|Saiwala
Balaka|Kalembo|Silili
Balaka|Kalembo|Sinkileya
Balaka|Kalembo|Siyaya
Balaka|Kalembo|Sumani
Balaka|Kalembo|Tambala
Balaka|Kalembo|Tole
Balaka|Kalembo|Wala
Balaka|Kalembo|William (Ngasale)
Balaka|Kalembo|Zalengela
Balaka|Kalembo|Zimbota
Balaka|Nsamala|Amontsute
Balaka|Nsamala|Anderson
Balaka|Nsamala|Ayanjaawo
Balaka|Nsamala|Bamusi
Balaka|Nsamala|Beaton Na
Balaka|Nsamala|Benard
Balaka|Nsamala|Beni
Balaka|Nsamala|Bisani
Balaka|Nsamala|Bonongwe
Balaka|Nsamala|Bowazi
Balaka|Nsamala|Buleya
Balaka|Nsamala|Bwanali
Balaka|Nsamala|Chakhanza
Balaka|Nsamala|Chamba
Balaka|Nsamala|Chambo
Balaka|Nsamala|Chambulika
Balaka|Nsamala|Chambuluka
Balaka|Nsamala|Chamnthunya
Balaka|Nsamala|Chamthunya
Balaka|Nsamala|Chanthunya
Balaka|Nsamala|Chapita
Balaka|Nsamala|Chasinda
Balaka|Nsamala|Chasuchi l
Balaka|Nsamala|Chigaga
Balaka|Nsamala|Chikamana
Balaka|Nsamala|Chikamela
Balaka|Nsamala|Chikolole
Balaka|Nsamala|Chikonga
Balaka|Nsamala|Chikuse
Balaka|Nsamala|Chikwekwe
Balaka|Nsamala|Chilanga
Balaka|Nsamala|Chilembwe
Balaka|Nsamala|Chilumba
Balaka|Nsamala|Chimatiro
Balaka|Nsamala|Chimpakata
Balaka|Nsamala|Chimpakati
Balaka|Nsamala|Chimpikizo
Balaka|Nsamala|Chimwala
Balaka|Nsamala|Chingagwe
Balaka|Nsamala|Chingawa
Balaka|Nsamala|Chingondo
Balaka|Nsamala|Chinkwakwa
Balaka|Nsamala|Chinkwita
Balaka|Nsamala|Chintende
Balaka|Nsamala|Chiongole
Balaka|Nsamala|Chipakati
Balaka|Nsamala|Chipalami
Balaka|Nsamala|Chipikizo
Balaka|Nsamala|Chipote
Balaka|Nsamala|Chipoyo
Balaka|Nsamala|Chipumi
Balaka|Nsamala|Chipwele
Balaka|Nsamala|Chirimba
Balaka|Nsamala|Chisawasa
Balaka|Nsamala|Chisinkha
Balaka|Nsamala|Chitala
Balaka|Nsamala|Chitale Estate
Balaka|Nsamala|Chitimbe
Balaka|Nsamala|Chiuja
Balaka|Nsamala|Chiwala
Balaka|Nsamala|Chiwaya
Balaka|Nsamala|Chiwaya B
Balaka|Nsamala|Chiwele
Balaka|Nsamala|Chiyembeke
Balaka|Nsamala|Chiyembeko
Balaka|Nsamala|Chiyendausiku Trading Centre
Balaka|Nsamala|Chizinga
Balaka|Nsamala|Chizungu
Balaka|Nsamala|Chona
Balaka|Nsamala|Disi
Balaka|Nsamala|Dulani
Balaka|Nsamala|Gambe (Ch
Balaka|Nsamala|Golowa
Balaka|Nsamala|Govati
Balaka|Nsamala|Gwaladi Trading Centre
Balaka|Nsamala|Hanjahanja
Balaka|Nsamala|Hawu
Balaka|Nsamala|Hawu A
Balaka|Nsamala|Jailosi
Balaka|Nsamala|Jambawe
Balaka|Nsamala|James
Balaka|Nsamala|James B
Balaka|Nsamala|Jana
Balaka|Nsamala|Jedeni
Balaka|Nsamala|Jiya
Balaka|Nsamala|John Wasi
Balaka|Nsamala|Joswa
Balaka|Nsamala|Kabango
Balaka|Nsamala|Kachikuni
Balaka|Nsamala|Kadondo
Balaka|Nsamala|Kadyalunde
Balaka|Nsamala|Kainga
Balaka|Nsamala|Kalambo
Balaka|Nsamala|Kalembera
Balaka|Nsamala|Kalimba
Balaka|Nsamala|Kaludzu
Balaka|Nsamala|Kambadi
Balaka|Nsamala|Kambadya
Balaka|Nsamala|Kamowatimwa
Balaka|Nsamala|Kampeni B
Balaka|Nsamala|Kampeni C
Balaka|Nsamala|Kamtuwanji
Balaka|Nsamala|Kamwendo
Balaka|Nsamala|Kananji
Balaka|Nsamala|Kanjobvu
Balaka|Nsamala|Kanono
Balaka|Nsamala|Kanono Trading Centre
Balaka|Nsamala|Kanyimbo
Balaka|Nsamala|Kanyumbaa
Balaka|Nsamala|Kapalamula
Balaka|Nsamala|Kapasule
Balaka|Nsamala|Kapesi Farm
Balaka|Nsamala|Kapile
Balaka|Nsamala|Kasonya
Balaka|Nsamala|Katundu
Balaka|Nsamala|Kaumphawi
Balaka|Nsamala|Kaweya
Balaka|Nsamala|Khwalala
Balaka|Nsamala|Khwisa Trading Centre
Balaka|Nsamala|Kumbanga
Balaka|Nsamala|Kumbewe
Balaka|Nsamala|Kumvenji Estate
Balaka|Nsamala|Kuthambo
Balaka|Nsamala|Kuyele
Balaka|Nsamala|Kwitanda
Balaka|Nsamala|Kwitanda Trading Centre
Balaka|Nsamala|Lazalo
Balaka|Nsamala|Likoja A
Balaka|Nsamala|Likoja B
Balaka|Nsamala|Lindani
Balaka|Nsamala|Lupanga
Balaka|Nsamala|Lupanga A
Balaka|Nsamala|Mackenzie
Balaka|Nsamala|Maduwani
Balaka|Nsamala|Madyeratu
Balaka|Nsamala|Magaleta
Balaka|Nsamala|Maganga
Balaka|Nsamala|Magoli
Balaka|Nsamala|Magombela
Balaka|Nsamala|Magombo
Balaka|Nsamala|Magombo A
Balaka|Nsamala|Majawa
Balaka|Nsamala|Majiga Trading Centre
Balaka|Nsamala|Makalani
Balaka|Nsamala|Makangata
Balaka|Nsamala|Makoloje
Balaka|Nsamala|Malakata
Balaka|Nsamala|Malakula
Balaka|Nsamala|Malewa
Balaka|Nsamala|Malikula
Balaka|Nsamala|Maliwata
Balaka|Nsamala|Malula
Balaka|Nsamala|Malula Trading Centre
Balaka|Nsamala|Malunga
Balaka|Nsamala|Mandebvu
Balaka|Nsamala|Manjanja
Balaka|Nsamala|Manyenkhu
Balaka|Nsamala|Manyombe
Balaka|Nsamala|Manyonga
Balaka|Nsamala|Matipa
Balaka|Nsamala|Matipani
Balaka|Nsamala|Matola
Balaka|Nsamala|Matola B
Balaka|Nsamala|Mazenga
Balaka|Nsamala|Mbatamila
Balaka|Nsamala|Mbaza
Balaka|Nsamala|Mbewa
Balaka|Nsamala|Mbiya
Balaka|Nsamala|Mbiya Trading Centre
Balaka|Nsamala|M'bobo
Balaka|Nsamala|Mbungo
Balaka|Nsamala|Mchenga
Balaka|Nsamala|Mchilakwe
Balaka|Nsamala|Mdala
Balaka|Nsamala|Mereka
Balaka|Nsamala|Mfulanjob
Balaka|Nsamala|Mgomwa
Balaka|Nsamala|Mgomwa Trading Centre
Balaka|Nsamala|Mgwira
Balaka|Nsamala|Mgwira A
Balaka|Nsamala|Million A
Balaka|Nsamala|Million B
Balaka|Nsamala|Misanjo
Balaka|Nsamala|Misomali
Balaka|Nsamala|Mitochi
Balaka|Nsamala|Mkwezalamba
Balaka|Nsamala|Mmanga
Balaka|Nsamala|Mmangeni
Balaka|Nsamala|Mmangeni Trading Centre
Balaka|Nsamala|Mpambila
Balaka|Nsamala|Mpandason
Balaka|Nsamala|Mpezeni
Balaka|Nsamala|Mphepo
Balaka|Nsamala|Mpilisi
Balaka|Nsamala|Mpinga
Balaka|Nsamala|Mpinganji
Balaka|Nsamala|Mponda
Balaka|Nsamala|Mpulula A
Balaka|Nsamala|Mpulula D
Balaka|Nsamala|Msamadya
Balaka|Nsamala|Msiyamanda
Balaka|Nsamala|Msoma
Balaka|Nsamala|Msukwa
Balaka|Nsamala|Mtalika
Balaka|Nsamala|Mtalika C
Balaka|Nsamala|Mtalika D
Balaka|Nsamala|Mthawitsa
Balaka|Nsamala|Mtimbula
Balaka|Nsamala|Mtonya
Balaka|Nsamala|Mudi Compound
Balaka|Nsamala|Mulandula
Balaka|Nsamala|Muluma
Balaka|Nsamala|Mwalero
Balaka|Nsamala|Mwaliyala
Balaka|Nsamala|Mwandama
Balaka|Nsamala|Mzati
Balaka|Nsamala|Nachamba
Balaka|Nsamala|Nakala Camp
Balaka|Nsamala|Namputu
Balaka|Nsamala|Nasiyaya
Balaka|Nsamala|Naweta I
Balaka|Nsamala|Naweta ii
Balaka|Nsamala|Ndimbule
Balaka|Nsamala|Nduta
Balaka|Nsamala|Ngalande
Balaka|Nsamala|Ngaliche
Balaka|Nsamala|Ngomano
Balaka|Nsamala|Ng'ombe
Balaka|Nsamala|Ng'onga
Balaka|Nsamala|Ngwalu
Balaka|Nsamala|Ngwalu 2
Balaka|Nsamala|Njede
Balaka|Nsamala|Njela
Balaka|Nsamala|Njeleka
Balaka|Nsamala|Njelenje
Balaka|Nsamala|Njelenje Trading Centre
Balaka|Nsamala|Njenje
Balaka|Nsamala|Njenjele
Balaka|Nsamala|Njirayago
Balaka|Nsamala|Njopilo
Balaka|Nsamala|Njovuyale
Balaka|Nsamala|Nkaluluka
Balaka|Nsamala|Nkando Trading Centre
Balaka|Nsamala|Nkaya
Balaka|Nsamala|Nkaya Trading Centre
Balaka|Nsamala|Nkhande
Balaka|Nsamala|Nkolola
Balaka|Nsamala|Nkuli
Balaka|Nsamala|Ntaja
Balaka|Nsamala|Ntandiwa
Balaka|Nsamala|Nthumba
Balaka|Nsamala|Nthunde
Balaka|Nsamala|Nyambi
Balaka|Nsamala|Nyanyala
Balaka|Nsamala|Ojesi
Balaka|Nsamala|Phalula
Balaka|Nsamala|Phalula Trading Centre
Balaka|Nsamala|Phasule
Balaka|Nsamala|Phimbi
Balaka|Nsamala|Phimbi  B
Balaka|Nsamala|Phimbi Trading Centre
Balaka|Nsamala|Phombeya
Balaka|Nsamala|Piasi
Balaka|Nsamala|Pilitu
Balaka|Nsamala|Riviridzi Scheme
Balaka|Nsamala|S.Magombo
Balaka|Nsamala|Saidi
Balaka|Nsamala|Saiwa
Balaka|Nsamala|Saiwa C
Balaka|Nsamala|Saka
Balaka|Nsamala|Salimu
Balaka|Nsamala|Samuel(Ch
Balaka|Nsamala|Sawali B
Balaka|Nsamala|Sawali Trading Centre
Balaka|Nsamala|Sekanzao
Balaka|Nsamala|Shire Estate
Balaka|Nsamala|Shire North Trading Centre
Balaka|Nsamala|Siliya
Balaka|Nsamala|Singano
Balaka|Nsamala|Sitima 1
Balaka|Nsamala|Sitima I
Balaka|Nsamala|Somo
Balaka|Nsamala|Sosola
Balaka|Nsamala|Sosola B
Balaka|Nsamala|Soza
Balaka|Nsamala|Tembo
Balaka|Nsamala|Thamangiwa
Balaka|Nsamala|Thapanyiwa
Balaka|Nsamala|Thukuta
Balaka|Nsamala|Tiferakasi
Balaka|Nsamala|Toleza
Balaka|Nsamala|Toleza Camp
Balaka|Nsamala|Toleza Farm
Balaka|Nsamala|Tsamba
Balaka|Nsamala|Tsite
Balaka|Nsamala|Ukalanga
Balaka|Nsamala|Utale 2 Trading Centre
Balaka|Nsamala|Utale ii
Balaka|Nsamala|Veriha
Balaka|Nsamala|Wiliki
Balaka|Nsamala|Wochi
Balaka|Nsamala|Wuli
Balaka|Nsamala|Yonamu
Balaka|Nsamala|Zammimba
Balaka|Nsamala|Zidyana
Blantyre|Chigaru|Alexander Nkwinda
Blantyre|Chigaru|Balaza
Blantyre|Chigaru|Chapasuka
Blantyre|Chigaru|Cheusi
Blantyre|Chigaru|Chibweya
Blantyre|Chigaru|Chigaru Trading Centre
Blantyre|Chigaru|Chilipa
Blantyre|Chigaru|Chirambo
Blantyre|Chigaru|Chisi Trading Centre
Blantyre|Chigaru|Chiwaya
Blantyre|Chigaru|Chiwayu
Blantyre|Chigaru|Enock
Blantyre|Chigaru|Gulani
Blantyre|Chigaru|Henery Masamba
Blantyre|Chigaru|Issa
Blantyre|Chigaru|Kabano
Blantyre|Chigaru|Kabuthu
Blantyre|Chigaru|Kadulira
Blantyre|Chigaru|Kaphikamtama
Blantyre|Chigaru|kavalo
Blantyre|Chigaru|Kayesa
Blantyre|Chigaru|Keyala
Blantyre|Chigaru|Lazalo Kabano
Blantyre|Chigaru|Lazaro Kabano
Blantyre|Chigaru|Lidala
Blantyre|Chigaru|Lifa
Blantyre|Chigaru|Likaka
Blantyre|Chigaru|Lirangwe Trading Centre
Blantyre|Chigaru|Loti Mlangeni
Blantyre|Chigaru|Makoka
Blantyre|Chigaru|Malekano
Blantyre|Chigaru|Mandiwa
Blantyre|Chigaru|Mangwaule
Blantyre|Chigaru|Masinde
Blantyre|Chigaru|Masulani
Blantyre|Chigaru|Matundu
Blantyre|Chigaru|Maunda
Blantyre|Chigaru|M'bwana
Blantyre|Chigaru|Mdeka Trading Centre
Blantyre|Chigaru|Misanje
Blantyre|Chigaru|Mizanje
Blantyre|Chigaru|Mkhwinyimbi
Blantyre|Chigaru|Mlumbe
Blantyre|Chigaru|M'mambo
Blantyre|Chigaru|Mmangeni
Blantyre|Chigaru|M'mangeni
Blantyre|Chigaru|Momonga
Blantyre|Chigaru|Mononga
Blantyre|Chigaru|Morroson
Blantyre|Chigaru|Mtambalika
Blantyre|Chigaru|Mwasiya
Blantyre|Chigaru|Mwazama
Blantyre|Chigaru|Nakhwala
Blantyre|Chigaru|Namikasi Trading Centre
Blantyre|Chigaru|Ndala
Blantyre|Chigaru|N'dala
Blantyre|Chigaru|Ngwaya
Blantyre|Chigaru|Nkwanda
Blantyre|Chigaru|Ntache
Blantyre|Chigaru|Ntambalika
Blantyre|Chigaru|Nthache
Blantyre|Chigaru|Robert
Blantyre|Chigaru|Semu Mkhwanyumbi
Blantyre|Chigaru|Sitaya
Blantyre|Chigaru|Siyasiya
Blantyre|Chigaru|Stephen
Blantyre|Chigaru|Stevin
Blantyre|Chigaru|Sumbuleta
Blantyre|Chigaru|Thommbera
Blantyre|Chileka TPA|Chikaoneka
Blantyre|Chileka TPA|Chileka Airport Trading Centre
Blantyre|Chileka TPA|Dambo
Blantyre|Chileka TPA|Golowa
Blantyre|Chileka TPA|Gopani
Blantyre|Chileka TPA|Kachigwe
Blantyre|Chileka TPA|Kachulu
Blantyre|Chileka TPA|Kapitawo
Blantyre|Chileka TPA|Lizimba
Blantyre|Chileka TPA|Magombo Njati
Blantyre|Chileka TPA|Magombo Nyati
Blantyre|Chileka TPA|Malinki
Blantyre|Chileka TPA|Malizani
Blantyre|Chileka TPA|Malola
Blantyre|Chileka TPA|Mankhokwe Trading Centre
Blantyre|Chileka TPA|Mapemba
Blantyre|Chileka TPA|Master
Blantyre|Chileka TPA|Mejala
Blantyre|Chileka TPA|Mkunthiwa
Blantyre|Chileka TPA|Nkata
Blantyre|Chileka TPA|Singano
Blantyre|Kapeni|Amosi
Blantyre|Kapeni|Ben Ligogo
Blantyre|Kapeni|Beni Ligogo
Blantyre|Kapeni|Bester Mlenga
Blantyre|Kapeni|Biyani
Blantyre|Kapeni|Bizimaki
Blantyre|Kapeni|Cedric Masikamu
Blantyre|Kapeni|Cedric Masikimu
Blantyre|Kapeni|Chatha
Blantyre|Kapeni|Chigula Forest Compound
Blantyre|Kapeni|Chikhala
Blantyre|Kapeni|Chikwekwe
Blantyre|Kapeni|Chilobwe
Blantyre|Kapeni|Chilobwe Trading Centre
Blantyre|Kapeni|Chimbano
Blantyre|Kapeni|Chimimba
Blantyre|Kapeni|Chimowa
Blantyre|Kapeni|Chimwayi
Blantyre|Kapeni|Chimzukira
Blantyre|Kapeni|Chindeka
Blantyre|Kapeni|Ching'amba
Blantyre|Kapeni|Chingondo
Blantyre|Kapeni|Chingota
Blantyre|Kapeni|Chinyonga
Blantyre|Kapeni|Chisuse
Blantyre|Kapeni|Chitsonga
Blantyre|Kapeni|Chitundu
Blantyre|Kapeni|Chitungu
Blantyre|Kapeni|Chiwalo
Blantyre|Kapeni|Chiwaya
Blantyre|Kapeni|Chomboto
Blantyre|Kapeni|Chuma
Blantyre|Kapeni|Disi
Blantyre|Kapeni|Down Mkolesya
Blantyre|Kapeni|Enosi Kachulu
Blantyre|Kapeni|Galawanda
Blantyre|Kapeni|Gavi
Blantyre|Kapeni|Gilesi
Blantyre|Kapeni|Gomani
Blantyre|Kapeni|Harry
Blantyre|Kapeni|Helema
Blantyre|Kapeni|Jackson H.Namonde
Blantyre|Kapeni|James
Blantyre|Kapeni|Jameson Kapeni
Blantyre|Kapeni|Jamesoni
Blantyre|Kapeni|Jamson Kapeni
Blantyre|Kapeni|John K waja
Blantyre|Kapeni|John Whayo
Blantyre|Kapeni|Jonathan
Blantyre|Kapeni|Joseph Njilika
Blantyre|Kapeni|Julius Kwitsa
Blantyre|Kapeni|Julius Supedi
Blantyre|Kapeni|Justin Mkuagya
Blantyre|Kapeni|Kabango Kambano
Blantyre|Kapeni|Kadam'manja
Blantyre|Kapeni|Kaferenthenda
Blantyre|Kapeni|Kaipa
Blantyre|Kapeni|Kajawo
Blantyre|Kapeni|Kakowa
Blantyre|Kapeni|Kameza
Blantyre|Kapeni|Kampaka Trading Centre
Blantyre|Kapeni|Kampita
Blantyre|Kapeni|Kamwendo
Blantyre|Kapeni|Kaning'a
Blantyre|Kapeni|Kaponya
Blantyre|Kapeni|Kateya
Blantyre|Kapeni|Kholowa
Blantyre|Kapeni|Khukuni
Blantyre|Kapeni|Kotopo
Blantyre|Kapeni|Kuchombe
Blantyre|Kapeni|Kumponda
Blantyre|Kapeni|kunjala
Blantyre|Kapeni|Kwelenia
Blantyre|Kapeni|Lirangwe Trading Centre
Blantyre|Kapeni|Lunzu Trading Centre
Blantyre|Kapeni|Mafa
Blantyre|Kapeni|Magombo
Blantyre|Kapeni|Makalani
Blantyre|Kapeni|Makungwa Farm
Blantyre|Kapeni|Makwale
Blantyre|Kapeni|Malanga
Blantyre|Kapeni|Maleule
Blantyre|Kapeni|Malijana Chikuse
Blantyre|Kapeni|Maluwa
Blantyre|Kapeni|Manesi Kapeni
Blantyre|Kapeni|Manja
Blantyre|Kapeni|Manjenje Chindevu
Blantyre|Kapeni|Manjombe
Blantyre|Kapeni|Manjombe Katete
Blantyre|Kapeni|Manyozo
Blantyre|Kapeni|Marson Kajombo
Blantyre|Kapeni|Masala Kumpita
Blantyre|Kapeni|Masangano
Blantyre|Kapeni|Mateyu Jere
Blantyre|Kapeni|Mathew Muro
Blantyre|Kapeni|Maulana
Blantyre|Kapeni|Mazale
Blantyre|Kapeni|Mbera
Blantyre|Kapeni|Mbozi
Blantyre|Kapeni|Mchere
Blantyre|Kapeni|Mchere Trading Centre
Blantyre|Kapeni|Mfumba Estate
Blantyre|Kapeni|Milambo
Blantyre|Kapeni|Misati Chigumula
Blantyre|Kapeni|Mizenje
Blantyre|Kapeni|Mkamba
Blantyre|Kapeni|Mkolokosa
Blantyre|Kapeni|Mkoma
Blantyre|Kapeni|Mkwate
Blantyre|Kapeni|Mkwate Trading Centre
Blantyre|Kapeni|Mlomba
Blantyre|Kapeni|Monjeza
Blantyre|Kapeni|Morson Kajombo
Blantyre|Kapeni|Moses Maluwa
Blantyre|Kapeni|Mpasuka
Blantyre|Kapeni|Mpasuka Chiunda
Blantyre|Kapeni|Mpenda
Blantyre|Kapeni|Mpenda Trading Centre
Blantyre|Kapeni|Mpira
Blantyre|Kapeni|Mponda
Blantyre|Kapeni|Msusa
Blantyre|Kapeni|Mtema
Blantyre|Kapeni|Mwazaonga
Blantyre|Kapeni|Nampeya
Blantyre|Kapeni|Nansengwe Estate
Blantyre|Kapeni|Nayupe
Blantyre|Kapeni|Nazombe
Blantyre|Kapeni|Nchere
Blantyre|Kapeni|Ndala Chauwa
Blantyre|Kapeni|Ndemanje
Blantyre|Kapeni|Ngumbe Trading Centre
Blantyre|Kapeni|Njamba
Blantyre|Kapeni|Njilika
Blantyre|Kapeni|Nyimbochi Mponda
Blantyre|Kapeni|Patsani
Blantyre|Kapeni|Peter Bilila
Blantyre|Kapeni|Positi Masulani
Blantyre|Kapeni|Puli Mlinde
Blantyre|Kapeni|Ralph Maonde
Blantyre|Kapeni|Roben Msambuzi
Blantyre|Kapeni|Saluti
Blantyre|Kapeni|Samson Mgawa
Blantyre|Kapeni|Sande Kandiwo
Blantyre|Kapeni|Sani
Blantyre|Kapeni|Silaji
Blantyre|Kapeni|Simon Mpombe
Blantyre|Kapeni|Solomoni Maulana
Blantyre|Kapeni|Songolo
Blantyre|Kapeni|Stephen
Blantyre|Kapeni|Tenthani
Blantyre|Kapeni|Tipasi
Blantyre|Kapeni|Tipasi Chisenjere
Blantyre|Kapeni|Undani
Blantyre|Kapeni|Wasili Ndilika
Blantyre|Kapeni|Welemu Kakowa
Blantyre|Kapeni|Whayo
Blantyre|Kapeni|Willard Kampaka
Blantyre|Kapeni|William Kulemera
Blantyre|Kapeni|Wotala Kapichi
Blantyre|Kapeni|Yoyola
Blantyre|Kapeni|Yoyola Edward
Blantyre|Kapeni|Zwanya
Blantyre|Kuntaja|Adamu
Blantyre|Kuntaja|Anderson
Blantyre|Kuntaja|Bakili
Blantyre|Kuntaja|Beni
Blantyre|Kuntaja|Berson Milonde
Blantyre|Kuntaja|Bonongwe
Blantyre|Kuntaja|Borostein Farm
Blantyre|Kuntaja|Botomani
Blantyre|Kuntaja|Bwanasompho
Blantyre|Kuntaja|Chakanda
Blantyre|Kuntaja|Chamba
Blantyre|Kuntaja|Chaola
Blantyre|Kuntaja|Chapotela
Blantyre|Kuntaja|Chibwana
Blantyre|Kuntaja|Chigonawaya
Blantyre|Kuntaja|Chikaoneka
Blantyre|Kuntaja|Chikoja
Blantyre|Kuntaja|Chilangali
Blantyre|Kuntaja|Chileka Airport Trading Centre
Blantyre|Kuntaja|Chileka Farm
Blantyre|Kuntaja|Chimkango
Blantyre|Kuntaja|Chimutu
Blantyre|Kuntaja|Chinseu Dzimbiri
Blantyre|Kuntaja|Chinseu Sawa
Blantyre|Kuntaja|Chintumbira
Blantyre|Kuntaja|Chitawira
Blantyre|Kuntaja|Chiwaya
Blantyre|Kuntaja|Chuma
Blantyre|Kuntaja|Dambo
Blantyre|Kuntaja|Denga
Blantyre|Kuntaja|Diki
Blantyre|Kuntaja|Dzimphonje
Blantyre|Kuntaja|Dziwe Trading Centre
Blantyre|Kuntaja|Fitizalimba
Blantyre|Kuntaja|Golowa
Blantyre|Kuntaja|Gomeza
Blantyre|Kuntaja|Gomonda
Blantyre|Kuntaja|Gopani
Blantyre|Kuntaja|Huwa
Blantyre|Kuntaja|James Allan
Blantyre|Kuntaja|Jeweta
Blantyre|Kuntaja|Jeweta Chinamba
Blantyre|Kuntaja|John Mphembedzu
Blantyre|Kuntaja|K.Zimba
Blantyre|Kuntaja|Kabango
Blantyre|Kuntaja|Kachakwala
Blantyre|Kuntaja|Kachigwe
Blantyre|Kuntaja|Kachiwala
Blantyre|Kuntaja|Kachulu
Blantyre|Kuntaja|Kajawo
Blantyre|Kuntaja|Kajawo Adamu
Blantyre|Kuntaja|Kalombola
Blantyre|Kuntaja|Kamang'ani
Blantyre|Kuntaja|Kambuzi
Blantyre|Kuntaja|Kam'mata
Blantyre|Kuntaja|Kamwendo
Blantyre|Kuntaja|Kanjedza Trading Centre
Blantyre|Kuntaja|Kanjiwa
Blantyre|Kuntaja|Kansiwa
Blantyre|Kuntaja|Kansule
Blantyre|Kuntaja|Kantumbiza
Blantyre|Kuntaja|Kapenuka
Blantyre|Kuntaja|Kapitawo
Blantyre|Kuntaja|Katchakwala
Blantyre|Kuntaja|Katema
Blantyre|Kuntaja|Kaumbata
Blantyre|Kuntaja|Kausiwa
Blantyre|Kuntaja|Kesinala
Blantyre|Kuntaja|Kiri
Blantyre|Kuntaja|Kumanda
Blantyre|Kuntaja|Kuntaja
Blantyre|Kuntaja|Lapani
Blantyre|Kuntaja|Lemu
Blantyre|Kuntaja|Lizimba
Blantyre|Kuntaja|Magombo
Blantyre|Kuntaja|Magombo Ngundo
Blantyre|Kuntaja|Magombo Njati
Blantyre|Kuntaja|Magombo Nyati
Blantyre|Kuntaja|Makanani
Blantyre|Kuntaja|Makonokaya
Blantyre|Kuntaja|Makwinja
Blantyre|Kuntaja|Malinki
Blantyre|Kuntaja|Maliro
Blantyre|Kuntaja|Malizani
Blantyre|Kuntaja|Malola
Blantyre|Kuntaja|Maneya Chadza
Blantyre|Kuntaja|Manjelo
Blantyre|Kuntaja|Mankhokwe Trading Centre
Blantyre|Kuntaja|Manyowe
Blantyre|Kuntaja|Mapemba
Blantyre|Kuntaja|Mariko
Blantyre|Kuntaja|Masangano
Blantyre|Kuntaja|Master
Blantyre|Kuntaja|Max Eggs Farm
Blantyre|Kuntaja|Mazongoza
Blantyre|Kuntaja|M'banda
Blantyre|Kuntaja|Mbedza
Blantyre|Kuntaja|Mdala
Blantyre|Kuntaja|Mejala
Blantyre|Kuntaja|Mgundo
Blantyre|Kuntaja|MHC Housing Estate
Blantyre|Kuntaja|Michongwe
Blantyre|Kuntaja|Mkunthiwa
Blantyre|Kuntaja|Mlima
Blantyre|Kuntaja|Mombo Trading Centre
Blantyre|Kuntaja|Mphepo
Blantyre|Kuntaja|Mpinganjira Trading Centre
Blantyre|Kuntaja|Mseule
Blantyre|Kuntaja|Mtantha Salimu
Blantyre|Kuntaja|Mtanthu
Blantyre|Kuntaja|Mtefula
Blantyre|Kuntaja|Mtiza
Blantyre|Kuntaja|Mudi Trading Centre
Blantyre|Kuntaja|Muotcha
Blantyre|Kuntaja|Mwansambo
Blantyre|Kuntaja|Mwasambo
Blantyre|Kuntaja|Mwitha
Blantyre|Kuntaja|Namatetule
Blantyre|Kuntaja|Nanjiwa
Blantyre|Kuntaja|Nankhombe Forest Camp
Blantyre|Kuntaja|Nchenga
Blantyre|Kuntaja|Ndeketa
Blantyre|Kuntaja|Njolomole
Blantyre|Kuntaja|Nkata
Blantyre|Kuntaja|Nkula Trading Centre
Blantyre|Kuntaja|Norman Mlima
Blantyre|Kuntaja|Nsakanene
Blantyre|Kuntaja|Nseule
Blantyre|Kuntaja|Ntambalinje
Blantyre|Kuntaja|Ntanganyika
Blantyre|Kuntaja|Nzingala
Blantyre|Kuntaja|ORI Farm
Blantyre|Kuntaja|Pambadza
Blantyre|Kuntaja|Pensulo
Blantyre|Kuntaja|Peter
Blantyre|Kuntaja|Peter Lipugama
Blantyre|Kuntaja|Salama
Blantyre|Kuntaja|Salimu
Blantyre|Kuntaja|Samama
Blantyre|Kuntaja|Sigelege Trading Centre
Blantyre|Kuntaja|Singano
Blantyre|Kuntaja|Siyamdima
Blantyre|Kuntaja|Solomoni
Blantyre|Kuntaja|Tamani
Blantyre|Kuntaja|Tambala
Blantyre|Kuntaja|Tamvekenji
Blantyre|Kuntaja|Tamvenji
Blantyre|Kuntaja|Tanganyika
Blantyre|Kuntaja|Tanvekenji
Blantyre|Kuntaja|Temani
Blantyre|Kuntaja|Teula
Blantyre|Kuntaja|Thanganyika
Blantyre|Kuntaja|Thomas Chinkanda
Blantyre|Kuntaja|Tsimbi
Blantyre|Kuntaja|Tsoka
Blantyre|Kuntaja|Ulaya
Blantyre|Kuntaja|William Ulaya
Blantyre|Kuntaja|Wilson
Blantyre|Kuntaja|Zinganguwo
Blantyre|Kuntaja|Ziyaya
Blantyre|Kunthembwe|Andiseni
Blantyre|Kunthembwe|Buluzi
Blantyre|Kunthembwe|Chaswanthaka
Blantyre|Kunthembwe|Chathamanga
Blantyre|Kunthembwe|Chatsokera
Blantyre|Kunthembwe|Chavala
Blantyre|Kunthembwe|Chawale
Blantyre|Kunthembwe|Chazemba
Blantyre|Kunthembwe|Chigunkha
Blantyre|Kunthembwe|Chikira
Blantyre|Kunthembwe|Chikuli Trading Centre
Blantyre|Kunthembwe|Chikumbu
Blantyre|Kunthembwe|Chikumbu Trading Centre
Blantyre|Kunthembwe|Chilaulo
Blantyre|Kunthembwe|Chimpango
Blantyre|Kunthembwe|Chinkhandwe
Blantyre|Kunthembwe|Chinkhwinya
Blantyre|Kunthembwe|Chinkwinya
Blantyre|Kunthembwe|Chitambuli
Blantyre|Kunthembwe|Chiuziliro
Blantyre|Kunthembwe|Chiwale
Blantyre|Kunthembwe|Chumachiyenda
Blantyre|Kunthembwe|Dawa
Blantyre|Kunthembwe|Dziko
Blantyre|Kunthembwe|Dzikupi
Blantyre|Kunthembwe|Galufu
Blantyre|Kunthembwe|Ganda
Blantyre|Kunthembwe|Gomani Namputu
Blantyre|Kunthembwe|Gumeni
Blantyre|Kunthembwe|Gwadani
Blantyre|Kunthembwe|Imbwa
Blantyre|Kunthembwe|Issa
Blantyre|Kunthembwe|Jumbe
Blantyre|Kunthembwe|Kabuluzi
Blantyre|Kunthembwe|Kadikila
Blantyre|Kunthembwe|Kadikira
Blantyre|Kunthembwe|Kajombo
Blantyre|Kunthembwe|Kaliati
Blantyre|Kunthembwe|Kamowa
Blantyre|Kunthembwe|Kamoyo
Blantyre|Kunthembwe|Kamwetsa
Blantyre|Kunthembwe|Kanyanda
Blantyre|Kunthembwe|Kdzoole
Blantyre|Kunthembwe|Kesinala
Blantyre|Kunthembwe|Kubairi
Blantyre|Kunthembwe|Kubalaza
Blantyre|Kunthembwe|Kudzoole
Blantyre|Kunthembwe|Kumbilina
Blantyre|Kunthembwe|Kunthawila
Blantyre|Kunthembwe|Kunthembwe
Blantyre|Kunthembwe|Kusena
Blantyre|Kunthembwe|Kutama
Blantyre|Kunthembwe|Lekadala Namputu
Blantyre|Kunthembwe|Mabuleni
Blantyre|Kunthembwe|Majola
Blantyre|Kunthembwe|Makanda
Blantyre|Kunthembwe|Makanjira
Blantyre|Kunthembwe|Makondele
Blantyre|Kunthembwe|Makunje
Blantyre|Kunthembwe|Mandebvu
Blantyre|Kunthembwe|Mang'ani
Blantyre|Kunthembwe|Mangombo Betha
Blantyre|Kunthembwe|Mbanda
Blantyre|Kunthembwe|Mbvundula
Blantyre|Kunthembwe|Mkwezalamba
Blantyre|Kunthembwe|Mpakuleni
Blantyre|Kunthembwe|Mphwiniza
Blantyre|Kunthembwe|Mtenje
Blantyre|Kunthembwe|Mtenje Duwa
Blantyre|Kunthembwe|Muyawo Farm
Blantyre|Kunthembwe|Mwaiwala
Blantyre|Kunthembwe|Mwitha
Blantyre|Kunthembwe|Mzigala
Blantyre|Kunthembwe|Namisu Forest Camp
Blantyre|Kunthembwe|Namwina
Blantyre|Kunthembwe|Ngoleka
Blantyre|Kunthembwe|Ntengereni
Blantyre|Kunthembwe|Roda Dagalasi
Blantyre|Kunthembwe|Thanganyika
Blantyre|Kunthembwe|Twaya
Blantyre|Kunthembwe|Zikupi
Blantyre|Lirangwe TPA|Gulani
Blantyre|Lirangwe TPA|Kumatengo
Blantyre|Lirangwe TPA|Lirangwe Trading Centre
Blantyre|Lirangwe TPA|Masanjala
Blantyre|Lirangwe TPA|Somba
Blantyre|Lirangwe TPA|Tepeka
Blantyre|Lirangwe TPA|Zomola
Blantyre|Lundu|Chande
Blantyre|Lundu|Chatama
Blantyre|Lundu|Chibweya
Blantyre|Lundu|Chombo
Blantyre|Lundu|E.Mposa
Blantyre|Lundu|Gombe
Blantyre|Lundu|Gulani
Blantyre|Lundu|Hendele
Blantyre|Lundu|Jamali
Blantyre|Lundu|Jordan
Blantyre|Lundu|Kadewere
Blantyre|Lundu|Kalanga
Blantyre|Lundu|Kamwiri
Blantyre|Lundu|Kapyepye
Blantyre|Lundu|Kuchiri
Blantyre|Lundu|Kumatengo
Blantyre|Lundu|Kumbewe
Blantyre|Lundu|Lipungama
Blantyre|Lundu|Lirangwe Trading Centre
Blantyre|Lundu|Lundu
Blantyre|Lundu|Lunguzi
Blantyre|Lundu|Machowa
Blantyre|Lundu|Makina
Blantyre|Lundu|Malenga
Blantyre|Lundu|Maliko
Blantyre|Lundu|Malume
Blantyre|Lundu|Maole
Blantyre|Lundu|Masanjala
Blantyre|Lundu|M'buka
Blantyre|Lundu|Mbuni
Blantyre|Lundu|Mchenga
Blantyre|Lundu|Milare Hills Forest Reserve
Blantyre|Lundu|Mkumba
Blantyre|Lundu|Mkwaira
Blantyre|Lundu|Mkwanda
Blantyre|Lundu|Mpalume
Blantyre|Lundu|Msaka
Blantyre|Lundu|Msaka(M'boola)
Blantyre|Lundu|Mukwana
Blantyre|Lundu|Mwangata
Blantyre|Lundu|Nakhwala
Blantyre|Lundu|Nankhombe
Blantyre|Lundu|Ntusa
Blantyre|Lundu|Pindani
Blantyre|Lundu|Saimala
Blantyre|Lundu|Shakila
Blantyre|Lundu|Somba
Blantyre|Lundu|Sumani
Blantyre|Lundu|Tepeka
Blantyre|Lundu|Thyolera
Blantyre|Lundu|Undi
Blantyre|Lundu|William
Blantyre|Lundu|Yotamu
Blantyre|Lundu|Zamanemba
Blantyre|Lundu|Zomola
Blantyre|Lunzu TPA|John K waja
Blantyre|Lunzu TPA|Lunzu Trading Centre
Blantyre|Lunzu TPA|Mbozi
Blantyre|Lunzu TPA|Mkamba
Blantyre|Lunzu TPA|Mpira
Blantyre|Lunzu TPA|Nazombe
Blantyre|Lunzu TPA|Patsani
Blantyre|Machinjili|Chambwinja
Blantyre|Machinjili|Chibwana
Blantyre|Machinjili|Chigojo
Blantyre|Machinjili|Chikale
Blantyre|Machinjili|Chikondi Farm
Blantyre|Machinjili|Chilipa
Blantyre|Machinjili|Chimakowa
Blantyre|Machinjili|Chimbiya
Blantyre|Machinjili|Chindeka
Blantyre|Machinjili|Ching'omba Masefuka
Blantyre|Machinjili|Ching'ombe
Blantyre|Machinjili|Chintengo
Blantyre|Machinjili|Chinyonga
Blantyre|Machinjili|Chiponde Estate
Blantyre|Machinjili|Chisinga
Blantyre|Machinjili|Chitseko Farm
Blantyre|Machinjili|Chiumbulu
Blantyre|Machinjili|Chiumbutso
Blantyre|Machinjili|Daniel
Blantyre|Machinjili|Gomani
Blantyre|Machinjili|Gombera Farm
Blantyre|Machinjili|Grant Chauwa Farm
Blantyre|Machinjili|Itimu  Farm
Blantyre|Machinjili|Kajawo
Blantyre|Machinjili|Kaliati
Blantyre|Machinjili|Kaluti (V.H.Mtenje
Blantyre|Machinjili|Kampazaza Farm
Blantyre|Machinjili|Kansidzi
Blantyre|Machinjili|Kapalamula Farm
Blantyre|Machinjili|Keni Treding Centre
Blantyre|Machinjili|Light
Blantyre|Machinjili|Likomba
Blantyre|Machinjili|Likoswe
Blantyre|Machinjili|Machinjili
Blantyre|Machinjili|Machira
Blantyre|Machinjili|Makhiringa
Blantyre|Machinjili|Makwelani
Blantyre|Machinjili|Makwerani
Blantyre|Machinjili|Malopa
Blantyre|Machinjili|Malunga
Blantyre|Machinjili|Masajiri
Blantyre|Machinjili|Maselema
Blantyre|Machinjili|Masilikali
Blantyre|Machinjili|Matema Farm
Blantyre|Machinjili|Maziyaya
Blantyre|Machinjili|Mdala
Blantyre|Machinjili|Mgalamadzi
Blantyre|Machinjili|Michangwe
Blantyre|Machinjili|Mipande
Blantyre|Machinjili|Mkawajika
Blantyre|Machinjili|Mkozomba
Blantyre|Machinjili|Mlenga
Blantyre|Machinjili|Mlomba
Blantyre|Machinjili|Mphwerere
Blantyre|Machinjili|Mselemu
Blantyre|Machinjili|Msonga
Blantyre|Machinjili|Mteje
Blantyre|Machinjili|Mtenje
Blantyre|Machinjili|Mtukula Sakwata
Blantyre|Machinjili|Musa
Blantyre|Machinjili|Mwayi Estate
Blantyre|Machinjili|Mwazanga
Blantyre|Machinjili|Namibobo Estate
Blantyre|Machinjili|Nangumi
Blantyre|Machinjili|Nankhawa
Blantyre|Machinjili|Ndisale Farm
Blantyre|Machinjili|Ndodo Farm
Blantyre|Machinjili|Ngumbe Estate
Blantyre|Machinjili|Njamba
Blantyre|Machinjili|Njuli Farm
Blantyre|Machinjili|Njuli Trading Centre
Blantyre|Machinjili|Nkhalamba
Blantyre|Machinjili|Nkolesya
Blantyre|Machinjili|Ntenje
Blantyre|Machinjili|Padoko
Blantyre|Machinjili|Phwere
Blantyre|Machinjili|Psambani Farm
Blantyre|Machinjili|Roya Farm
Blantyre|Machinjili|Sapuli
Blantyre|Machinjili|Solobala
Blantyre|Machinjili|Somanje
Blantyre|Machinjili|Sukali
Blantyre|Machinjili|Sumbuleta
Blantyre|Machinjili|Undi
Blantyre|Machinjili|Wasili Njilika
Blantyre|Machinjili|Yosefe
Blantyre|Makata|Ben Kunjawala
Blantyre|Makata|Chakwiya
Blantyre|Makata|Chanika
Blantyre|Makata|Chikoloto 1
Blantyre|Makata|Chikoloto II
Blantyre|Makata|Chikwewe
Blantyre|Makata|Chilambe
Blantyre|Makata|Chilipa
Blantyre|Makata|Chilipa Trading Centre
Blantyre|Makata|Chilokoto
Blantyre|Makata|Chimtengo
Blantyre|Makata|Chizola
Blantyre|Makata|Damwe Trading Centre
Blantyre|Makata|E. Msambuzi
Blantyre|Makata|Fred
Blantyre|Makata|Gomani
Blantyre|Makata|H. Msambuzi
Blantyre|Makata|Kadewere
Blantyre|Makata|Lenjemeza
Blantyre|Makata|Majamanda
Blantyre|Makata|Makala
Blantyre|Makata|Makata
Blantyre|Makata|Makata Trading Centre
Blantyre|Makata|Makochera
Blantyre|Makata|Malopa
Blantyre|Makata|Maloya
Blantyre|Makata|Masirikali
Blantyre|Makata|Matope Farm
Blantyre|Makata|Mbembere
Blantyre|Makata|Mgambo
Blantyre|Makata|Miri
Blantyre|Makata|Mlombozi Farm
Blantyre|Makata|Moffat Gawaza
Blantyre|Makata|Mpopo
Blantyre|Makata|Mtambo
Blantyre|Makata|Mtambo Mlomba
Blantyre|Makata|Mtocha
Blantyre|Makata|Mtotela
Blantyre|Makata|Mwasama
Blantyre|Makata|Namwalisiyo
Blantyre|Makata|Njelaga
Blantyre|Makata|Njeraga
Blantyre|Makata|Nkanamwano Farm
Blantyre|Makata|Sairi
Blantyre|Makata|Somanje
Blantyre|Makata|Staya
Blantyre|Makata|Thom Chakwiya
Blantyre|Mpemba TPA|Ben Ganauza( B)
Blantyre|Mpemba TPA|Chingwalu Pemba
Blantyre|Mpemba TPA|Jiya
Blantyre|Mpemba TPA|Jiya( C)
Blantyre|Mpemba TPA|Malowa
Blantyre|Mpemba TPA|Somba
Blantyre|Mpemba TPA|Somba II ( C)
Blantyre|Nkula TPA|Katchakwala
Blantyre|Nkula TPA|Mudi Trading Centre
Blantyre|Nkula TPA|Nkula Trading Centre
Blantyre|Nkula TPA|Nsakanene
Blantyre|Nkula TPA|Nseule
Blantyre|Somba|Andreya Kapichi
Blantyre|Somba|B.Mpingo
Blantyre|Somba|Bakili
Blantyre|Somba|Ben Ganauza( B)
Blantyre|Somba|Beni
Blantyre|Somba|Binali
Blantyre|Somba|Bota
Blantyre|Somba|Bota( B)
Blantyre|Somba|Chadzunda Trading Centre
Blantyre|Somba|Chamba
Blantyre|Somba|Chapuka
Blantyre|Somba|Chasemphana
Blantyre|Somba|Chawanja
Blantyre|Somba|ChazundaTrading Centre
Blantyre|Somba|Chikalema
Blantyre|Somba|Chikoja
Blantyre|Somba|Chikunje
Blantyre|Somba|Chilunduka
Blantyre|Somba|Chimala
Blantyre|Somba|Chimbona
Blantyre|Somba|Chim'bona
Blantyre|Somba|Chimwamba
Blantyre|Somba|Chimwanga
Blantyre|Somba|Chingota
Blantyre|Somba|Chingwalu Pemba
Blantyre|Somba|Chitimbe
Blantyre|Somba|Chiwewe
Blantyre|Somba|Chule
Blantyre|Somba|Chunga (B)
Blantyre|Somba|Chunga( A)
Blantyre|Somba|Chunga( C)
Blantyre|Somba|Dancan( A)
Blantyre|Somba|David Livingstone
Blantyre|Somba|Disi Lundu
Blantyre|Somba|Enos Kachulu
Blantyre|Somba|Gombe
Blantyre|Somba|Jana
Blantyre|Somba|Jiya
Blantyre|Somba|Jiya (B)
Blantyre|Somba|Jiya( C)
Blantyre|Somba|John Tun'gande
Blantyre|Somba|Josamu
Blantyre|Somba|Juma
Blantyre|Somba|Jumbe
Blantyre|Somba|K.Malanga
Blantyre|Somba|Kabango
Blantyre|Somba|Kajiya
Blantyre|Somba|Kakodwa
Blantyre|Somba|Kalitsiro
Blantyre|Somba|Kalolo
Blantyre|Somba|Kaloya
Blantyre|Somba|Kambalame
Blantyre|Somba|Kantimbanya
Blantyre|Somba|Kantukule
Blantyre|Somba|Kanyola
Blantyre|Somba|Kapalaliza
Blantyre|Somba|Katsalam'bande
Blantyre|Somba|Kazembe
Blantyre|Somba|Khunju
Blantyre|Somba|Kokodwa
Blantyre|Somba|Kumbendera
Blantyre|Somba|Kumbokola
Blantyre|Somba|Kumwambe
Blantyre|Somba|Limosi
Blantyre|Somba|Linolo
Blantyre|Somba|Lomosi
Blantyre|Somba|Luwayo
Blantyre|Somba|Luwemba
Blantyre|Somba|M.Khudu
Blantyre|Somba|Mabala
Blantyre|Somba|Maganga
Blantyre|Somba|Maganga( C)
Blantyre|Somba|Makalani
Blantyre|Somba|Makanjila
Blantyre|Somba|Makanyana
Blantyre|Somba|Makanyana( C)
Blantyre|Somba|Makanyana(B)
Blantyre|Somba|Malekano
Blantyre|Somba|Malekwa
Blantyre|Somba|Malonga
Blantyre|Somba|Malowa
Blantyre|Somba|Mandevu
Blantyre|Somba|Manes Magombo
Blantyre|Somba|Mang'ama
Blantyre|Somba|Manyenje
Blantyre|Somba|Matalala
Blantyre|Somba|Matowa
Blantyre|Somba|Mbame Estate
Blantyre|Somba|Mbinda
Blantyre|Somba|Mboma( A)
Blantyre|Somba|Mboma( B)
Blantyre|Somba|Mboola
Blantyre|Somba|Milare Forest Camp
Blantyre|Somba|Mingole
Blantyre|Somba|Mkoka
Blantyre|Somba|Mkwapatira
Blantyre|Somba|Mkwapatira( A)
Blantyre|Somba|Mlanga
Blantyre|Somba|M'manga
Blantyre|Somba|Mpagaja
Blantyre|Somba|Mphande
Blantyre|Somba|Msomba II
Blantyre|Somba|Mtelera
Blantyre|Somba|Mtuta
Blantyre|Somba|Muheku
Blantyre|Somba|Muleso
Blantyre|Somba|Muluwa Kamundi
Blantyre|Somba|Mwamadi
Blantyre|Somba|Mwambula
Blantyre|Somba|Mwandika
Blantyre|Somba|Mwangata
Blantyre|Somba|Mwangata (C)
Blantyre|Somba|Mwembere
Blantyre|Somba|Mwengo
Blantyre|Somba|Mzeru
Blantyre|Somba|Nambanja
Blantyre|Somba|Nankumba
Blantyre|Somba|Nasiyaya
Blantyre|Somba|Ndile
Blantyre|Somba|Nguku
Blantyre|Somba|Njoloma
Blantyre|Somba|Njoloma( C)
Blantyre|Somba|Njoloma(B)
Blantyre|Somba|Njolomole
Blantyre|Somba|Njolomole(A)
Blantyre|Somba|Njowe
Blantyre|Somba|Njowe II
Blantyre|Somba|Nkhalamba
Blantyre|Somba|Nkhalamba( A)
Blantyre|Somba|Nloleje
Blantyre|Somba|Ntchembere
Blantyre|Somba|Ntonda
Blantyre|Somba|Nyamazani
Blantyre|Somba|Pasonje
Blantyre|Somba|Reuben Funsani
Blantyre|Somba|Sanganiza
Blantyre|Somba|Sankhani Kuloya
Blantyre|Somba|Sankweche
Blantyre|Somba|Sikoti
Blantyre|Somba|Simion Mtambo
Blantyre|Somba|Solomoni
Blantyre|Somba|Somanje
Blantyre|Somba|Somba
Blantyre|Somba|Somba I
Blantyre|Somba|Somba II ( C)
Blantyre|Somba|Somba II (D)
Blantyre|Somba|Sukali
Blantyre|Somba|Suweji
Blantyre|Somba|Talemba
Blantyre|Somba|Tambala
Blantyre|Somba|Tom Mpelela
Blantyre|Somba|Wailesi
Blantyre|Somba|Zonsezi
Blantyre City|Bangwe Ward|Bangwe Township
Blantyre City|Bangwe Ward|Minyanga
Blantyre City|Bangwe Ward|Mwamadi
Blantyre City|Bangwe Ward|Naluso
Blantyre City|Bangwe Ward|Wisiki
Blantyre City|Blantrye Central Ward|Blantyre Central
Blantyre City|Blantrye Central Ward|Catholic Institute
Blantyre City|Blantrye Central Ward|Mandala
Blantyre City|Blantrye Central Ward|Mount Pleasant
Blantyre City|Blantrye Central Ward|Napeli
Blantyre City|Blantrye Central Ward|New Napeli
Blantyre City|Blantrye East Ward|Chichiri
Blantyre City|Blantrye East Ward|Ginnery Corner
Blantyre City|Blantrye East Ward|Mandala A
Blantyre City|Blantyre West Ward|Kampala
Blantyre City|Blantyre West Ward|Kausiwa
Blantyre City|Blantyre West Ward|Manase
Blantyre City|Blantyre West Ward|Martin
Blantyre City|Blantyre West Ward|Namiwawa
Blantyre City|Blantyre West Ward|Sumani
Blantyre City|Blantyre West Ward|SunnySide A
Blantyre City|Blantyre West Ward|Sunnyside B
Blantyre City|Blantyre West Ward|Wisikesi
Blantyre City|Chichiri Ward|Chichiri
Blantyre City|Chichiri Ward|Kanjedza
Blantyre City|Chichiri Ward|Limbe
Blantyre City|Chichiri Ward|Mpingwe
Blantyre City|Chichiri Ward|Mudi
Blantyre City|Chichiri Ward|Mudi Forest Reser
Blantyre City|Chigumula Ward|Bandawe
Blantyre City|Chigumula Ward|Chigumula Location
Blantyre City|Chigumula Ward|Chigumula Trading Centre
Blantyre City|Chigumula Ward|Chilemba
Blantyre City|Chigumula Ward|Chinganda
Blantyre City|Chigumula Ward|Chipanda
Blantyre City|Chigumula Ward|Chiswe
Blantyre City|Chigumula Ward|Comforzi Estate
Blantyre City|Chigumula Ward|Kafupa
Blantyre City|Chigumula Ward|Kanjanga
Blantyre City|Chigumula Ward|Likotima
Blantyre City|Chigumula Ward|Mbayambaya Farm
Blantyre City|Chigumula Ward|Mboma
Blantyre City|Chigumula Ward|M'maliha
Blantyre City|Chigumula Ward|Mnyaka
Blantyre City|Chigumula Ward|Mpunga
Blantyre City|Chigumula Ward|Mtambo
Blantyre City|Chigumula Ward|Nangumi
Blantyre City|Chigumula Ward|Ndogolo
Blantyre City|Chigumula Ward|Nkaipa
Blantyre City|Chigumula Ward|Nyaka
Blantyre City|Chigumula Ward|Press Farm Estate
Blantyre City|Chigumula Ward|Sumbuleta
Blantyre City|Chilomoni Ward|Chilomoni
Blantyre City|Chilomoni Ward|Nthupwa
Blantyre City|Likhubula Ward|Chibwana
Blantyre City|Likhubula Ward|Maxwel Chibwana
Blantyre City|Likhubula Ward|Mbayani
Blantyre City|Likhubula Ward|Musa
Blantyre City|Likhubula Ward|Musa Magasa
Blantyre City|Likhubula Ward|Namiwawa Location
Blantyre City|Likhubula Ward|Suya
Blantyre City|Limbe Central Ward|Che Mbona
Blantyre City|Limbe Central Ward|Chiwembe
Blantyre City|Limbe East Ward|B.C.A
Blantyre City|Limbe East Ward|B.C.A.
Blantyre City|Limbe East Ward|B.C.A.Lines A
Blantyre City|Limbe East Ward|Chilumba
Blantyre City|Limbe East Ward|Limbe
Blantyre City|Limbe East Ward|Mabvuto Branch Location
Blantyre City|Limbe East Ward|Mbayani
Blantyre City|Limbe East Ward|M'bona
Blantyre City|Limbe East Ward|Mpingwe Location
Blantyre City|Limbe East Ward|Mthandizi
Blantyre City|Limbe East Ward|Mtopwa
Blantyre City|Limbe East Ward|Mtopwa A
Blantyre City|Limbe East Ward|Mtopwa B
Blantyre City|Limbe East Ward|Namatapa
Blantyre City|Limbe East Ward|NewLands
Blantyre City|Limbe East Ward|Ntopwa
Blantyre City|Limbe West Ward|Angelo Goveya Location
Blantyre City|Limbe West Ward|Chinyonga Location
Blantyre City|Limbe West Ward|Kanjedza
Blantyre City|Limbe West Ward|Kanjedza Location
Blantyre City|Mapanga Ward|Andrew
Blantyre City|Mapanga Ward|Andrew C
Blantyre City|Mapanga Ward|Andrews
Blantyre City|Mapanga Ward|Andrews B
Blantyre City|Mapanga Ward|Chauwa A
Blantyre City|Mapanga Ward|Chisenjere Farm
Blantyre City|Mapanga Ward|Chiwere B
Blantyre City|Mapanga Ward|Chuwa B
Blantyre City|Mapanga Ward|Gong'onda
Blantyre City|Mapanga Ward|January
Blantyre City|Mapanga Ward|Kachere
Blantyre City|Mapanga Ward|Kachere B
Blantyre City|Mapanga Ward|Kachere D
Blantyre City|Mapanga Ward|Magombo
Blantyre City|Mapanga Ward|Maone
Blantyre City|Mapanga Ward|Mapanga Estate
Blantyre City|Mapanga Ward|Mapanga Farm
Blantyre City|Mapanga Ward|Mwalija
Blantyre City|Mapanga Ward|Mwalija A
Blantyre City|Mapanga Ward|Namikonga Farm
Blantyre City|Mapanga Ward|Sable Coffee Farm
Blantyre City|Mapanga Ward|Tafatatha Farm
Blantyre City|Mapanga Ward|Wasili Njilika
Blantyre City|Michiru Ward|Chatha
Blantyre City|Michiru Ward|Chilimba
Blantyre City|Michiru Ward|Kameza
Blantyre City|Michiru Ward|Malunga
Blantyre City|Michiru Ward|Mbuka
Blantyre City|Michiru Ward|Mdala
Blantyre City|Michiru Ward|Mwachande
Blantyre City|Michiru Ward|Namonde
Blantyre City|Michiru Ward|Sukachama
Blantyre City|Michiru Ward|Suya
Blantyre City|Misesa Ward|Buleya Kapeni
Blantyre City|Misesa Ward|Chiwembe
Blantyre City|Misesa Ward|Kapichi
Blantyre City|Misesa Ward|Kumwembe
Blantyre City|Misesa Ward|Macheso
Blantyre City|Misesa Ward|Malizani
Blantyre City|Misesa Ward|Mbengwe
Blantyre City|Misesa Ward|Misesa
Blantyre City|Misesa Ward|Mjambe
Blantyre City|Misesa Ward|Mselemu
Blantyre City|Misesa Ward|Ohiwembe
Blantyre City|Msamba Ward|Ching'anda
Blantyre City|Msamba Ward|Mgalamadzi
Blantyre City|Msamba Ward|Mmaliha
Blantyre City|Msamba Ward|Mtenje
Blantyre City|Msamba Ward|Mwandama
Blantyre City|Msamba Ward|Nachamba
Blantyre City|Msamba Ward|Namaaru
Blantyre City|Mzedi Ward|Butao
Blantyre City|Mzedi Ward|Kampani
Blantyre City|Mzedi Ward|Mapira
Blantyre City|Mzedi Ward|Mathuli
Blantyre City|Mzedi Ward|Mbalame
Blantyre City|Mzedi Ward|Moto
Blantyre City|Mzedi Ward|Mphanyiwa
Blantyre City|Mzedi Ward|Mphepo
Blantyre City|Mzedi Ward|Msogoja
Blantyre City|Mzedi Ward|Mwamadi
Blantyre City|Mzedi Ward|Namboya
Blantyre City|Mzedi Ward|Nkhukuteni
Blantyre City|Mzedi Ward|Sadiki
Blantyre City|Namiyango Ward|Chilambe
Blantyre City|Namiyango Ward|Gomanjila
Blantyre City|Namiyango Ward|Lisanjala Estate
Blantyre City|Namiyango Ward|Maganga
Blantyre City|Namiyango Ward|Masala
Blantyre City|Namiyango Ward|Masala B
Blantyre City|Namiyango Ward|Mondiwa Location
Blantyre City|Namiyango Ward|Namiyango Location
Blantyre City|Namiyango Ward|William
Blantyre City|Nancholi Ward|Baluti
Blantyre City|Nancholi Ward|Bizimark
Blantyre City|Nancholi Ward|Chimile
Blantyre City|Nancholi Ward|Daniel
Blantyre City|Nancholi Ward|Mkhoma
Blantyre City|Nancholi Ward|Mkoka
Blantyre City|Nancholi Ward|Monjeza
Blantyre City|Nancholi Ward|Mzeru
Blantyre City|Nancholi Ward|Sumani
Blantyre City|Ndirande North Ward|Gamulani
Blantyre City|Ndirande South Ward|Chakana
Blantyre City|Ndirande South Ward|Chakana A
Blantyre City|Ndirande South Ward|Chakana C
Blantyre City|Ndirande South Ward|Chakana D
Blantyre City|Ndirande South Ward|Chakana F
Blantyre City|Ndirande South Ward|Chakana M
Blantyre City|Ndirande South Ward|Chinseu Location
Blantyre City|Ndirande South Ward|Makata A
Blantyre City|Ndirande South Ward|Makata B
Blantyre City|Ndirande South Ward|Makata C
Blantyre City|Ndirande South Ward|Makata D
Blantyre City|Ndirande South Ward|Makata E
Blantyre City|Ndirande South Ward|Makata F
Blantyre City|Ndirande South Ward|Makata G
Blantyre City|Ndirande South Ward|Makata H
Blantyre City|Ndirande South Ward|Makata I
Blantyre City|Ndirande South Ward|Makata K
Blantyre City|Ndirande South Ward|Makata L
Blantyre City|Ndirande South Ward|Makata N
Blantyre City|Ndirande South Ward|Matope
Blantyre City|Ndirande South Ward|Matope P
Blantyre City|Ndirande South Ward|Mpembu
Blantyre City|Ndirande South Ward|Mtambalika
Blantyre City|Ndirande South Ward|Mulanga Location
Blantyre City|Ndirande South Ward|Ndirande Forest Reserve'009
Blantyre City|Ndirande South Ward|New lines Location
Blantyre City|Ndirande South Ward|Ntambalika
Blantyre City|Ndirande West Ward|Chilimba
Blantyre City|Ndirande West Ward|Gamulani
Blantyre City|Ndirande West Ward|Gamulani Majig
Blantyre City|Ndirande West Ward|Gamulani Majiga
Blantyre City|Ndirande West Ward|Magalasi
Blantyre City|Ndirande West Ward|Mulanga
Blantyre City|Ndirande West Ward|Mulanga B
Blantyre City|Ndirande West Ward|Ndirande Lines
Blantyre City|Ndirande West Ward|Ndirande New Lines
Blantyre City|Ndirande West Ward|Nyambadwe Lines
Blantyre City|Nkolokoti Ward|Chimpale
Blantyre City|Nkolokoti Ward|Chinupule
Blantyre City|Nkolokoti Ward|Madulira
Blantyre City|Nkolokoti Ward|Manjombe
Blantyre City|Nkolokoti Ward|Matenje
Blantyre City|Nkolokoti Ward|Mdulira
Blantyre City|Nkolokoti Ward|Mkwate
Blantyre City|Nkolokoti Ward|Mlenga
Blantyre City|Nkolokoti Ward|Mulenga
Blantyre City|Nkolokoti Ward|Nkolokoti Location
Blantyre City|Nyambadwe Ward|Chilimba
Blantyre City|Nyambadwe Ward|Mbayani
Blantyre City|Nyambadwe Ward|Nyambadwe
Blantyre City|Soche East Ward|Chitawira Location
Blantyre City|Soche East Ward|Naperi  Location
Blantyre City|Soche East Ward|Naperi Location
Blantyre City|Soche East Ward|Njamba Location
Blantyre City|Soche East Ward|Nkolokosa Location
Blantyre City|Soche West Ward|Chilobwe
Blantyre City|Soche West Ward|Chilobwe A
Blantyre City|Soche West Ward|Chilobwe B
Blantyre City|Soche West Ward|Chilobwe C
Blantyre City|Soche West Ward|Chilobwe D
Blantyre City|Soche West Ward|Chimwankhnda D
Blantyre City|Soche West Ward|Chimwankhunda
Blantyre City|Soche West Ward|Chimwankhunda IIB
Blantyre City|Soche West Ward|Chumwankhunda llA
Blantyre City|Soche West Ward|Manja
Blantyre City|Soche West Ward|Misesa
Blantyre City|Soche West Ward|Soche East
Blantyre City|Soche West Ward|Zingwangwa
Blantyre City|Soche West Ward|Zingwangwa  C
Blantyre City|Soche West Ward|Zingwangwa A
Blantyre City|Soche West Ward|Zingwangwa F
Blantyre City|Soche West Ward|Zingwangwa New Lines
Blantyre City|South Lunzu Ward|Andrasan
Blantyre City|South Lunzu Ward|Chimwaza
Blantyre City|South Lunzu Ward|Ching'amba
Blantyre City|South Lunzu Ward|Chingambo
Blantyre City|South Lunzu Ward|Chinseu
Blantyre City|South Lunzu Ward|Chiwasa
Blantyre City|South Lunzu Ward|Chiwere
Blantyre City|South Lunzu Ward|Kazembe
Blantyre City|South Lunzu Ward|Luwanda
Blantyre City|South Lunzu Ward|Machinjiri
Blantyre City|South Lunzu Ward|Machinjiri Area 2
Blantyre City|South Lunzu Ward|Mbwanda
Blantyre City|South Lunzu Ward|Mijoga
Blantyre City|South Lunzu Ward|Namilongo
Blantyre City|South Lunzu Ward|Namunde
Blantyre City|South Lunzu Ward|Nathoka
Chikwawa|Chapananga|Alufinali
Chikwawa|Chapananga|Alumenda I
Chikwawa|Chapananga|Alumenda II
Chikwawa|Chapananga|Azyuda
Chikwawa|Chapananga|Bizimoni
Chikwawa|Chapananga|Bulaundi
Chikwawa|Chapananga|Chabwezeka
Chikwawa|Chapananga|Chafudzika
Chikwawa|Chapananga|Chagaka
Chikwawa|Chapananga|Chagoma
Chikwawa|Chapananga|Chakhala
Chikwawa|Chapananga|Chakhwalala
Chikwawa|Chapananga|Chakumanika I
Chikwawa|Chapananga|Chakumanika II
Chikwawa|Chapananga|Chale
Chikwawa|Chapananga|Chaleka
Chikwawa|Chapananga|Chambakata
Chikwawa|Chapananga|Chamera
Chikwawa|Chapananga|Champsyinja
Chikwawa|Chapananga|Chamveka
Chikwawa|Chapananga|Chandile
Chikwawa|Chapananga|Changadeya
Chikwawa|Chapananga|Chang'ambika
Chikwawa|Chapananga|Changoima
Chikwawa|Chapananga|Changoima Trading Centre
Chikwawa|Chapananga|ChapanangaTrading Centre
Chikwawa|Chapananga|Chaphata
Chikwawa|Chapananga|Chasweka
Chikwawa|Chapananga|Chatenga
Chikwawa|Chapananga|Chathobwa
Chikwawa|Chapananga|Chatsamila
Chikwawa|Chapananga|Chauwa
Chikwawa|Chapananga|Chawatama
Chikwawa|Chapananga|Chaziya
Chikwawa|Chapananga|Chazuka
Chikwawa|Chapananga|Chigwata I
Chikwawa|Chapananga|Chigwata II
Chikwawa|Chapananga|Chigwelenje
Chikwawa|Chapananga|Chikungu
Chikwawa|Chapananga|Chikuni
Chikwawa|Chapananga|Chikuse
Chikwawa|Chapananga|Chikweu
Chikwawa|Chapananga|Chilandila
Chikwawa|Chapananga|Chilikha Trading Centre
Chikwawa|Chapananga|Chilinjala
Chikwawa|Chapananga|Chimphepo
Chikwawa|Chapananga|Chingetimani
Chikwawa|Chapananga|Chiphale
Chikwawa|Chapananga|Chipolopolo
Chikwawa|Chapananga|Chithumba
Chikwawa|Chapananga|Chitsumba
Chikwawa|Chapananga|Chitungwani
Chikwawa|Chapananga|Chiwaya
Chikwawa|Chapananga|Daulo
Chikwawa|Chapananga|Davide
Chikwawa|Chapananga|Dizalio
Chikwawa|Chapananga|Dzikolatha
Chikwawa|Chapananga|Dzimphonje
Chikwawa|Chapananga|Falao
Chikwawa|Chapananga|Fambauone
Chikwawa|Chapananga|Finiasi
Chikwawa|Chapananga|Fulande
Chikwawa|Chapananga|Gaga
Chikwawa|Chapananga|Gagatambo
Chikwawa|Chapananga|Gashitali
Chikwawa|Chapananga|Gola
Chikwawa|Chapananga|Gola Trading Centre
Chikwawa|Chapananga|Golonga
Chikwawa|Chapananga|Golonga Kalonga
Chikwawa|Chapananga|Guta
Chikwawa|Chapananga|GVH Imfanjao
Chikwawa|Chapananga|Gwada
Chikwawa|Chapananga|Imfanjao
Chikwawa|Chapananga|Jailosi
Chikwawa|Chapananga|Jamu
Chikwawa|Chapananga|Jasi chaphata
Chikwawa|Chapananga|Jasi Chindoko
Chikwawa|Chapananga|Jeke
Chikwawa|Chapananga|Jonamu
Chikwawa|Chapananga|Jonasi
Chikwawa|Chapananga|Joshua
Chikwawa|Chapananga|Julaye
Chikwawa|Chapananga|Kabwatika
Chikwawa|Chapananga|Kachaso
Chikwawa|Chapananga|Kachibade
Chikwawa|Chapananga|Kachikila
Chikwawa|Chapananga|Kachingwe
Chikwawa|Chapananga|Kadinga
Chikwawa|Chapananga|Kadingo
Chikwawa|Chapananga|Kakoma Trading Centre
Chikwawa|Chapananga|Kaligone
Chikwawa|Chapananga|Kalima
Chikwawa|Chapananga|Kalimanjela
Chikwawa|Chapananga|Kalinjala
Chikwawa|Chapananga|Kalu
Chikwawa|Chapananga|Kampani
Chikwawa|Chapananga|Kampomo
Chikwawa|Chapananga|Kamzimbi
Chikwawa|Chapananga|Kandikole
Chikwawa|Chapananga|Kaning'a
Chikwawa|Chapananga|Kanpioni
Chikwawa|Chapananga|Kanyongolo
Chikwawa|Chapananga|Kanzimbi
Chikwawa|Chapananga|Kashoni
Chikwawa|Chapananga|Kawiliza
Chikwawa|Chapananga|Khembo
Chikwawa|Chapananga|Khundile
Chikwawa|Chapananga|Kodo
Chikwawa|Chapananga|Kubalalika I
Chikwawa|Chapananga|Kubalalika II
Chikwawa|Chapananga|Kuntola
Chikwawa|Chapananga|Kunyondo
Chikwawa|Chapananga|Kusaya
Chikwawa|Chapananga|Kuwani
Chikwawa|Chapananga|Lami
Chikwawa|Chapananga|Lazalo
Chikwawa|Chapananga|Ledala
Chikwawa|Chapananga|Lingawa
Chikwawa|Chapananga|Liston
Chikwawa|Chapananga|Lundu I
Chikwawa|Chapananga|Madera
Chikwawa|Chapananga|Madeu
Chikwawa|Chapananga|Magret
Chikwawa|Chapananga|Makina
Chikwawa|Chapananga|Malongazyombo
Chikwawa|Chapananga|Maluwati
Chikwawa|Chapananga|Mandalade
Chikwawa|Chapananga|Mandalade I
Chikwawa|Chapananga|Mandalade II
Chikwawa|Chapananga|Mandauka
Chikwawa|Chapananga|Mandimu
Chikwawa|Chapananga|Mangulenje
Chikwawa|Chapananga|Manjolo
Chikwawa|Chapananga|Mankhokwe
Chikwawa|Chapananga|Masamba
Chikwawa|Chapananga|Masavula
Chikwawa|Chapananga|Masaza
Chikwawa|Chapananga|Matchayasimbi
Chikwawa|Chapananga|Mbalekana
Chikwawa|Chapananga|Mbuzi
Chikwawa|Chapananga|Mchenga
Chikwawa|Chapananga|Mchingula
Chikwawa|Chapananga|Mchiza
Chikwawa|Chapananga|Mdyamizu
Chikwawa|Chapananga|Mdzachi
Chikwawa|Chapananga|M'dziwenji
Chikwawa|Chapananga|Mindanti
Chikwawa|Chapananga|Misomali
Chikwawa|Chapananga|Mkanyoza
Chikwawa|Chapananga|Moses
Chikwawa|Chapananga|Mpasu
Chikwawa|Chapananga|Mphapa
Chikwawa|Chapananga|Mphuka
Chikwawa|Chapananga|Mpukuta
Chikwawa|Chapananga|Msaliva
Chikwawa|Chapananga|Msaliva I
Chikwawa|Chapananga|Msaliva II
Chikwawa|Chapananga|Msiyamphanje
Chikwawa|Chapananga|Mtemela
Chikwawa|Chapananga|Mtitima
Chikwawa|Chapananga|Mtseka
Chikwawa|Chapananga|Mulangeni
Chikwawa|Chapananga|Mulivi
Chikwawa|Chapananga|Muonda
Chikwawa|Chapananga|Muyambusa
Chikwawa|Chapananga|Mvala
Chikwawa|Chapananga|Mvula
Chikwawa|Chapananga|Mvula II
Chikwawa|Chapananga|Nchingula
Chikwawa|Chapananga|Ndakwera
Chikwawa|Chapananga|Ndakwera Trading Centre
Chikwawa|Chapananga|Ndeule
Chikwawa|Chapananga|Nkadana
Chikwawa|Chapananga|Nkhalamba
Chikwawa|Chapananga|Nkhongono
Chikwawa|Chapananga|Nkhutche
Chikwawa|Chapananga|Nobvu II
Chikwawa|Chapananga|Nota
Chikwawa|Chapananga|Novu
Chikwawa|Chapananga|Ntamanja
Chikwawa|Chapananga|Ntonthola
Chikwawa|Chapananga|Nyambo
Chikwawa|Chapananga|Paiva
Chikwawa|Chapananga|Panganani
Chikwawa|Chapananga|Phwadzi
Chikwawa|Chapananga|Phwadzi Trading Centre
Chikwawa|Chapananga|Pyikado
Chikwawa|Chapananga|Rodreck
Chikwawa|Chapananga|Sezu
Chikwawa|Chapananga|Sila
Chikwawa|Chapananga|Silimau
Chikwawa|Chapananga|Simonzi
Chikwawa|Chapananga|Singano
Chikwawa|Chapananga|Sinoya
Chikwawa|Chapananga|Siyali
Chikwawa|Chapananga|Steven
Chikwawa|Chapananga|Suweni
Chikwawa|Chapananga|Tadzerankhani
Chikwawa|Chapananga|Tafatatha
Chikwawa|Chapananga|Thamba
Chikwawa|Chapananga|Thimu
Chikwawa|Chapananga|Thomasi
Chikwawa|Chapananga|Tifelakweni
Chikwawa|Chapananga|Timbenao I
Chikwawa|Chapananga|Timbenao II
Chikwawa|Chapananga|Tokhwe
Chikwawa|Chapananga|Tomali Trading Centre
Chikwawa|Chapananga|Tombondera
Chikwawa|Chapananga|Tsiku
Chikwawa|Chapananga|Winji
Chikwawa|Chapananga|Zabuka
Chikwawa|Chapananga|Zalela
Chikwawa|Chapananga|Zuze
Chikwawa|Chapananga|Zyoya
Chikwawa|Chikwawa Boma|Chikwawa Town
Chikwawa|Chikwawa Boma|Chikwawa Trading Centre
Chikwawa|Chikwawa Boma|Ling'awa
Chikwawa|Chikwawa Boma|Mbenderana
Chikwawa|Kasisi|Belo
Chikwawa|Kasisi|Bwalo
Chikwawa|Kasisi|Chabvala
Chikwawa|Kasisi|Chabvala Misengo
Chikwawa|Kasisi|Chadula
Chikwawa|Kasisi|Chakanila
Chikwawa|Kasisi|Chikhambi
Chikwawa|Kasisi|Chiphazi
Chikwawa|Kasisi|Chipula
Chikwawa|Kasisi|Dzinkhwende
Chikwawa|Kasisi|Fombe
Chikwawa|Kasisi|Gogo
Chikwawa|Kasisi|Imbwa
Chikwawa|Kasisi|Jakobo
Chikwawa|Kasisi|Kajawo I
Chikwawa|Kasisi|Kajawo II
Chikwawa|Kasisi|Kaloga
Chikwawa|Kasisi|Kandeu
Chikwawa|Kasisi|Kandeu II
Chikwawa|Kasisi|Kandiya
Chikwawa|Kasisi|Kanjala
Chikwawa|Kasisi|Kapichira
Chikwawa|Kasisi|Kavalo I
Chikwawa|Kasisi|Kavalo II
Chikwawa|Kasisi|Kela
Chikwawa|Kasisi|Kholomani
Chikwawa|Kasisi|Khumbulani
Chikwawa|Kasisi|Khwicho
Chikwawa|Kasisi|Likongwe
Chikwawa|Kasisi|Liwonde
Chikwawa|Kasisi|Mafunga
Chikwawa|Kasisi|Magalasi
Chikwawa|Kasisi|Maganga
Chikwawa|Kasisi|Maganga II
Chikwawa|Kasisi|Malombe
Chikwawa|Kasisi|Mbuyao
Chikwawa|Kasisi|Medramu
Chikwawa|Kasisi|Mlangeni
Chikwawa|Kasisi|Mpangeni
Chikwawa|Kasisi|Mphatika
Chikwawa|Kasisi|Mtwana
Chikwawa|Kasisi|Mwalija
Chikwawa|Kasisi|Namila
Chikwawa|Kasisi|Nchembere
Chikwawa|Kasisi|Njereza
Chikwawa|Kasisi|Nkhwangwa
Chikwawa|Kasisi|Nyozelera
Chikwawa|Kasisi|Padzuwa
Chikwawa|Kasisi|Palato
Chikwawa|Kasisi|Pende
Chikwawa|Kasisi|Puti
Chikwawa|Kasisi|Rauchi
Chikwawa|Kasisi|Sekera
Chikwawa|Kasisi|Thabwa Trading centre
Chikwawa|Kasisi|Ulira
Chikwawa|Katunga|Benito
Chikwawa|Katunga|Chapasuka
Chikwawa|Katunga|Chikalumpha
Chikwawa|Katunga|Chikole
Chikwawa|Katunga|Chinangwa
Chikwawa|Katunga|Dyeratu Trading Centre
Chikwawa|Katunga|Issa
Chikwawa|Katunga|John
Chikwawa|Katunga|Julius
Chikwawa|Katunga|Kabudula
Chikwawa|Katunga|Kapasule
Chikwawa|Katunga|Kaputeni
Chikwawa|Katunga|Khumbulani
Chikwawa|Katunga|Lauji
Chikwawa|Katunga|Liwonde
Chikwawa|Katunga|Matumula
Chikwawa|Katunga|Mfela Trading Centre
Chikwawa|Katunga|Migano
Chikwawa|Katunga|Mologeni
Chikwawa|Katunga|Mpokonyola
Chikwawa|Katunga|Mvula
Chikwawa|Katunga|Mwita
Chikwawa|Katunga|Namacha
Chikwawa|Katunga|Nedi
Chikwawa|Katunga|Nsanje
Chikwawa|Katunga|Ntombosola
Chikwawa|Katunga|Nyaphota
Chikwawa|Katunga|Patalao
Chikwawa|Katunga|Salumeji
Chikwawa|Katunga|Siseo I
Chikwawa|Katunga|Siseo II
Chikwawa|Katunga|Supuni
Chikwawa|Katunga|Tambo
Chikwawa|Katunga|Thukuta
Chikwawa|Katunga|Tizola
Chikwawa|Katunga|Two Boy
Chikwawa|Katunga|William
Chikwawa|Lundu|Biasi
Chikwawa|Lundu|Billiati Fellow
Chikwawa|Lundu|Bonkies Villa
Chikwawa|Lundu|Chabuka
Chikwawa|Lundu|Chipakuza
Chikwawa|Lundu|Fote
Chikwawa|Lundu|Ingazi
Chikwawa|Lundu|Kalulu Compound
Chikwawa|Lundu|Kalulu Trading Centre
Chikwawa|Lundu|Kanseche
Chikwawa|Lundu|Kutulo I
Chikwawa|Lundu|Kutulo II
Chikwawa|Lundu|Lengwe Compound
Chikwawa|Lundu|Lengwe N. Park Main Compound
Chikwawa|Lundu|Mafale
Chikwawa|Lundu|Malemia
Chikwawa|Lundu|Mangulenje Compound
Chikwawa|Lundu|Mlambe Compound
Chikwawa|Lundu|Mphampha
Chikwawa|Lundu|Mwakula Mwaona
Chikwawa|Lundu|Mwanza
Chikwawa|Lundu|Mwanza Compound
Chikwawa|Lundu|Namachuwa
Chikwawa|Lundu|Nchalo
Chikwawa|Lundu|Nchalo D compound
Chikwawa|Lundu|Nchalo Trading Centre
Chikwawa|Lundu|Ndirande Compound
Chikwawa|Lundu|Nkhabeka
Chikwawa|Lundu|Nkombezi Compound
Chikwawa|Lundu|Nsika wa Njala Trading Centre
Chikwawa|Lundu|Nyamphota
Chikwawa|Lundu|Pangilesi
Chikwawa|Lundu|Sekeni
Chikwawa|Lundu|SUCOMA
Chikwawa|Lundu|SUCOMA A Compound
Chikwawa|Lundu|SUCOMA Factory Village
Chikwawa|Lundu|SUCOMA New Farm Village
Chikwawa|Lundu|Thom
Chikwawa|Lundu|Tizola
Chikwawa|Lundu|Tomali
Chikwawa|Lundu|Zilonzo
Chikwawa|Makhuwira|Anasi
Chikwawa|Makhuwira|Bodza
Chikwawa|Makhuwira|Buzani
Chikwawa|Makhuwira|Bzilozo (TA Lundu)
Chikwawa|Makhuwira|Chafulumila
Chikwawa|Makhuwira|Chagambatuka
Chikwawa|Makhuwira|Chakhumbila
Chikwawa|Makhuwira|Chapwantha
Chikwawa|Makhuwira|Chibandwa
Chikwawa|Makhuwira|Chikadza
Chikwawa|Makhuwira|Chikuse
Chikwawa|Makhuwira|Chipakuza (TA Lundu)
Chikwawa|Makhuwira|Chisanu
Chikwawa|Makhuwira|Chisanu I
Chikwawa|Makhuwira|Chisanu II
Chikwawa|Makhuwira|Chitsa
Chikwawa|Makhuwira|Chizimbi Trading Centre
Chikwawa|Makhuwira|Diwa
Chikwawa|Makhuwira|Dwanya
Chikwawa|Makhuwira|Gangu
Chikwawa|Makhuwira|Gusu
Chikwawa|Makhuwira|Gwirabondo
Chikwawa|Makhuwira|Jana
Chikwawa|Makhuwira|Jimu Ng'anga
Chikwawa|Makhuwira|Kadyamwano
Chikwawa|Makhuwira|Kalaundi
Chikwawa|Makhuwira|Kaliati
Chikwawa|Makhuwira|Kaliati (VH Savala)
Chikwawa|Makhuwira|Kamoto
Chikwawa|Makhuwira|Kandiero
Chikwawa|Makhuwira|Kanyimbiri
Chikwawa|Makhuwira|Kapota( TA Changata)
Chikwawa|Makhuwira|Kasambwe
Chikwawa|Makhuwira|Kasokeza
Chikwawa|Makhuwira|Kavalo
Chikwawa|Makhuwira|Khirichi
Chikwawa|Makhuwira|Kubalalika
Chikwawa|Makhuwira|Kumisale
Chikwawa|Makhuwira|Kusakala
Chikwawa|Makhuwira|Lazalo
Chikwawa|Makhuwira|Leza
Chikwawa|Makhuwira|Livunzu Trading Centre
Chikwawa|Makhuwira|Machokola
Chikwawa|Makhuwira|Mafumbi
Chikwawa|Makhuwira|Mafunga
Chikwawa|Makhuwira|Makhula
Chikwawa|Makhuwira|Makwiza
Chikwawa|Makhuwira|Malata
Chikwawa|Makhuwira|Mandere
Chikwawa|Makhuwira|Maperera Trading Centre
Chikwawa|Makhuwira|Masenjere Trading Centre
Chikwawa|Makhuwira|Matimati
Chikwawa|Makhuwira|Mazongoza
Chikwawa|Makhuwira|Mchipeta
Chikwawa|Makhuwira|Mfunde
Chikwawa|Makhuwira|Mitambo
Chikwawa|Makhuwira|Mitawe
Chikwawa|Makhuwira|Mitengo
Chikwawa|Makhuwira|M'modzi
Chikwawa|Makhuwira|Mpama
Chikwawa|Makhuwira|Mpangowalimba
Chikwawa|Makhuwira|Mpingasa
Chikwawa|Makhuwira|Mpwaila
Chikwawa|Makhuwira|Muchacha
Chikwawa|Makhuwira|Muleza
Chikwawa|Makhuwira|Mwanayaya
Chikwawa|Makhuwira|Mwiza
Chikwawa|Makhuwira|Nantusi
Chikwawa|Makhuwira|Nchacha
Chikwawa|Makhuwira|Nchipeta
Chikwawa|Makhuwira|Ndigwirabondo(TA Changata)
Chikwawa|Makhuwira|Ndombo
Chikwawa|Makhuwira|Nkhaka (TA Changata)
Chikwawa|Makhuwira|Nkhate Trading Centre
Chikwawa|Makhuwira|Nota
Chikwawa|Makhuwira|Nthenda
Chikwawa|Makhuwira|Nyalugwe
Chikwawa|Makhuwira|Nyambalo
Chikwawa|Makhuwira|Nyangu
Chikwawa|Makhuwira|Nyangu Trading Centre
Chikwawa|Makhuwira|Nyaulombo
Chikwawa|Makhuwira|Phali
Chikwawa|Makhuwira|Savala
Chikwawa|Makhuwira|Singano
Chikwawa|Makhuwira|Thawani
Chikwawa|Makhuwira|Thedzi
Chikwawa|Makhuwira|Thopoloni
Chikwawa|Makhuwira|Ulaya
Chikwawa|Makhuwira|Wilson
Chikwawa|Makhuwira|Zing'ando
Chikwawa|Maseya|Andreya
Chikwawa|Maseya|Baison
Chikwawa|Maseya|Beleu
Chikwawa|Maseya|Beleu Trading Centre
Chikwawa|Maseya|Chambuluka
Chikwawa|Maseya|Chiromo
Chikwawa|Maseya|Chitsulo
Chikwawa|Maseya|Dzilipaine
Chikwawa|Maseya|Dzimphutsi
Chikwawa|Maseya|Dziwazina
Chikwawa|Maseya|Feremu
Chikwawa|Maseya|Frank
Chikwawa|Maseya|Izeki
Chikwawa|Maseya|James
Chikwawa|Maseya|John
Chikwawa|Maseya|Josephy
Chikwawa|Maseya|Kadzumba
Chikwawa|Maseya|Kalima
Chikwawa|Maseya|Kaphiri
Chikwawa|Maseya|Katemalinga
Chikwawa|Maseya|Kwataine
Chikwawa|Maseya|Machona
Chikwawa|Maseya|Maide
Chikwawa|Maseya|Makhwatha
Chikwawa|Maseya|Matekenya
Chikwawa|Maseya|M'bande
Chikwawa|Maseya|Mikanzo
Chikwawa|Maseya|Misili
Chikwawa|Maseya|Mloba Trading Centre
Chikwawa|Maseya|Mpeko
Chikwawa|Maseya|Mukholi
Chikwawa|Maseya|Muyaya
Chikwawa|Maseya|Mwasiya
Chikwawa|Maseya|Namatchuwa
Chikwawa|Maseya|Ng'ombe
Chikwawa|Maseya|Nkata
Chikwawa|Maseya|Nkwana
Chikwawa|Maseya|Nnenenji
Chikwawa|Maseya|Ntondeza
Chikwawa|Maseya|Nyamphota
Chikwawa|Maseya|Paulosi
Chikwawa|Maseya|Samu
Chikwawa|Maseya|Sande I
Chikwawa|Maseya|Sande II
Chikwawa|Maseya|Solomoni
Chikwawa|Maseya|Tomali
Chikwawa|Maseya|Tome
Chikwawa|Maseya|Zimola
Chikwawa|Ngabu|Aligundiya
Chikwawa|Ngabu|Alindiamao
Chikwawa|Ngabu|Alufandika
Chikwawa|Ngabu|Alumenda
Chikwawa|Ngabu|Andiseni
Chikwawa|Ngabu|Anthuachenu
Chikwawa|Ngabu|Balala
Chikwawa|Ngabu|Balisoni
Chikwawa|Ngabu|Basiyawo
Chikwawa|Ngabu|Batison Nsanjama
Chikwawa|Ngabu|Bauti
Chikwawa|Ngabu|Beka
Chikwawa|Ngabu|Belethe
Chikwawa|Ngabu|Belo
Chikwawa|Ngabu|Bilisimu
Chikwawa|Ngabu|Billey
Chikwawa|Ngabu|Binya
Chikwawa|Ngabu|Biyala
Chikwawa|Ngabu|Bizeki
Chikwawa|Ngabu|Bizeki Nkhwangwa II
Chikwawa|Ngabu|Black
Chikwawa|Ngabu|Buba
Chikwawa|Ngabu|Bulasha
Chikwawa|Ngabu|Buneta
Chikwawa|Ngabu|Butiza
Chikwawa|Ngabu|Bvumbe
Chikwawa|Ngabu|Bwemba
Chikwawa|Ngabu|Chabisala
Chikwawa|Ngabu|Chaima
Chikwawa|Ngabu|Chaluma
Chikwawa|Ngabu|Chamanga I
Chikwawa|Ngabu|Chamanga II
Chikwawa|Ngabu|Chamboko
Chikwawa|Ngabu|Chambuluka
Chikwawa|Ngabu|Chamwaka
Chikwawa|Ngabu|Chang'ambika
Chikwawa|Ngabu|Chaonanjiowa
Chikwawa|Ngabu|Chapomoka I
Chikwawa|Ngabu|Chapomoka II
Chikwawa|Ngabu|Chatala
Chikwawa|Ngabu|Chathyoka
Chikwawa|Ngabu|Chaya
Chikwawa|Ngabu|Chidama
Chikwawa|Ngabu|Chideu
Chikwawa|Ngabu|Chideya
Chikwawa|Ngabu|Chifundo
Chikwawa|Ngabu|Chiguya
Chikwawa|Ngabu|Chigweshe
Chikwawa|Ngabu|Chikafa
Chikwawa|Ngabu|Chilungulira
Chikwawa|Ngabu|Chimbamila
Chikwawa|Ngabu|Chimbembe
Chikwawa|Ngabu|Chimpambana
Chikwawa|Ngabu|Chimpambana I
Chikwawa|Ngabu|Chimwala
Chikwawa|Ngabu|Chindoko I
Chikwawa|Ngabu|Chindoko II
Chikwawa|Ngabu|Chingamuka
Chikwawa|Ngabu|Ching'oma
Chikwawa|Ngabu|Chingondo I
Chikwawa|Ngabu|Chingondo II
Chikwawa|Ngabu|Chintali
Chikwawa|Ngabu|Chiphuphu
Chikwawa|Ngabu|Chipondeni
Chikwawa|Ngabu|Chipwaila
Chikwawa|Ngabu|Chipwaila I
Chikwawa|Ngabu|Chipwaila II
Chikwawa|Ngabu|Chipwepwete
Chikwawa|Ngabu|Chituwi
Chikwawa|Ngabu|Chiutale
Chikwawa|Ngabu|Chizenga
Chikwawa|Ngabu|Chokankunene
Chikwawa|Ngabu|Chokholo
Chikwawa|Ngabu|Chokwe
Chikwawa|Ngabu|Chonzi
Chikwawa|Ngabu|Clement
Chikwawa|Ngabu|Demanyondo
Chikwawa|Ngabu|Dula
Chikwawa|Ngabu|Dwaliti
Chikwawa|Ngabu|Dzenje I
Chikwawa|Ngabu|Dzenje II
Chikwawa|Ngabu|Dzilonzo
Chikwawa|Ngabu|Dzongwe
Chikwawa|Ngabu|Dzosuma
Chikwawa|Ngabu|Etelo
Chikwawa|Ngabu|Finish
Chikwawa|Ngabu|Foday
Chikwawa|Ngabu|Fraction
Chikwawa|Ngabu|Fuleti
Chikwawa|Ngabu|Ganamba
Chikwawa|Ngabu|Ganizani
Chikwawa|Ngabu|Gogo
Chikwawa|Ngabu|Goma
Chikwawa|Ngabu|Gonda
Chikwawa|Ngabu|Gonyo
Chikwawa|Ngabu|Gonyo II
Chikwawa|Ngabu|Gopanji
Chikwawa|Ngabu|Guta
Chikwawa|Ngabu|Gwirawekha Farm
Chikwawa|Ngabu|Haji
Chikwawa|Ngabu|Hatoni
Chikwawa|Ngabu|ILOVO Alumenda Compound
Chikwawa|Ngabu|Jackson
Chikwawa|Ngabu|Jackson I
Chikwawa|Ngabu|Jailosi
Chikwawa|Ngabu|James
Chikwawa|Ngabu|Jani
Chikwawa|Ngabu|Jasi
Chikwawa|Ngabu|Jasi I
Chikwawa|Ngabu|Jasi II
Chikwawa|Ngabu|Jauma
Chikwawa|Ngabu|Jeke Blantyre
Chikwawa|Ngabu|Jekete
Chikwawa|Ngabu|Jeliati
Chikwawa|Ngabu|Jesse
Chikwawa|Ngabu|Jibson
Chikwawa|Ngabu|Jimu
Chikwawa|Ngabu|John
Chikwawa|Ngabu|John Beki
Chikwawa|Ngabu|John II
Chikwawa|Ngabu|John Ngabu
Chikwawa|Ngabu|Jojo
Chikwawa|Ngabu|Jombo
Chikwawa|Ngabu|Jombo Trading Centre
Chikwawa|Ngabu|Jondicho
Chikwawa|Ngabu|Jose
Chikwawa|Ngabu|Josi
Chikwawa|Ngabu|Julius
Chikwawa|Ngabu|Juma
Chikwawa|Ngabu|Kabona
Chikwawa|Ngabu|Kabu
Chikwawa|Ngabu|Kachipapa
Chikwawa|Ngabu|Kachitseko
Chikwawa|Ngabu|Kadakola
Chikwawa|Ngabu|Kadulira
Chikwawa|Ngabu|Kadzuwa
Chikwawa|Ngabu|Kafukiza
Chikwawa|Ngabu|Kaitano
Chikwawa|Ngabu|Kajuni
Chikwawa|Ngabu|Kalavina
Chikwawa|Ngabu|Kaliza
Chikwawa|Ngabu|Kalulu
Chikwawa|Ngabu|Kaluwa I
Chikwawa|Ngabu|Kaluwa II
Chikwawa|Ngabu|Kamba
Chikwawa|Ngabu|Kamoga
Chikwawa|Ngabu|Kamondo
Chikwawa|Ngabu|Kamphinga
Chikwawa|Ngabu|Kanaventi
Chikwawa|Ngabu|Kanchokapo
Chikwawa|Ngabu|Kanchowere
Chikwawa|Ngabu|Kandale
Chikwawa|Ngabu|Kandiero
Chikwawa|Ngabu|Kandiyelo
Chikwawa|Ngabu|Kanthunkako
Chikwawa|Ngabu|Kantsitsi
Chikwawa|Ngabu|Kapado
Chikwawa|Ngabu|Kaputeni
Chikwawa|Ngabu|Keyala
Chikwawa|Ngabu|Khaki
Chikwawa|Ngabu|Khambi
Chikwawa|Ngabu|Khembo
Chikwawa|Ngabu|Khisimisi
Chikwawa|Ngabu|Khokhwa
Chikwawa|Ngabu|Khoko
Chikwawa|Ngabu|Kholongo
Chikwawa|Ngabu|Kholosi
Chikwawa|Ngabu|Khongolo
Chikwawa|Ngabu|Khumbidzi
Chikwawa|Ngabu|Khundu
Chikwawa|Ngabu|Khungubwe
Chikwawa|Ngabu|Konzera
Chikwawa|Ngabu|Kotivu
Chikwawa|Ngabu|Kudzanji
Chikwawa|Ngabu|Kudziwa
Chikwawa|Ngabu|Kufule
Chikwawa|Ngabu|Kulidwa
Chikwawa|Ngabu|Kulima
Chikwawa|Ngabu|Kumwembe
Chikwawa|Ngabu|Kunyinda
Chikwawa|Ngabu|Kutama
Chikwawa|Ngabu|Kuyeli
Chikwawa|Ngabu|Kwadeka
Chikwawa|Ngabu|Laison
Chikwawa|Ngabu|Laiton
Chikwawa|Ngabu|Lapozo
Chikwawa|Ngabu|Lazo
Chikwawa|Ngabu|Loki
Chikwawa|Ngabu|Lole
Chikwawa|Ngabu|Lombe
Chikwawa|Ngabu|Losi
Chikwawa|Ngabu|Lunkhwe I
Chikwawa|Ngabu|Lyton Jombo II
Chikwawa|Ngabu|Machado
Chikwawa|Ngabu|Machilika
Chikwawa|Ngabu|Machokola
Chikwawa|Ngabu|Madzamanga
Chikwawa|Ngabu|Mafale
Chikwawa|Ngabu|Mafale (TA Lundu)
Chikwawa|Ngabu|Mafunga
Chikwawa|Ngabu|Mafuta
Chikwawa|Ngabu|Magalasi
Chikwawa|Ngabu|Maganizo
Chikwawa|Ngabu|Mailosi
Chikwawa|Ngabu|Makande
Chikwawa|Ngabu|Makande Trading Centre
Chikwawa|Ngabu|Makwiza
Chikwawa|Ngabu|Malemia
Chikwawa|Ngabu|Malemia (TA Lundu)
Chikwawa|Ngabu|Malemia I
Chikwawa|Ngabu|Malemia II
Chikwawa|Ngabu|Malikopo I
Chikwawa|Ngabu|Malikopo II
Chikwawa|Ngabu|Maluwati
Chikwawa|Ngabu|Maluwati I
Chikwawa|Ngabu|Mandele
Chikwawa|Ngabu|Mangadzi
Chikwawa|Ngabu|Masache
Chikwawa|Ngabu|Masanduko I
Chikwawa|Ngabu|Mathotho
Chikwawa|Ngabu|Matumba
Chikwawa|Ngabu|Mayo
Chikwawa|Ngabu|Mbalame
Chikwawa|Ngabu|M'beza
Chikwawa|Ngabu|Mbwadzi
Chikwawa|Ngabu|Mbwanda
Chikwawa|Ngabu|Mchacha
Chikwawa|Ngabu|Meja
Chikwawa|Ngabu|Melo
Chikwawa|Ngabu|Mganadi
Chikwawa|Ngabu|Mgujula
Chikwawa|Ngabu|Micheta
Chikwawa|Ngabu|Midium Denisty
Chikwawa|Ngabu|Mikunkhuza
Chikwawa|Ngabu|Miseu Four TC
Chikwawa|Ngabu|Miseu Four Trading Centre
Chikwawa|Ngabu|Misongwe
Chikwawa|Ngabu|Mkndiza
Chikwawa|Ngabu|Mose
Chikwawa|Ngabu|Moses
Chikwawa|Ngabu|Movu
Chikwawa|Ngabu|Mozesi
Chikwawa|Ngabu|Mozyenti
Chikwawa|Ngabu|Mpakula
Chikwawa|Ngabu|Mphamba
Chikwawa|Ngabu|Mphandauzi
Chikwawa|Ngabu|Mpheza
Chikwawa|Ngabu|Mphonde
Chikwawa|Ngabu|Mphungu
Chikwawa|Ngabu|Mpinganjira
Chikwawa|Ngabu|Mponya
Chikwawa|Ngabu|Mpoza
Chikwawa|Ngabu|Mpunzeni
Chikwawa|Ngabu|Mtalika
Chikwawa|Ngabu|Mtamadalo
Chikwawa|Ngabu|Mtuwa
Chikwawa|Ngabu|Mulenga
Chikwawa|Ngabu|Muloka
Chikwawa|Ngabu|Mwanaakakula
Chikwawa|Ngabu|Mwanawanjovu
Chikwawa|Ngabu|Mwatengambiri
Chikwawa|Ngabu|Mwatoma
Chikwawa|Ngabu|Mzamva
Chikwawa|Ngabu|Mzangaya
Chikwawa|Ngabu|Nambaya
Chikwawa|Ngabu|Nankumba I
Chikwawa|Ngabu|Nankumba II
Chikwawa|Ngabu|Nanseta
Chikwawa|Ngabu|Nchacha
Chikwawa|Ngabu|Nchizambalame
Chikwawa|Ngabu|Ndakhalira
Chikwawa|Ngabu|Ndaluza
Chikwawa|Ngabu|Ndampanga
Chikwawa|Ngabu|Ndandika
Chikwawa|Ngabu|Nduna
Chikwawa|Ngabu|Ngabu
Chikwawa|Ngabu|Ngabu Trading Centre
Chikwawa|Ngabu|Ngalu
Chikwawa|Ngabu|Ng'oma
Chikwawa|Ngabu|Ngondo
Chikwawa|Ngabu|Njanji
Chikwawa|Ngabu|Njobvuyalema I
Chikwawa|Ngabu|Njobvuyalema II
Chikwawa|Ngabu|Njuzi
Chikwawa|Ngabu|Nkakang'oma
Chikwawa|Ngabu|Nkhakamila
Chikwawa|Ngabu|Nkhula
Chikwawa|Ngabu|Nkhwangwa
Chikwawa|Ngabu|Nkhwazi
Chikwawa|Ngabu|Nkumaniza
Chikwawa|Ngabu|Nkumaniza Trading Centre
Chikwawa|Ngabu|Nsangwe
Chikwawa|Ngabu|Nsangwe I
Chikwawa|Ngabu|Nsangwe II
Chikwawa|Ngabu|Nsangwe Trading Centre
Chikwawa|Ngabu|Nsemba
Chikwawa|Ngabu|Nsenzi
Chikwawa|Ngabu|Nsidingo
Chikwawa|Ngabu|Nsomo
Chikwawa|Ngabu|Ntalika
Chikwawa|Ngabu|Ntanga
Chikwawa|Ngabu|Ntayamanja
Chikwawa|Ngabu|Ntembeta
Chikwawa|Ngabu|Nthumbi
Chikwawa|Ngabu|Ntopola
Chikwawa|Ngabu|Nyadeka
Chikwawa|Ngabu|Nyaekha
Chikwawa|Ngabu|Nyakaboko
Chikwawa|Ngabu|Nyakaliza
Chikwawa|Ngabu|Nyambilo
Chikwawa|Ngabu|Nyamithambo
Chikwawa|Ngabu|Nyamizinga
Chikwawa|Ngabu|Nyangu
Chikwawa|Ngabu|Nyasa
Chikwawa|Ngabu|Nyasa Singano
Chikwawa|Ngabu|Nyayekha
Chikwawa|Ngabu|Nyerezani
Chikwawa|Ngabu|Nzende
Chikwawa|Ngabu|Paiva
Chikwawa|Ngabu|Paiva II
Chikwawa|Ngabu|Parafinu
Chikwawa|Ngabu|Phalira
Chikwawa|Ngabu|Phazi
Chikwawa|Ngabu|Phinda
Chikwawa|Ngabu|Pulumelo
Chikwawa|Ngabu|Rabu
Chikwawa|Ngabu|Radi
Chikwawa|Ngabu|Robert
Chikwawa|Ngabu|Sadya
Chikwawa|Ngabu|Saindi
Chikwawa|Ngabu|Saini Mapingo
Chikwawa|Ngabu|Salabeni
Chikwawa|Ngabu|Samu
Chikwawa|Ngabu|Sande
Chikwawa|Ngabu|Santu
Chikwawa|Ngabu|Saopa
Chikwawa|Ngabu|Sauti
Chikwawa|Ngabu|Semba
Chikwawa|Ngabu|Shake
Chikwawa|Ngabu|Simbi Chideu
Chikwawa|Ngabu|Sintala
Chikwawa|Ngabu|Sitefano
Chikwawa|Ngabu|Sitope
Chikwawa|Ngabu|Tabwa I
Chikwawa|Ngabu|Tchayinisa
Chikwawa|Ngabu|Tcheleni
Chikwawa|Ngabu|Tchuzi
Chikwawa|Ngabu|Thabwa II
Chikwawa|Ngabu|Thauzeni
Chikwawa|Ngabu|Thayo
Chikwawa|Ngabu|Thendo I
Chikwawa|Ngabu|Thendo II
Chikwawa|Ngabu|Thenesi
Chikwawa|Ngabu|Therere
Chikwawa|Ngabu|Therere Trading Centre
Chikwawa|Ngabu|Thesi
Chikwawa|Ngabu|Theta
Chikwawa|Ngabu|Thobwa I
Chikwawa|Ngabu|Thobwa II
Chikwawa|Ngabu|Thom
Chikwawa|Ngabu|Thomas
Chikwawa|Ngabu|Thomu
Chikwawa|Ngabu|Thonje
Chikwawa|Ngabu|Thudzu
Chikwawa|Ngabu|Timoti
Chikwawa|Ngabu|Tizola
Chikwawa|Ngabu|Tsabeta
Chikwawa|Ngabu|Tsamba
Chikwawa|Ngabu|Tusida
Chikwawa|Ngabu|Ubale
Chikwawa|Ngabu|Ufiti
Chikwawa|Ngabu|Utumbe
Chikwawa|Ngabu|Vega
Chikwawa|Ngabu|VH Nkhwazi
Chikwawa|Ngabu|Vulande
Chikwawa|Ngabu|Waya
Chikwawa|Ngabu|Willie
Chikwawa|Ngabu|Wilson
Chikwawa|Ngabu|Zamumtima
Chikwawa|Ngabu|Zida
Chikwawa|Ngabu|Zimbutha
Chikwawa|Ngabu|Zuwaneti
Chikwawa|Ngabu|Zyuga
Chikwawa|Ngabu|Zywanesi
Chiradzulu|Chiradzulu Boma|Chilanga
Chiradzulu|Chiradzulu Boma|Chipole
Chiradzulu|Chiradzulu Boma|Kapalamula
Chiradzulu|Chiradzulu Boma|Labana
Chiradzulu|Chiradzulu Boma|Masapula
Chiradzulu|Chiradzulu Boma|Mbaisa
Chiradzulu|Chitera|Adam Mwitha
Chiradzulu|Chitera|Bandula
Chiradzulu|Chitera|Ben Kunjawala
Chiradzulu|Chitera|Chelewani
Chiradzulu|Chitera|Chilambe
Chiradzulu|Chitera|Chitera
Chiradzulu|Chitera|Dzimenyani
Chiradzulu|Chitera|Edward
Chiradzulu|Chitera|Ganiza
Chiradzulu|Chitera|Jonathan
Chiradzulu|Chitera|Kamwendo
Chiradzulu|Chitera|Kavina
Chiradzulu|Chitera|Kawawa
Chiradzulu|Chitera|Kayenda
Chiradzulu|Chitera|Kenani
Chiradzulu|Chitera|Lewis Matambo Estate
Chiradzulu|Chitera|Likaka
Chiradzulu|Chitera|Likhula
Chiradzulu|Chitera|Liwonde
Chiradzulu|Chitera|Lumeta
Chiradzulu|Chitera|Luna
Chiradzulu|Chitera|Makalani
Chiradzulu|Chitera|Makawa
Chiradzulu|Chitera|Malabvi
Chiradzulu|Chitera|Malinga
Chiradzulu|Chitera|Mathambo
Chiradzulu|Chitera|Mauwa 1
Chiradzulu|Chitera|Mauwa II
Chiradzulu|Chitera|Mbenjere
Chiradzulu|Chitera|Mchanawo
Chiradzulu|Chitera|Mihava
Chiradzulu|Chitera|Mlukula
Chiradzulu|Chitera|Mlumbe
Chiradzulu|Chitera|Mponda Estate
Chiradzulu|Chitera|Nakhwala
Chiradzulu|Chitera|Namvenya
Chiradzulu|Chitera|Nchimwa
Chiradzulu|Chitera|Ndalama
Chiradzulu|Chitera|Ng'omba
Chiradzulu|Chitera|Njagaja
Chiradzulu|Chitera|Njaya
Chiradzulu|Chitera|Nsomela
Chiradzulu|Chitera|Ntalika
Chiradzulu|Chitera|Ntembo
Chiradzulu|Chitera|Salihera
Chiradzulu|Chitera|Sayenda
Chiradzulu|Chitera|Selemani Msungwi
Chiradzulu|Chitera|Sumaili
Chiradzulu|Chitera|Tepula
Chiradzulu|Chitera|Thom
Chiradzulu|Chitera|Zenengera
Chiradzulu|Kadewere|Balala
Chiradzulu|Kadewere|Baluwa
Chiradzulu|Kadewere|Beya
Chiradzulu|Kadewere|Chabwera
Chiradzulu|Kadewere|Chagwa
Chiradzulu|Kadewere|Chakwiya
Chiradzulu|Kadewere|Chalamanda
Chiradzulu|Kadewere|Chale
Chiradzulu|Kadewere|Chanje
Chiradzulu|Kadewere|Cheta
Chiradzulu|Kadewere|Chikaonda
Chiradzulu|Kadewere|Chikoja
Chiradzulu|Kadewere|Chikumba
Chiradzulu|Kadewere|Chikumbu
Chiradzulu|Kadewere|Chikwakwa
Chiradzulu|Kadewere|Chikwakwata
Chiradzulu|Kadewere|Chikwiri
Chiradzulu|Kadewere|Chilala
Chiradzulu|Kadewere|Chilanga
Chiradzulu|Kadewere|Chiliko
Chiradzulu|Kadewere|Chilumba
Chiradzulu|Kadewere|Chimatilo
Chiradzulu|Kadewere|Chimbalanga
Chiradzulu|Kadewere|Chimenya
Chiradzulu|Kadewere|Chimimba
Chiradzulu|Kadewere|Chimombo
Chiradzulu|Kadewere|Ching'ombe
Chiradzulu|Kadewere|Chinguwo
Chiradzulu|Kadewere|Chiniko
Chiradzulu|Kadewere|Chinseu
Chiradzulu|Kadewere|Chintengo
Chiradzulu|Kadewere|Chipolopolo
Chiradzulu|Kadewere|Chiradzulu Forest Reserve
Chiradzulu|Kadewere|Chisasiko
Chiradzulu|Kadewere|Chisawo
Chiradzulu|Kadewere|Chitawo
Chiradzulu|Kadewere|Chitawo Trading Centre
Chiradzulu|Kadewere|Chitopa
Chiradzulu|Kadewere|Chituta
Chiradzulu|Kadewere|Chiwalo
Chiradzulu|Kadewere|Chiwayula
Chiradzulu|Kadewere|Chiyambe
Chiradzulu|Kadewere|Chizalo
Chiradzulu|Kadewere|Chombe
Chiradzulu|Kadewere|Chotcha
Chiradzulu|Kadewere|David Mzazila
Chiradzulu|Kadewere|G. Nakhule (b)
Chiradzulu|Kadewere|Halala
Chiradzulu|Kadewere|Horowanya
Chiradzulu|Kadewere|Imedi
Chiradzulu|Kadewere|Jalasi
Chiradzulu|Kadewere|James
Chiradzulu|Kadewere|John
Chiradzulu|Kadewere|Kachaga
Chiradzulu|Kadewere|Kadangwe
Chiradzulu|Kadewere|Kadewele
Chiradzulu|Kadewere|Kadewele (mpunga)
Chiradzulu|Kadewere|Kajawo
Chiradzulu|Kadewere|Kakaluka (a)
Chiradzulu|Kadewere|Kaliya
Chiradzulu|Kadewere|Kaliyati
Chiradzulu|Kadewere|Kamala
Chiradzulu|Kadewere|Kambalame
Chiradzulu|Kadewere|Kandeya
Chiradzulu|Kadewere|Kandindi
Chiradzulu|Kadewere|Kanyenda
Chiradzulu|Kadewere|Kapeya
Chiradzulu|Kadewere|Katani
Chiradzulu|Kadewere|Kavina
Chiradzulu|Kadewere|Kawonjole
Chiradzulu|Kadewere|Kazembe
Chiradzulu|Kadewere|Kazembe II
Chiradzulu|Kadewere|Kazembe III
Chiradzulu|Kadewere|Khamula
Chiradzulu|Kadewere|Khanyepa
Chiradzulu|Kadewere|Khelengeza
Chiradzulu|Kadewere|Kholomana
Chiradzulu|Kadewere|Khongolo
Chiradzulu|Kadewere|Khumbunya
Chiradzulu|Kadewere|Khungwa
Chiradzulu|Kadewere|Khuvinda
Chiradzulu|Kadewere|Khwinjiwa
Chiradzulu|Kadewere|Kilowe
Chiradzulu|Kadewere|Kohola
Chiradzulu|Kadewere|Kuchombe
Chiradzulu|Kadewere|Kumano
Chiradzulu|Kadewere|Kwacha
Chiradzulu|Kadewere|Kwatani
Chiradzulu|Kadewere|Kwitamanda
Chiradzulu|Kadewere|Labana
Chiradzulu|Kadewere|Lichanja
Chiradzulu|Kadewere|Likalawe
Chiradzulu|Kadewere|Likovo
Chiradzulu|Kadewere|Limbani
Chiradzulu|Kadewere|Lipalama
Chiradzulu|Kadewere|Lituni
Chiradzulu|Kadewere|Liundi
Chiradzulu|Kadewere|Liwawanya
Chiradzulu|Kadewere|Lubaini
Chiradzulu|Kadewere|Lwala
Chiradzulu|Kadewere|Madulira
Chiradzulu|Kadewere|Magaleta
Chiradzulu|Kadewere|Magodi
Chiradzulu|Kadewere|Magombo
Chiradzulu|Kadewere|Majawa
Chiradzulu|Kadewere|Majikuta
Chiradzulu|Kadewere|Makaluka
Chiradzulu|Kadewere|Makolija
Chiradzulu|Kadewere|Makumbi
Chiradzulu|Kadewere|Makwiti
Chiradzulu|Kadewere|Malambo
Chiradzulu|Kadewere|Malele
Chiradzulu|Kadewere|Malenga
Chiradzulu|Kadewere|Maleta
Chiradzulu|Kadewere|Maliko
Chiradzulu|Kadewere|Malombe
Chiradzulu|Kadewere|Malunga
Chiradzulu|Kadewere|Manawa
Chiradzulu|Kadewere|Mandota
Chiradzulu|Kadewere|Manje Trading Centre
Chiradzulu|Kadewere|Manjeza
Chiradzulu|Kadewere|Manjolo
Chiradzulu|Kadewere|Manjomo
Chiradzulu|Kadewere|Manyazi
Chiradzulu|Kadewere|Masambachi
Chiradzulu|Kadewere|Masanjala
Chiradzulu|Kadewere|Masikila
Chiradzulu|Kadewere|Maso
Chiradzulu|Kadewere|Masuku
Chiradzulu|Kadewere|Masuli
Chiradzulu|Kadewere|Mataya
Chiradzulu|Kadewere|Mataya (a)
Chiradzulu|Kadewere|Matope
Chiradzulu|Kadewere|Mbanga
Chiradzulu|Kadewere|Mgwale
Chiradzulu|Kadewere|Mikoche
Chiradzulu|Kadewere|Misanjo
Chiradzulu|Kadewere|Mjamba
Chiradzulu|Kadewere|Mka nda
Chiradzulu|Kadewere|Mkanda
Chiradzulu|Kadewere|Mkanda II
Chiradzulu|Kadewere|Mkaweya
Chiradzulu|Kadewere|Mkelepa
Chiradzulu|Kadewere|Mkhota
Chiradzulu|Kadewere|Mkmbuwa
Chiradzulu|Kadewere|Mkolimbo
Chiradzulu|Kadewere|Mkolokosa
Chiradzulu|Kadewere|Mkomanyama
Chiradzulu|Kadewere|Mkumba
Chiradzulu|Kadewere|Mkumba II
Chiradzulu|Kadewere|Mkupu
Chiradzulu|Kadewere|Mkwayi
Chiradzulu|Kadewere|Mkwelepa
Chiradzulu|Kadewere|Mlaviwa
Chiradzulu|Kadewere|Mlelemba
Chiradzulu|Kadewere|Mlipa
Chiradzulu|Kadewere|M'mangisa
Chiradzulu|Kadewere|M'mora
Chiradzulu|Kadewere|Moffat
Chiradzulu|Kadewere|Mokowa
Chiradzulu|Kadewere|Mpanda
Chiradzulu|Kadewere|Mpapato
Chiradzulu|Kadewere|Mpenda
Chiradzulu|Kadewere|Mpilangwe
Chiradzulu|Kadewere|Mpira
Chiradzulu|Kadewere|Mpoto
Chiradzulu|Kadewere|Mpuluka
Chiradzulu|Kadewere|Mselema
Chiradzulu|Kadewere|Msokanya
Chiradzulu|Kadewere|Mtalika
Chiradzulu|Kadewere|Mtamba I
Chiradzulu|Kadewere|Mtemanyama
Chiradzulu|Kadewere|Mtembo
Chiradzulu|Kadewere|Mtenjera
Chiradzulu|Kadewere|Mtetemera
Chiradzulu|Kadewere|Mtulumbwa
Chiradzulu|Kadewere|Mtupanyama
Chiradzulu|Kadewere|Mtweya
Chiradzulu|Kadewere|Mu;imusi
Chiradzulu|Kadewere|Muhasuwa
Chiradzulu|Kadewere|Muheya
Chiradzulu|Kadewere|Muliva
Chiradzulu|Kadewere|Mulolo
Chiradzulu|Kadewere|Mulozi
Chiradzulu|Kadewere|Muriya
Chiradzulu|Kadewere|Muwa
Chiradzulu|Kadewere|Muyere
Chiradzulu|Kadewere|Mvonye
Chiradzulu|Kadewere|Mwangala
Chiradzulu|Kadewere|Mwanyali
Chiradzulu|Kadewere|Mwendayekha
Chiradzulu|Kadewere|Mwenyedawa
Chiradzulu|Kadewere|Mwethiwa
Chiradzulu|Kadewere|Nachuma
Chiradzulu|Kadewere|Nakhuba
Chiradzulu|Kadewere|Nakhule
Chiradzulu|Kadewere|Namakhwiri
Chiradzulu|Kadewere|Namaluwo
Chiradzulu|Kadewere|Namasalima
Chiradzulu|Kadewere|Namathiya
Chiradzulu|Kadewere|Nambazo
Chiradzulu|Kadewere|Namigoji
Chiradzulu|Kadewere|Namitambo T.C.
Chiradzulu|Kadewere|Namulepwese
Chiradzulu|Kadewere|Namulu
Chiradzulu|Kadewere|Nangwiya
Chiradzulu|Kadewere|Nankhule
Chiradzulu|Kadewere|Nanlaku
Chiradzulu|Kadewere|Nantowa
Chiradzulu|Kadewere|Napulu
Chiradzulu|Kadewere|Nawani
Chiradzulu|Kadewere|Ndala
Chiradzulu|Kadewere|Ndalama
Chiradzulu|Kadewere|Ndanga
Chiradzulu|Kadewere|Ngilengile
Chiradzulu|Kadewere|Ngokwe
Chiradzulu|Kadewere|Ngoleka
Chiradzulu|Kadewere|N'gombe
Chiradzulu|Kadewere|Ngonji
Chiradzulu|Kadewere|Ngwale
Chiradzulu|Kadewere|Nkagula
Chiradzulu|Kadewere|Nkanda
Chiradzulu|Kadewere|Nkolimbo
Chiradzulu|Kadewere|Nkonde
Chiradzulu|Kadewere|Nkumba
Chiradzulu|Kadewere|Nkumba II
Chiradzulu|Kadewere|Noniwa
Chiradzulu|Kadewere|Nsowanya
Chiradzulu|Kadewere|NSUPI
Chiradzulu|Kadewere|Ntakata
Chiradzulu|Kadewere|Ntakhala
Chiradzulu|Kadewere|Ntamba II
Chiradzulu|Kadewere|NtambaII
Chiradzulu|Kadewere|Nthenda
Chiradzulu|Kadewere|Nyalugwe
Chiradzulu|Kadewere|Nyambalo
Chiradzulu|Kadewere|Pemba
Chiradzulu|Kadewere|Phanduwa
Chiradzulu|Kadewere|Phwitiko
Chiradzulu|Kadewere|Roben
Chiradzulu|Kadewere|Robert
Chiradzulu|Kadewere|Salimu
Chiradzulu|Kadewere|Salira
Chiradzulu|Kadewere|Samuel
Chiradzulu|Kadewere|Selemani
Chiradzulu|Kadewere|Senjere
Chiradzulu|Kadewere|Simika
Chiradzulu|Kadewere|Singano
Chiradzulu|Kadewere|Sitima
Chiradzulu|Kadewere|Sitimola (D)
Chiradzulu|Kadewere|Sitimoya
Chiradzulu|Kadewere|Sitimoya (a)
Chiradzulu|Kadewere|Taibu
Chiradzulu|Kadewere|Taimu
Chiradzulu|Kadewere|Tapala
Chiradzulu|Kadewere|Tawakali
Chiradzulu|Kadewere|Tayibu
Chiradzulu|Kadewere|Thumbulu
Chiradzulu|Kadewere|Thumbwe Trading Centre
Chiradzulu|Kadewere|Thuruwa
Chiradzulu|Kadewere|Twaya
Chiradzulu|Kadewere|Wisikesi
Chiradzulu|Kadewere|Witika
Chiradzulu|Kadewere|Zembereko
Chiradzulu|Likoswe|Adam
Chiradzulu|Likoswe|Anderson
Chiradzulu|Likoswe|Ben  Gomani
Chiradzulu|Likoswe|Bonongwe
Chiradzulu|Likoswe|Bula
Chiradzulu|Likoswe|Bwanaisa
Chiradzulu|Likoswe|Chatha
Chiradzulu|Likoswe|Chibwana
Chiradzulu|Likoswe|Chikwana
Chiradzulu|Likoswe|Chilambe
Chiradzulu|Likoswe|Chimangansasa
Chiradzulu|Likoswe|Chimatiro
Chiradzulu|Likoswe|Chimimba
Chiradzulu|Likoswe|Chingoli
Chiradzulu|Likoswe|Chitambuli
Chiradzulu|Likoswe|George
Chiradzulu|Likoswe|Glasten
Chiradzulu|Likoswe|Gogomwa
Chiradzulu|Likoswe|Gumulila
Chiradzulu|Likoswe|Herbert
Chiradzulu|Likoswe|Howa
Chiradzulu|Likoswe|James Sambani
Chiradzulu|Likoswe|Jekete
Chiradzulu|Likoswe|Jeremba
Chiradzulu|Likoswe|Jumbe
Chiradzulu|Likoswe|Kabango
Chiradzulu|Likoswe|Kachepa
Chiradzulu|Likoswe|Kajawo
Chiradzulu|Likoswe|Kalanje
Chiradzulu|Likoswe|Kalungwe
Chiradzulu|Likoswe|Kambalame
Chiradzulu|Likoswe|Kandoje
Chiradzulu|Likoswe|Kane
Chiradzulu|Likoswe|Kanje
Chiradzulu|Likoswe|Kanyenda
Chiradzulu|Likoswe|Kanyongo
Chiradzulu|Likoswe|Kapichi
Chiradzulu|Likoswe|Katanga
Chiradzulu|Likoswe|Kazembe
Chiradzulu|Likoswe|Kazombe
Chiradzulu|Likoswe|Kika
Chiradzulu|Likoswe|Kwelani
Chiradzulu|Likoswe|Likalawe
Chiradzulu|Likoswe|Likhomo
Chiradzulu|Likoswe|Likoswe
Chiradzulu|Likoswe|Likubo
Chiradzulu|Likoswe|Limula
Chiradzulu|Likoswe|Liunje
Chiradzulu|Likoswe|Liwengwa
Chiradzulu|Likoswe|Lopa
Chiradzulu|Likoswe|Lunda
Chiradzulu|Likoswe|Lungija
Chiradzulu|Likoswe|Lupanga
Chiradzulu|Likoswe|Luwengwa
Chiradzulu|Likoswe|Magombo
Chiradzulu|Likoswe|Makanje
Chiradzulu|Likoswe|Makhalira
Chiradzulu|Likoswe|Makunami
Chiradzulu|Likoswe|Makwinja
Chiradzulu|Likoswe|Malika
Chiradzulu|Likoswe|Malinga
Chiradzulu|Likoswe|Maloya
Chiradzulu|Likoswe|Mandindi
Chiradzulu|Likoswe|Manguwo
Chiradzulu|Likoswe|Mantchombe
Chiradzulu|Likoswe|Masangano
Chiradzulu|Likoswe|Masikini
Chiradzulu|Likoswe|Mataka
Chiradzulu|Likoswe|Mataka I
Chiradzulu|Likoswe|Matumula
Chiradzulu|Likoswe|Matuta
Chiradzulu|Likoswe|Mbemba
Chiradzulu|Likoswe|Mchere
Chiradzulu|Likoswe|Mchocholo
Chiradzulu|Likoswe|Milepa
Chiradzulu|Likoswe|Mitawa
Chiradzulu|Likoswe|Mjambe
Chiradzulu|Likoswe|Mkanda
Chiradzulu|Likoswe|Mkhweva
Chiradzulu|Likoswe|Mkumba
Chiradzulu|Likoswe|Mkwamba
Chiradzulu|Likoswe|Mkwanda
Chiradzulu|Likoswe|Mkwate
Chiradzulu|Likoswe|Mkwepu
Chiradzulu|Likoswe|Mlambulo
Chiradzulu|Likoswe|Mlanjila
Chiradzulu|Likoswe|Mleso
Chiradzulu|Likoswe|Monjeleliwa
Chiradzulu|Likoswe|Mothiwa
Chiradzulu|Likoswe|Mphamba
Chiradzulu|Likoswe|Mpira
Chiradzulu|Likoswe|Mpochera
Chiradzulu|Likoswe|Mtupanyama
Chiradzulu|Likoswe|Mulajila
Chiradzulu|Likoswe|Mwenje
Chiradzulu|Likoswe|Mwenye I
Chiradzulu|Likoswe|Mzembere
Chiradzulu|Likoswe|Namanya
Chiradzulu|Likoswe|Namulumbwa
Chiradzulu|Likoswe|Nankhwawa
Chiradzulu|Likoswe|Nankwenya
Chiradzulu|Likoswe|Nanyanga
Chiradzulu|Likoswe|Nathanana
Chiradzulu|Likoswe|Nchere
Chiradzulu|Likoswe|Nchongonjo
Chiradzulu|Likoswe|Ngolanga
Chiradzulu|Likoswe|Ngusiche
Chiradzulu|Likoswe|Njelemba
Chiradzulu|Likoswe|Njuzi
Chiradzulu|Likoswe|Nkacha
Chiradzulu|Likoswe|Nkanda
Chiradzulu|Likoswe|Nkasa
Chiradzulu|Likoswe|Nkonga
Chiradzulu|Likoswe|Nkowasenga
Chiradzulu|Likoswe|Nkuchira
Chiradzulu|Likoswe|Nkwatula
Chiradzulu|Likoswe|Nsambo
Chiradzulu|Likoswe|Nsanja
Chiradzulu|Likoswe|Nsikita
Chiradzulu|Likoswe|Nsiya
Chiradzulu|Likoswe|Nsomera
Chiradzulu|Likoswe|Nsulumba
Chiradzulu|Likoswe|Ntalika
Chiradzulu|Likoswe|Ntapo
Chiradzulu|Likoswe|Ntapu
Chiradzulu|Likoswe|Ntenje
Chiradzulu|Likoswe|Ntepere
Chiradzulu|Likoswe|Nthambi
Chiradzulu|Likoswe|Nthupa
Chiradzulu|Likoswe|Ntonya
Chiradzulu|Likoswe|Nyama
Chiradzulu|Likoswe|Nyamula
Chiradzulu|Likoswe|Nyenga
Chiradzulu|Likoswe|Peter
Chiradzulu|Likoswe|Sagawa
Chiradzulu|Likoswe|Sanja
Chiradzulu|Likoswe|Sawali
Chiradzulu|Likoswe|Singano
Chiradzulu|Likoswe|Sumani
Chiradzulu|Likoswe|Tapala
Chiradzulu|Likoswe|Tauchila
Chiradzulu|Likoswe|Tawa Estate Estate
Chiradzulu|Likoswe|Thamangiwa
Chiradzulu|Likoswe|Thanyiwa
Chiradzulu|Likoswe|Thumba
Chiradzulu|Likoswe|Thupanakhala
Chiradzulu|Likoswe|Undi I
Chiradzulu|Likoswe|Undi II
Chiradzulu|Likoswe|Walala
Chiradzulu|Likoswe|Yasini Trading Centre
Chiradzulu|Likoswe|Zachima
Chiradzulu|Mchema|Balakasi
Chiradzulu|Mchema|Baluti
Chiradzulu|Mchema|Bandawe
Chiradzulu|Mchema|Bowadi
Chiradzulu|Mchema|Changamile
Chiradzulu|Mchema|Chikopa
Chiradzulu|Mchema|Chilemba
Chiradzulu|Mchema|Chilumpha
Chiradzulu|Mchema|Chindungula
Chiradzulu|Mchema|Chitando
Chiradzulu|Mchema|Chotokwa
Chiradzulu|Mchema|Kachere
Chiradzulu|Mchema|Kamala
Chiradzulu|Mchema|Kaposa
Chiradzulu|Mchema|Kapyola
Chiradzulu|Mchema|Kasani
Chiradzulu|Mchema|Katopola
Chiradzulu|Mchema|Khanje
Chiradzulu|Mchema|Khongozo
Chiradzulu|Mchema|Khukhumula
Chiradzulu|Mchema|Khumbanyiwa
Chiradzulu|Mchema|Koneliwa
Chiradzulu|Mchema|Likhomo
Chiradzulu|Mchema|Linyama
Chiradzulu|Mchema|Lumbe
Chiradzulu|Mchema|Majiga Trading Centre
Chiradzulu|Mchema|Makwinja
Chiradzulu|Mchema|Mangwere
Chiradzulu|Mchema|Masauli
Chiradzulu|Mchema|Matikiti
Chiradzulu|Mchema|Matimati
Chiradzulu|Mchema|Mauwa
Chiradzulu|Mchema|Mavila
Chiradzulu|Mchema|Mayisoni
Chiradzulu|Mchema|Mchema
Chiradzulu|Mchema|Mdeza
Chiradzulu|Mchema|Mdyamabvu
Chiradzulu|Mchema|Mdyanyama
Chiradzulu|Mchema|Mgunda
Chiradzulu|Mchema|Milepa Trading Centre
Chiradzulu|Mchema|Mjagaja
Chiradzulu|Mchema|Mkwaila
Chiradzulu|Mchema|Mlula
Chiradzulu|Mchema|Moto
Chiradzulu|Mchema|Mphaya
Chiradzulu|Mchema|Mphepo
Chiradzulu|Mchema|Mpotola
Chiradzulu|Mchema|Msusa
Chiradzulu|Mchema|Mukiwa
Chiradzulu|Mchema|Munlo
Chiradzulu|Mchema|Munlo Trading Centre
Chiradzulu|Mchema|Munyapa
Chiradzulu|Mchema|Mwanduza
Chiradzulu|Mchema|Mwasibu
Chiradzulu|Mchema|Mwinjilo
Chiradzulu|Mchema|Mwinjiro
Chiradzulu|Mchema|Nakatha
Chiradzulu|Mchema|Nakuba
Chiradzulu|Mchema|Nalaku
Chiradzulu|Mchema|Namahala
Chiradzulu|Mchema|Namatikha
Chiradzulu|Mchema|Nawani
Chiradzulu|Mchema|Nazombe
Chiradzulu|Mchema|Nchema
Chiradzulu|Mchema|Ngalawesa
Chiradzulu|Mchema|Ngwale
Chiradzulu|Mchema|Nkolombola
Chiradzulu|Mchema|Ntaja
Chiradzulu|Mchema|Ntindo
Chiradzulu|Mchema|Nyandule
Chiradzulu|Mchema|Nyimbiri
Chiradzulu|Mchema|Phuteya
Chiradzulu|Mchema|Sabola
Chiradzulu|Mchema|Sabuni
Chiradzulu|Mchema|Sitima
Chiradzulu|Mchema|Suga
Chiradzulu|Mchema|Thom
Chiradzulu|Mchema|Tindu
Chiradzulu|Mchema|Witika
Chiradzulu|Mpama|Andrew
Chiradzulu|Mpama|Augustine
Chiradzulu|Mpama|Bamuya
Chiradzulu|Mpama|Bawi Estate
Chiradzulu|Mpama|Bokosi
Chiradzulu|Mpama|Chabwera
Chiradzulu|Mpama|Chakachadza
Chiradzulu|Mpama|Changwiya
Chiradzulu|Mpama|Chapala
Chiradzulu|Mpama|Chapola
Chiradzulu|Mpama|Chawinja
Chiradzulu|Mpama|Chibwana
Chiradzulu|Mpama|Chikagwile
Chiradzulu|Mpama|Chikankheni
Chiradzulu|Mpama|Chikuse
Chiradzulu|Mpama|Chilimani
Chiradzulu|Mpama|Chilimani I
Chiradzulu|Mpama|Chilimani II
Chiradzulu|Mpama|Chimpesa
Chiradzulu|Mpama|Chimtengo
Chiradzulu|Mpama|Ching'amba
Chiradzulu|Mpama|Chingoli
Chiradzulu|Mpama|Chinyamula
Chiradzulu|Mpama|Chipole
Chiradzulu|Mpama|Chiputula
Chiradzulu|Mpama|Chisawa
Chiradzulu|Mpama|Chisowile
Chiradzulu|Mpama|Chitambo
Chiradzulu|Mpama|Chiwala
Chiradzulu|Mpama|Chiwalika
Chiradzulu|Mpama|Chiwewe
Chiradzulu|Mpama|Chombe
Chiradzulu|Mpama|Daya
Chiradzulu|Mpama|Dokotala
Chiradzulu|Mpama|Gabriel Nanthambwe Farm
Chiradzulu|Mpama|George
Chiradzulu|Mpama|Golden
Chiradzulu|Mpama|Grinjala
Chiradzulu|Mpama|James Kanono
Chiradzulu|Mpama|January
Chiradzulu|Mpama|Jekete
Chiradzulu|Mpama|John Chitera
Chiradzulu|Mpama|John Kamete
Chiradzulu|Mpama|John Lulanga
Chiradzulu|Mpama|Jonasi
Chiradzulu|Mpama|Jonathan
Chiradzulu|Mpama|Jumbe
Chiradzulu|Mpama|Juwa
Chiradzulu|Mpama|Kachende
Chiradzulu|Mpama|Kachingwe
Chiradzulu|Mpama|Kajawo
Chiradzulu|Mpama|Kamwendo
Chiradzulu|Mpama|Kandulo
Chiradzulu|Mpama|Kanjuchi
Chiradzulu|Mpama|Kanyenda
Chiradzulu|Mpama|Kapeya
Chiradzulu|Mpama|Karonga
Chiradzulu|Mpama|Kasambwe
Chiradzulu|Mpama|Katoleza
Chiradzulu|Mpama|Katsizi
Chiradzulu|Mpama|Kavina
Chiradzulu|Mpama|Kawanjira
Chiradzulu|Mpama|Kawawa
Chiradzulu|Mpama|Kazembe
Chiradzulu|Mpama|Kumitete
Chiradzulu|Mpama|Lidala
Chiradzulu|Mpama|Likagwa Farm
Chiradzulu|Mpama|Likongolo
Chiradzulu|Mpama|Likulungwa
Chiradzulu|Mpama|Lisau Forest Compound
Chiradzulu|Mpama|Liundi
Chiradzulu|Mpama|Liwaya
Chiradzulu|Mpama|Liwonde
Chiradzulu|Mpama|Lulanga
Chiradzulu|Mpama|Lupinga
Chiradzulu|Mpama|Magombo
Chiradzulu|Mpama|Makalani
Chiradzulu|Mpama|Makanani
Chiradzulu|Mpama|Makawa
Chiradzulu|Mpama|Malika
Chiradzulu|Mpama|Malika Mpenya
Chiradzulu|Mpama|Malindi
Chiradzulu|Mpama|Malindi III
Chiradzulu|Mpama|Maloya
Chiradzulu|Mpama|Maluwa
Chiradzulu|Mpama|Maluwa I
Chiradzulu|Mpama|Mangani
Chiradzulu|Mpama|Mankhusu
Chiradzulu|Mpama|Masala
Chiradzulu|Mpama|Masamba
Chiradzulu|Mpama|Masanjala
Chiradzulu|Mpama|Masapula
Chiradzulu|Mpama|Masi
Chiradzulu|Mpama|Masiku
Chiradzulu|Mpama|Masuku
Chiradzulu|Mpama|Mataka
Chiradzulu|Mpama|Matandika
Chiradzulu|Mpama|Mataya
Chiradzulu|Mpama|Matengo
Chiradzulu|Mpama|Matenje
Chiradzulu|Mpama|Matenjere
Chiradzulu|Mpama|Matola
Chiradzulu|Mpama|Matowe
Chiradzulu|Mpama|Maulana
Chiradzulu|Mpama|Mayere
Chiradzulu|Mpama|Mazuwa
Chiradzulu|Mpama|Mbalame
Chiradzulu|Mpama|Mbindula
Chiradzulu|Mpama|Mbombwe Trading Centre
Chiradzulu|Mpama|Mbule
Chiradzulu|Mpama|Mbunda
Chiradzulu|Mpama|Mchochera
Chiradzulu|Mpama|Meja
Chiradzulu|Mpama|Mipande
Chiradzulu|Mpama|Mitawa
Chiradzulu|Mpama|Mitepa
Chiradzulu|Mpama|Mithiko
Chiradzulu|Mpama|Mitochi Farm
Chiradzulu|Mpama|Mkhwera
Chiradzulu|Mpama|Mkotima
Chiradzulu|Mpama|Mkuchira
Chiradzulu|Mpama|Mkwaila
Chiradzulu|Mpama|Mkwela
Chiradzulu|Mpama|Mkwita
Chiradzulu|Mpama|Mlandani
Chiradzulu|Mpama|Mlenje
Chiradzulu|Mpama|Mlokote
Chiradzulu|Mpama|Mlumbe
Chiradzulu|Mpama|Mlungu
Chiradzulu|Mpama|M'manga
Chiradzulu|Mpama|Mnunkha
Chiradzulu|Mpama|Moffat
Chiradzulu|Mpama|Mpama
Chiradzulu|Mpama|Mpaso
Chiradzulu|Mpama|Mphata
Chiradzulu|Mpama|Mphukira Estate
Chiradzulu|Mpama|Mpimbi
Chiradzulu|Mpama|Mpochera
Chiradzulu|Mpama|Mponda
Chiradzulu|Mpama|Mpumila
Chiradzulu|Mpama|Msaka
Chiradzulu|Mpama|Msiya
Chiradzulu|Mpama|Msomela
Chiradzulu|Mpama|Mulinga
Chiradzulu|Mpama|Mwalabu
Chiradzulu|Mpama|Mwalija
Chiradzulu|Mpama|Myasa
Chiradzulu|Mpama|Nacho
Chiradzulu|Mpama|Nakoli
Chiradzulu|Mpama|Namadzi
Chiradzulu|Mpama|Namadzi Farm
Chiradzulu|Mpama|Namakhuwa
Chiradzulu|Mpama|Namaona
Chiradzulu|Mpama|Namuthakoni
Chiradzulu|Mpama|Nangaonde
Chiradzulu|Mpama|Ndasauka
Chiradzulu|Mpama|Ndembe
Chiradzulu|Mpama|Ndile
Chiradzulu|Mpama|Ndimbule
Chiradzulu|Mpama|Ngumwiche
Chiradzulu|Mpama|Ngwale
Chiradzulu|Mpama|Ngwelero
Chiradzulu|Mpama|Njeremba
Chiradzulu|Mpama|Njuli Trading Centre
Chiradzulu|Mpama|Nkoola
Chiradzulu|Mpama|Nsanja
Chiradzulu|Mpama|Nthonyiwa
Chiradzulu|Mpama|Ntonda
Chiradzulu|Mpama|Onga
Chiradzulu|Mpama|Peter
Chiradzulu|Mpama|Peter Andrew
Chiradzulu|Mpama|Peter Nkoola
Chiradzulu|Mpama|Pheluwa
Chiradzulu|Mpama|Potani
Chiradzulu|Mpama|Sadi
Chiradzulu|Mpama|Sadiki
Chiradzulu|Mpama|Salamba
Chiradzulu|Mpama|Sam Mtupasanjo
Chiradzulu|Mpama|Samikwa
Chiradzulu|Mpama|Samuel Buleya
Chiradzulu|Mpama|Sangaya Farm
Chiradzulu|Mpama|Sasu
Chiradzulu|Mpama|Selemani
Chiradzulu|Mpama|Singano
Chiradzulu|Mpama|Swali
Chiradzulu|Mpama|Tangale
Chiradzulu|Mpama|Thawani
Chiradzulu|Mpama|Thomas Phoya
Chiradzulu|Mpama|Tonde
Chiradzulu|Mpama|Tsangano
Chiradzulu|Mpama|Ulaya
Chiradzulu|Mpama|Umali
Chiradzulu|Mpama|Useni
Chiradzulu|Mpama|Walala
Chiradzulu|Mpama|Walala Trading Centre
Chiradzulu|Nkalo|Balasoni
Chiradzulu|Nkalo|Chapamba
Chiradzulu|Nkalo|Chapweteka
Chiradzulu|Nkalo|Chidawati
Chiradzulu|Nkalo|Chikapa
Chiradzulu|Nkalo|Chikowa Estate
Chiradzulu|Nkalo|Chileka
Chiradzulu|Nkalo|Chiuta
Chiradzulu|Nkalo|Chiwotcha
Chiradzulu|Nkalo|Chizula
Chiradzulu|Nkalo|Choda T.Centre
Chiradzulu|Nkalo|Dickson
Chiradzulu|Nkalo|Fikila
Chiradzulu|Nkalo|Golosi
Chiradzulu|Nkalo|Jali
Chiradzulu|Nkalo|James
Chiradzulu|Nkalo|James Matuwa
Chiradzulu|Nkalo|Kachingwe
Chiradzulu|Nkalo|Kamwaha
Chiradzulu|Nkalo|Kazembe
Chiradzulu|Nkalo|Kengere
Chiradzulu|Nkalo|Khaoreya
Chiradzulu|Nkalo|Kholomana
Chiradzulu|Nkalo|Koneliwa
Chiradzulu|Nkalo|Lihiro
Chiradzulu|Nkalo|Lipenga
Chiradzulu|Nkalo|Liphutu I
Chiradzulu|Nkalo|Losa
Chiradzulu|Nkalo|Losa  Trading  Centre
Chiradzulu|Nkalo|Madeya
Chiradzulu|Nkalo|Majanga
Chiradzulu|Nkalo|Makalakala
Chiradzulu|Nkalo|Makalani
Chiradzulu|Nkalo|Malaya
Chiradzulu|Nkalo|Malonda
Chiradzulu|Nkalo|Mangulama
Chiradzulu|Nkalo|Maoni
Chiradzulu|Nkalo|Masuso
Chiradzulu|Nkalo|Matope
Chiradzulu|Nkalo|Matuwa
Chiradzulu|Nkalo|M'boola
Chiradzulu|Nkalo|Misomali
Chiradzulu|Nkalo|Mitanga
Chiradzulu|Nkalo|Mitole
Chiradzulu|Nkalo|Mitole II
Chiradzulu|Nkalo|Miyopo
Chiradzulu|Nkalo|Mpangiwa
Chiradzulu|Nkalo|Mpatuka
Chiradzulu|Nkalo|Mpezeni
Chiradzulu|Nkalo|Mpezeni II
Chiradzulu|Nkalo|Mphere
Chiradzulu|Nkalo|Mphwere
Chiradzulu|Nkalo|Mpulula
Chiradzulu|Nkalo|Msolomba
Chiradzulu|Nkalo|Mulumpwa
Chiradzulu|Nkalo|Munyapa
Chiradzulu|Nkalo|Mwahala
Chiradzulu|Nkalo|Mwamadi
Chiradzulu|Nkalo|Mwineya
Chiradzulu|Nkalo|Mwinjiro
Chiradzulu|Nkalo|Namalusa
Chiradzulu|Nkalo|Namanla
Chiradzulu|Nkalo|Namonde
Chiradzulu|Nkalo|Namonde II
Chiradzulu|Nkalo|Namulu
Chiradzulu|Nkalo|Nankhumwa
Chiradzulu|Nkalo|Nankuyu
Chiradzulu|Nkalo|Nantapa
Chiradzulu|Nkalo|Ndala
Chiradzulu|Nkalo|Ngoniwa
Chiradzulu|Nkalo|Nguku
Chiradzulu|Nkalo|Ngumba
Chiradzulu|Nkalo|Nkalo
Chiradzulu|Nkalo|Nkhupera
Chiradzulu|Nkalo|Nkhuwala
Chiradzulu|Nkalo|Nsupe
Chiradzulu|Nkalo|Ntamba
Chiradzulu|Nkalo|Ntambalika
Chiradzulu|Nkalo|Nthiyana
Chiradzulu|Nkalo|Ntope
Chiradzulu|Nkalo|Nyenyeliwa
Chiradzulu|Nkalo|Perenje
Chiradzulu|Nkalo|Phwandaphwanda
Chiradzulu|Nkalo|Phwandaphwanda 1
Chiradzulu|Nkalo|Phwandaphwanda II
Chiradzulu|Nkalo|Sabuni
Chiradzulu|Nkalo|Sakwata
Chiradzulu|Nkalo|Samikwa
Chiradzulu|Nkalo|Saukila
Chiradzulu|Nkalo|Sekeya
Chiradzulu|Nkalo|Semani
Chiradzulu|Nkalo|Siliya
Chiradzulu|Nkalo|Somanje
Chiradzulu|Nkalo|Takhiwa
Chiradzulu|Nkalo|Tambala
Chiradzulu|Nkalo|Thukumwa
Chiradzulu|Nkalo|Zuze
Chitipa|Chitipa Boma|Airfield Staff houses
Chitipa|Chitipa Boma|Bangamoyo
Chitipa|Chitipa Boma|Boma Houses
Chitipa|Chitipa Boma|Chalya
Chitipa|Chitipa Boma|Chitipa  TC
Chitipa|Chitipa Boma|Chitipa Rural Development Project
Chitipa|Chitipa Boma|Drimp/works Staff houses
Chitipa|Chitipa Boma|Isyalikila
Chitipa|Chitipa Boma|Mkombanyama
Chitipa|Chitipa Boma|Mkombanyama  Mango Lines
Chitipa|Chitipa Boma|Mkombanyama Houses
Chitipa|Chitipa Boma|Mkombanyama Mango Lines
Chitipa|Chitipa Boma|Mukombanyama
Chitipa|Chitipa Boma|Mwanga
Chitipa|Chitipa Boma|Mwenefuvya
Chitipa|Chitipa Boma|Mwenefuvya Houses
Chitipa|Chitipa Boma|Mwenemusitu
Chitipa|Chitipa Boma|Namayanga
Chitipa|Chitipa Boma|Namuyemba
Chitipa|Chitipa Boma|Simkoko
Chitipa|Chitipa Boma|Simkoko Houses
Chitipa|Chitipa Boma|Timothy Mwenefuvya
Chitipa|Kameme|Adam Kameme  I
Chitipa|Kameme|Adam Kameme  II
Chitipa|Kameme|Amon Kameme   II
Chitipa|Kameme|Amon Kameme  I
Chitipa|Kameme|Amon Kameme  III
Chitipa|Kameme|Budonda
Chitipa|Kameme|Chilola  I
Chitipa|Kameme|Chilola  II
Chitipa|Kameme|Ibuzga  I
Chitipa|Kameme|Ibuzga  II
Chitipa|Kameme|Ifisa
Chitipa|Kameme|Ilengo Trading Centre
Chitipa|Kameme|Ipenza Trading Centre
Chitipa|Kameme|Iyanga  III
Chitipa|Kameme|James Kameme
Chitipa|Kameme|James kameme  I
Chitipa|Kameme|Jeremia Mwang`amba
Chitipa|Kameme|Kaminza  I
Chitipa|Kameme|Kaminza  II
Chitipa|Kameme|Kenani Dangali Mkandawire
Chitipa|Kameme|Kenya
Chitipa|Kameme|Mweneipenza
Chitipa|Kameme|Mweneipenza  II
Chitipa|Kameme|Mweneipenza  III
Chitipa|Kameme|Mweneipenza  IIII
Chitipa|Kameme|Mweneyanga  I
Chitipa|Kameme|Mweneyanga  II
Chitipa|Kameme|Nashibwe
Chitipa|Kameme|Navitengo  I
Chitipa|Kameme|Navitengo Trading Centre
Chitipa|Kameme|Phillip munyimbo  I
Chitipa|Kameme|Phillip munyimbo  II
Chitipa|Kameme|Phillip munyimbo  III
Chitipa|Kameme|Phillip Mwenembako
Chitipa|Kameme|Sailus Mwang`amba
Chitipa|Kameme|Samuel  II
Chitipa|Kameme|Syumbi
Chitipa|Kameme|Thauzeni Mwang`amba
Chitipa|Kameme|Watson Mwang`amba
Chitipa|Kameme|Zamamba Trading Centre
Chitipa|Mwabulambya|Abel Chinzimui
Chitipa|Mwabulambya|Amoni Nyondo
Chitipa|Mwabulambya|Andrea Mtambo
Chitipa|Mwabulambya|Andrew Kapenda
Chitipa|Mwabulambya|Chabunyila
Chitipa|Mwabulambya|Chafumila Nyondo
Chitipa|Mwabulambya|Chapyoka
Chitipa|Mwabulambya|Chele
Chitipa|Mwabulambya|Chikombwe
Chitipa|Mwabulambya|Chilupula
Chitipa|Mwabulambya|Chionga Siyombwe
Chitipa|Mwabulambya|Chipakama
Chitipa|Mwabulambya|Chiwelewele
Chitipa|Mwabulambya|Chiwelewele Ngﾇmbi
Chitipa|Mwabulambya|Daniel Nyondo
Chitipa|Mwabulambya|Davide Mwamusenga
Chitipa|Mwabulambya|Dundumizga
Chitipa|Mwabulambya|Efron Zambwe
Chitipa|Mwabulambya|Estone Ng'ambi
Chitipa|Mwabulambya|Flaison
Chitipa|Mwabulambya|Ibanda
Chitipa|Mwabulambya|Ifinda Ng'ambi
Chitipa|Mwabulambya|Ikumbilo
Chitipa|Mwabulambya|Isaac Nyondo
Chitipa|Mwabulambya|Isyalikila
Chitipa|Mwabulambya|James Nyondo
Chitipa|Mwabulambya|John Nyondo
Chitipa|Mwabulambya|Kafora Nyondo
Chitipa|Mwabulambya|Kakululu Siyombwe
Chitipa|Mwabulambya|Kaliati
Chitipa|Mwabulambya|Kaliyembe
Chitipa|Mwabulambya|Kamphumbu
Chitipa|Mwabulambya|Kampusike
Chitipa|Mwabulambya|Kanyaru
Chitipa|Mwabulambya|Kapaza
Chitipa|Mwabulambya|kapili
Chitipa|Mwabulambya|KASEYE
Chitipa|Mwabulambya|Kasisi Nyondo
Chitipa|Mwabulambya|Kasisi Nyondo (Kasisi I)
Chitipa|Mwabulambya|Kasita
Chitipa|Mwabulambya|Katutula
Chitipa|Mwabulambya|Kawilangwa
Chitipa|Mwabulambya|Kawinde
Chitipa|Mwabulambya|Kayanike
Chitipa|Mwabulambya|Kenani Chinzale
Chitipa|Mwabulambya|kenani Ng'ambi
Chitipa|Mwabulambya|Labani Chimzimu
Chitipa|Mwabulambya|Labani Nyondo
Chitipa|Mwabulambya|Lalata Nyondo
Chitipa|Mwabulambya|Lambasika
Chitipa|Mwabulambya|Lambasika Nyondo
Chitipa|Mwabulambya|Lazaro
Chitipa|Mwabulambya|Lazaro Chimzimu
Chitipa|Mwabulambya|Lodge Ng'ambi
Chitipa|Mwabulambya|Lunya Nyondo (Kasis II)
Chitipa|Mwabulambya|Madibira Namuyemba
Chitipa|Mwabulambya|Malepeka
Chitipa|Mwabulambya|Maligumu
Chitipa|Mwabulambya|Malokota Nyondo
Chitipa|Mwabulambya|Malupanga
Chitipa|Mwabulambya|Manase Ng'ambi Martin
Chitipa|Mwabulambya|Marko Ng'ambi
Chitipa|Mwabulambya|Masangalania
Chitipa|Mwabulambya|Masangano
Chitipa|Mwabulambya|Masasi
Chitipa|Mwabulambya|Masesye
Chitipa|Mwabulambya|Masesye (GVH)
Chitipa|Mwabulambya|Mateyu Nyondo
Chitipa|Mwabulambya|Mbalakasya
Chitipa|Mwabulambya|Mbengani Nyondo
Chitipa|Mwabulambya|Mbilima
Chitipa|Mwabulambya|Mbirikile
Chitipa|Mwabulambya|Mboya Chikululu
Chitipa|Mwabulambya|Mchinga Mtambo
Chitipa|Mwabulambya|Mlonga Mkisi
Chitipa|Mwabulambya|Moses Mkisi
Chitipa|Mwabulambya|Moses Mtambo
Chitipa|Mwabulambya|Moses Nyondo
Chitipa|Mwabulambya|Motela
Chitipa|Mwabulambya|Mpambwa Nyondo
Chitipa|Mwabulambya|Mpeta
Chitipa|Mwabulambya|Mpharura Kasisi
Chitipa|Mwabulambya|Mtitima
Chitipa|Mwabulambya|Mubanduke
Chitipa|Mwabulambya|Mufwenkha
Chitipa|Mwabulambya|Mugalure
Chitipa|Mwabulambya|Mugunda
Chitipa|Mwabulambya|Mukono Siyombwe
Chitipa|Mwabulambya|Mukonyama
Chitipa|Mwabulambya|Mukumbilende
Chitipa|Mwabulambya|Mulewu
Chitipa|Mwabulambya|Munyera
Chitipa|Mwabulambya|Musani Amosi
Chitipa|Mwabulambya|Muselema Ng'ambi
Chitipa|Mwabulambya|Mutikafundi
Chitipa|Mwabulambya|Mwachifumpha
Chitipa|Mwabulambya|Mwachiyongo
Chitipa|Mwabulambya|Mwafongo Ng'ambi
Chitipa|Mwabulambya|Mwakalomba
Chitipa|Mwabulambya|Mwakapendna
Chitipa|Mwabulambya|Mwakatima
Chitipa|Mwabulambya|Mwakawanga
Chitipa|Mwabulambya|Mwalala Siyombwe
Chitipa|Mwabulambya|Mwalama
Chitipa|Mwabulambya|Mwalupanga
Chitipa|Mwabulambya|Mwambenje
Chitipa|Mwabulambya|Mwamkumbwa
Chitipa|Mwabulambya|Mwamowa
Chitipa|Mwabulambya|Mwamunyera
Chitipa|Mwabulambya|Mwamuswelo
Chitipa|Mwabulambya|Mwamutende
Chitipa|Mwabulambya|Mwanga Simfukwe
Chitipa|Mwabulambya|Mwanjalati
Chitipa|Mwabulambya|Mwanjera
Chitipa|Mwabulambya|Mwanthendi
Chitipa|Mwabulambya|Mwenebungu
Chitipa|Mwabulambya|Mwenebwiba
Chitipa|Mwabulambya|Mwenechambo
Chitipa|Mwabulambya|Mwenechendo
Chitipa|Mwabulambya|Mwenechinga
Chitipa|Mwabulambya|Mwenechinunkha
Chitipa|Mwabulambya|Mwenefumbo
Chitipa|Mwabulambya|Mweneibanda
Chitipa|Mwabulambya|Mweneicheni
Chitipa|Mwabulambya|Mweneiyela
Chitipa|Mwabulambya|Mwenekaseye
Chitipa|Mwabulambya|Mwenekauze
Chitipa|Mwabulambya|Mwenekombwe
Chitipa|Mwabulambya|Mwenelondo
Chitipa|Mwabulambya|Mwenelufita
Chitipa|Mwabulambya|Mwenemsitu
Chitipa|Mwabulambya|Mwenemupapa
Chitipa|Mwabulambya|Mwenemupapa  {Chesa}
Chitipa|Mwabulambya|Mwenemusyembele
Chitipa|Mwabulambya|Mwenengala
Chitipa|Mwabulambya|Mweneyanga Mtambo
Chitipa|Mwabulambya|Mwengama Mtambo
Chitipa|Mwabulambya|Mwezimupya
Chitipa|Mwabulambya|Mwisalileghe
Chitipa|Mwabulambya|Mwitira Nyondo
Chitipa|Mwabulambya|Nachipangapanga
Chitipa|Mwabulambya|Nakasale
Chitipa|Mwabulambya|Nakhalamo katutula
Chitipa|Mwabulambya|Namasasa Mukombanyama
Chitipa|Mwabulambya|Namuyema {GVH}
Chitipa|Mwabulambya|Nandiata Iyela
Chitipa|Mwabulambya|Nandunda
Chitipa|Mwabulambya|Nang'amba Iyela
Chitipa|Mwabulambya|Ngwala
Chitipa|Mwabulambya|Ngwala Nyondo
Chitipa|Mwabulambya|Nkhamanga
Chitipa|Mwabulambya|Nowa Ng'ambi
Chitipa|Mwabulambya|Nselema Ng'ambi
Chitipa|Mwabulambya|Nthambalika
Chitipa|Mwabulambya|Nyamba Nyondo
Chitipa|Mwabulambya|Nyiuko
Chitipa|Mwabulambya|Nyivila Ng'ambi
Chitipa|Mwabulambya|Panta
Chitipa|Mwabulambya|Patrick Nkhonje
Chitipa|Mwabulambya|Phillip Nyondo
Chitipa|Mwabulambya|Polokoto
Chitipa|Mwabulambya|Reuben Ng'ambi
Chitipa|Mwabulambya|Ridwell  Nyondo
Chitipa|Mwabulambya|Robert Jumbe
Chitipa|Mwabulambya|Robert Ng'ambi
Chitipa|Mwabulambya|Rodgers Ng'ambi
Chitipa|Mwabulambya|Samphala
Chitipa|Mwabulambya|Samson Zamamba
Chitipa|Mwabulambya|Samu
Chitipa|Mwabulambya|Samuel Nyami
Chitipa|Mwabulambya|Sayini Nyondo
Chitipa|Mwabulambya|Sekwa
Chitipa|Mwabulambya|Selemani
Chitipa|Mwabulambya|Selemani Nyondo II
Chitipa|Mwabulambya|Sikwese
Chitipa|Mwabulambya|Simoni
Chitipa|Mwabulambya|Siyombwe
Chitipa|Mwabulambya|Sombezi
Chitipa|Mwabulambya|Supile Iyela Mtabo
Chitipa|Mwabulambya|Telatela
Chitipa|Mwabulambya|Ten Nyondo
Chitipa|Mwabulambya|Ten Nyondo (Kasisi IV)
Chitipa|Mwabulambya|Thom Ng'ambi
Chitipa|Mwabulambya|Thom Nyondo
Chitipa|Mwabulambya|Thom Zambwe
Chitipa|Mwabulambya|Timothy Mwenifuvya
Chitipa|Mwabulambya|Timothy Mwenifuvya Simfukwe
Chitipa|Mwabulambya|Titi Amosi
Chitipa|Mwabulambya|Tondola
Chitipa|Mwabulambya|Vumbo
Chitipa|Mwabulambya|Vunduvundu
Chitipa|Mwabulambya|Yafeti
Chitipa|Mwabulambya|Yamba Josephy
Chitipa|Mwabulambya|Yesaya
Chitipa|Mwabulambya|yesaya Ng'ambi
Chitipa|Mwabulambya|Yitote
Chitipa|Mwabulambya|Yohane Chimzimu
Chitipa|Mwabulambya|Yona Nyondo
Chitipa|Mwabulambya|Yotamu Nyondo
Chitipa|Mwabulambya|Zabira Mkisi
Chitipa|Mwabulambya|Zakaria
Chitipa|Mwabulambya|Zingalupiri
Chitipa|Mwabulambya|Zingwala
Chitipa|Mwenemisuku|Adam Musukwa
Chitipa|Mwenemisuku|Amoni Msukwa
Chitipa|Mwenemisuku|Amosi Msukwa
Chitipa|Mwenemisuku|Arthur Msukwa
Chitipa|Mwenemisuku|Basaleghe (Kanjere)
Chitipa|Mwenemisuku|Chibighi
Chitipa|Mwenemisuku|Chilalika  I (Kanjere)
Chitipa|Mwenemisuku|Chilalika  II (Kanjere)
Chitipa|Mwenemisuku|Chilambwene
Chitipa|Mwenemisuku|Chilashi
Chitipa|Mwenemisuku|Chobe
Chitipa|Mwenemisuku|Donald Msukwa
Chitipa|Mwenemisuku|Donald Mwakayela
Chitipa|Mwenemisuku|John Msukwa
Chitipa|Mwenemisuku|Jonasi Wayanga
Chitipa|Mwenemisuku|Kaboneka
Chitipa|Mwenemisuku|Kaboneka Musukwa
Chitipa|Mwenemisuku|Kabotola
Chitipa|Mwenemisuku|Kaboweka Musukwa
Chitipa|Mwenemisuku|Kaleghanya
Chitipa|Mwenemisuku|Kaleghanya I
Chitipa|Mwenemisuku|Kaleghanya II
Chitipa|Mwenemisuku|Kaleghanya Musukwa II
Chitipa|Mwenemisuku|Kasambala  I
Chitipa|Mwenemisuku|Kasambala II
Chitipa|Mwenemisuku|Kasumbi
Chitipa|Mwenemisuku|Lameck Msukwa
Chitipa|Mwenemisuku|Liford Mughona
Chitipa|Mwenemisuku|Luvira (V.H. Yafeti)
Chitipa|Mwenemisuku|Makeye
Chitipa|Mwenemisuku|Mbobe
Chitipa|Mwenemisuku|Mdulasi Munkhondya
Chitipa|Mwenemisuku|Mponda Musukwa
Chitipa|Mwenemisuku|Msimba
Chitipa|Mwenemisuku|Munganenghe Musukwa
Chitipa|Mwenemisuku|Musango  Musukwa  I
Chitipa|Mwenemisuku|Musango Musukwa   II
Chitipa|Mwenemisuku|Mwaipopo Musukwa
Chitipa|Mwenemisuku|Mwakalinga Mughona
Chitipa|Mwenemisuku|Mwalabila
Chitipa|Mwenemisuku|Mwalabila (Ighughu)
Chitipa|Mwenemisuku|Mwamalange
Chitipa|Mwenemisuku|Mwamalange  II
Chitipa|Mwenemisuku|Mwamalange I
Chitipa|Mwenemisuku|Mwambeta Musukwa
Chitipa|Mwenemisuku|Mwamukono I
Chitipa|Mwenemisuku|Mwamukono I Misuku
Chitipa|Mwenemisuku|Mwamukono II
Chitipa|Mwenemisuku|Mwandisi Misuku
Chitipa|Mwenemisuku|Mwangulukulu 3
Chitipa|Mwenemisuku|Mwangulukulu I
Chitipa|Mwenemisuku|Mwangulukulu II
Chitipa|Mwenemisuku|Mwenechipwela
Chitipa|Mwenemisuku|Mwenekapenda II
Chitipa|Mwenemisuku|Mwenekapoka I
Chitipa|Mwenemisuku|Mwenekapoka I (Masiku)
Chitipa|Mwenemisuku|Mwenekapoka III
Chitipa|Mwenemisuku|Mwenekumbilo
Chitipa|Mwenemisuku|Mwenetulo
Chitipa|Mwenemisuku|Nakabanjira
Chitipa|Mwenemisuku|Nakaushi
Chitipa|Mwenemisuku|Namene
Chitipa|Mwenemisuku|Namwene
Chitipa|Mwenemisuku|Njebete
Chitipa|Mwenemisuku|Peter Musukwa
Chitipa|Mwenemisuku|Robert Mwenechiula
Chitipa|Mwenemisuku|Samu Mwenechipwela
Chitipa|Mwenemisuku|Samusowa Musukwa
Chitipa|Mwenemisuku|Sanga
Chitipa|Mwenemisuku|Simumbo Lughalye
Chitipa|Mwenemisuku|Tayali Kanjere
Chitipa|Mwenemisuku|Thom Msukwa I
Chitipa|Mwenemisuku|Thom Msukwa II
Chitipa|Mwenemisuku|Walasa Musukwa
Chitipa|Mwenemisuku|William Mughona
Chitipa|Mwenemisuku|Wilson Musukwa
Chitipa|Mwenemisuku|Yafeti Mwenechilanga
Chitipa|Mwenemisuku|Yeneyene Msukwa
Chitipa|Mwenemisuku|Yolamu
Chitipa|Mwenemisuku|Zacharia (T/A Mwabulambya)
Chitipa|Mwenewenya|Aron Kalowe
Chitipa|Mwenewenya|Bale
Chitipa|Mwenewenya|Bugulira
Chitipa|Mwenewenya|Bulamwe
Chitipa|Mwenewenya|Chapangalika Temwamkondo
Chitipa|Mwenewenya|Chimaliro
Chitipa|Mwenewenya|Chindamba
Chitipa|Mwenewenya|Chipulingo
Chitipa|Mwenewenya|Chisenga
Chitipa|Mwenewenya|Chisenga Trading Centre
Chitipa|Mwenewenya|Chowe
Chitipa|Mwenewenya|Davide Kayira
Chitipa|Mwenewenya|Fwangaluwilo
Chitipa|Mwenewenya|Halide Kayira
Chitipa|Mwenewenya|Ibuluma
Chitipa|Mwenewenya|Jacobo Ng'ambi
Chitipa|Mwenewenya|Kabumbwe
Chitipa|Mwenewenya|Kafisa
Chitipa|Mwenewenya|Kagowe
Chitipa|Mwenewenya|Kalowe
Chitipa|Mwenewenya|Kamilamphande
Chitipa|Mwenewenya|Kaphondera
Chitipa|Mwenewenya|Kasinde
Chitipa|Mwenewenya|Katembo
Chitipa|Mwenewenya|Kaumbe
Chitipa|Mwenewenya|Kavomolo
Chitipa|Mwenewenya|Kwavi
Chitipa|Mwenewenya|Malawa
Chitipa|Mwenewenya|Mandunda
Chitipa|Mwenewenya|Mfinda
Chitipa|Mwenewenya|Mkwavi
Chitipa|Mwenewenya|Mkwavi Mtambo
Chitipa|Mwenewenya|Mpemba
Chitipa|Mwenewenya|Mphalapaze
Chitipa|Mwenewenya|Mphenjere
Chitipa|Mwenewenya|Mphenjere Kamilamphande
Chitipa|Mwenewenya|Mtambo Kabunguzi
Chitipa|Mwenewenya|Mtambo Temwamtambo
Chitipa|Mwenewenya|Mulumbi
Chitipa|Mwenewenya|Mumba
Chitipa|Mwenewenya|Mwenechirambo
Chitipa|Mwenewenya|Mwenechisenga
Chitipa|Mwenewenya|Mwenechuwa
Chitipa|Mwenewenya|Mwenekabanje
Chitipa|Mwenewenya|Mwenekanyilizi
Chitipa|Mwenewenya|Mwenekaswenthe
Chitipa|Mwenewenya|Mwenelutaba
Chitipa|Mwenewenya|Mwenemalawa
Chitipa|Mwenewenya|Mwenemapanji
Chitipa|Mwenewenya|Mwenembabula
Chitipa|Mwenewenya|Mwenemphanthe
Chitipa|Mwenewenya|Mwenemsuto
Chitipa|Mwenewenya|Mwenemulembe
Chitipa|Mwenewenya|Mwenenankhoza
Chitipa|Mwenewenya|Mwenenyimbiri
Chitipa|Mwenewenya|Mwenesonjela
Chitipa|Mwenewenya|Myombe
Chitipa|Mwenewenya|Mzimeru
Chitipa|Mwenewenya|Namapanji
Chitipa|Mwenewenya|Njolowile
Chitipa|Mwenewenya|Nyete
Chitipa|Mwenewenya|Sekwa
Chitipa|Mwenewenya|Temwankondo
Chitipa|Mwenewenya|Timothy Kayira
Chitipa|Mwenewenya|Tutwe
Chitipa|Mwenewenya|Ukamba
Chitipa|Mwenewenya|Vimbwi
Chitipa|Mwenewenya|Yotamu
Chitipa|Nthalire|Alick
Chitipa|Nthalire|Boko
Chitipa|Nthalire|Chagwambala
Chitipa|Nthalire|Chalaghala
Chitipa|Nthalire|Chalyamphangwi
Chitipa|Nthalire|Changala
Chitipa|Nthalire|Chikanga
Chitipa|Nthalire|Chikunguweya
Chitipa|Nthalire|Chilindaunyolo
Chitipa|Nthalire|Chimphusu
Chitipa|Nthalire|Chipekepeke
Chitipa|Nthalire|Chipolwe
Chitipa|Nthalire|Chipolwe Jodi
Chitipa|Nthalire|Chipolwe Mfundichombo
Chitipa|Nthalire|Chota Chimphanga
Chitipa|Nthalire|Kachulu
Chitipa|Nthalire|Kamhyongo
Chitipa|Nthalire|Kamilang'ombe
Chitipa|Nthalire|Kamilazovu
Chitipa|Nthalire|Kanjikiti
Chitipa|Nthalire|Kanyimbo(GVH Matulo)
Chitipa|Nthalire|Kapelemela
Chitipa|Nthalire|Kaperekezga
Chitipa|Nthalire|Kasasa
Chitipa|Nthalire|Kasuntha
Chitipa|Nthalire|Katete
Chitipa|Nthalire|Kawembe
Chitipa|Nthalire|Kazandu Chami
Chitipa|Nthalire|Kazesya
Chitipa|Nthalire|Kenani
Chitipa|Nthalire|Kopakopa
Chitipa|Nthalire|Likumba
Chitipa|Nthalire|Lukomo
Chitipa|Nthalire|Lukumba
Chitipa|Nthalire|Magonya
Chitipa|Nthalire|Makang'ang'a
Chitipa|Nthalire|Makatang'ombe
Chitipa|Nthalire|Malambo
Chitipa|Nthalire|Mambwe
Chitipa|Nthalire|Masele (GVH Lukomo)
Chitipa|Nthalire|Masoko
Chitipa|Nthalire|Matayandubi
Chitipa|Nthalire|Matipwa
Chitipa|Nthalire|Matulo
Chitipa|Nthalire|Mavumbo
Chitipa|Nthalire|Mgawachalo
Chitipa|Nthalire|Mpalaskawa
Chitipa|Nthalire|Mphanje
Chitipa|Nthalire|Msangabale1
Chitipa|Nthalire|Msiyawana
Chitipa|Nthalire|Mtanga
Chitipa|Nthalire|Mugawachalo
Chitipa|Nthalire|Musangabale
Chitipa|Nthalire|Mutale
Chitipa|Nthalire|Mutanga
Chitipa|Nthalire|Muthyengo
Chitipa|Nthalire|Muzimelo
Chitipa|Nthalire|Mwachiungu
Chitipa|Nthalire|Mwakayubania
Chitipa|Nthalire|Mwambanachi
Chitipa|Nthalire|Mwanyanja
Chitipa|Nthalire|Mwatayandubi
Chitipa|Nthalire|Mwenegamba
Chitipa|Nthalire|Mwenekamkunde
Chitipa|Nthalire|mwenelubungu
Chitipa|Nthalire|Mwenemughina
Chitipa|Nthalire|Mwenengﾇmba
Chitipa|Nthalire|Mwenevumo
Chitipa|Nthalire|Mwenje
Chitipa|Nthalire|Nthalire TC
Chitipa|Nthalire|Nthembatemba
Chitipa|Nthalire|Pembele
Chitipa|Nthalire|Salala
Chitipa|Nthalire|Tembani Chalaghala
Chitipa|Nthalire|Thumbo
Chitipa|Nthalire|Tulambo(GVH Lukomo)
Chitipa|Nthalire|Uledi
Chitipa|Nthalire|Vhochi(GVH Lukomo)
Chitipa|Nthalire|Wavikondo
Chitipa|Nthalire|Zambwe
Chitipa|Nthalire|Zgangamulima
Dedza|Chauma|Chaundwa
Dedza|Chauma|Biwi James
Dedza|Chauma|Buliyani
Dedza|Chauma|Chalendewa
Dedza|Chauma|Chatsika
Dedza|Chauma|Chauma
Dedza|Chauma|Chawala
Dedza|Chauma|Chigumula
Dedza|Chauma|Chikumba
Dedza|Chauma|Chilakalaka
Dedza|Chauma|Chilongosa
Dedza|Chauma|Chimbalanga
Dedza|Chauma|Chioza
Dedza|Chauma|Chisani
Dedza|Chauma|Chitsatsa
Dedza|Chauma|Chiwaza
Dedza|Chauma|Chizwa
Dedza|Chauma|Chonde
Dedza|Chauma|Dawe
Dedza|Chauma|Gonkho
Dedza|Chauma|Isaki
Dedza|Chauma|Kabindiza
Dedza|Chauma|Kalipinde
Dedza|Chauma|Kalumbi
Dedza|Chauma|Kambuwe
Dedza|Chauma|Kamphinda
Dedza|Chauma|Kangulu
Dedza|Chauma|Kaninde
Dedza|Chauma|Kaphuka
Dedza|Chauma|Kayesela
Dedza|Chauma|Khombe
Dedza|Chauma|Khwakhwa
Dedza|Chauma|Khwanangwa
Dedza|Chauma|Kuchombe
Dedza|Chauma|Kudooko
Dedza|Chauma|Kumbvule
Dedza|Chauma|Kumitengo
Dedza|Chauma|Kumizu
Dedza|Chauma|Kumulenga
Dedza|Chauma|Linyama
Dedza|Chauma|Makalani
Dedza|Chauma|Malowo
Dedza|Chauma|Mameta
Dedza|Chauma|Masinja
Dedza|Chauma|Matenje
Dedza|Chauma|Matipa
Dedza|Chauma|Mbilima
Dedza|Chauma|Mbvukuto
Dedza|Chauma|Mchepa
Dedza|Chauma|Mili
Dedza|Chauma|Mitawa
Dedza|Chauma|Miyowe
Dedza|Chauma|Mkanda
Dedza|Chauma|Mkanda II
Dedza|Chauma|Mkhumbwa
Dedza|Chauma|Mlembe
Dedza|Chauma|Mndende
Dedza|Chauma|Mnjolo
Dedza|Chauma|Mphonde
Dedza|Chauma|Mpondabwino
Dedza|Chauma|Mpondo
Dedza|Chauma|Mtolo
Dedza|Chauma|Muthawanthu
Dedza|Chauma|Mwanza
Dedza|Chauma|Mwili
Dedza|Chauma|Ndogolo
Dedza|Chauma|Njande
Dedza|Chauma|Nkateta
Dedza|Chauma|Nkhonka
Dedza|Chauma|Nkungula
Dedza|Chauma|Nkuta
Dedza|Chauma|Nthambwe
Dedza|Chauma|Sapita
Dedza|Chauma|Sete
Dedza|Chauma|Sikakolo
Dedza|Chauma|Tembwe
Dedza|Chauma|Thunduzi
Dedza|Chauma|Tsinkha
Dedza|Chauma|Tsoyo
Dedza|Chauma|Ziyaya
Dedza|Chilikumwendo|Adini
Dedza|Chilikumwendo|Aliyele
Dedza|Chilikumwendo|Amos Kakhosi
Dedza|Chilikumwendo|Aroni
Dedza|Chilikumwendo|Asafu
Dedza|Chilikumwendo|Banje
Dedza|Chilikumwendo|Batiwele
Dedza|Chilikumwendo|Beseni
Dedza|Chilikumwendo|Bonga
Dedza|Chilikumwendo|Booza
Dedza|Chilikumwendo|Buleya
Dedza|Chilikumwendo|Bwampanda
Dedza|Chilikumwendo|Chacha
Dedza|Chilikumwendo|Chafumbwa
Dedza|Chilikumwendo|Chafumbwa Trading Centre
Dedza|Chilikumwendo|Chakunkhulira
Dedza|Chilikumwendo|Chamangwana
Dedza|Chilikumwendo|Chantewa
Dedza|Chilikumwendo|Chao
Dedza|Chilikumwendo|Chatepa
Dedza|Chilikumwendo|Chatondeza
Dedza|Chilikumwendo|Chatsika
Dedza|Chilikumwendo|Chauwa
Dedza|Chilikumwendo|Chembe
Dedza|Chilikumwendo|Chezinje
Dedza|Chilikumwendo|Chidammodzi
Dedza|Chilikumwendo|Chidekwende
Dedza|Chilikumwendo|Chidewere
Dedza|Chilikumwendo|Chidewere Trading Centre
Dedza|Chilikumwendo|Chideza Trading Centre
Dedza|Chilikumwendo|Chidothi
Dedza|Chilikumwendo|Chidzanja
Dedza|Chilikumwendo|Chidzaye
Dedza|Chilikumwendo|Chidzibwa
Dedza|Chilikumwendo|Chigandiza
Dedza|Chilikumwendo|Chikadzakuwani
Dedza|Chilikumwendo|Chikandila
Dedza|Chilikumwendo|Chikhota
Dedza|Chilikumwendo|Chikuse
Dedza|Chilikumwendo|Chikuta
Dedza|Chilikumwendo|Chilemba
Dedza|Chilikumwendo|Chilkumwendo
Dedza|Chilikumwendo|Chimamba
Dedza|Chilikumwendo|Chimchere
Dedza|Chilikumwendo|Chimkokota
Dedza|Chilikumwendo|Chimodzi
Dedza|Chilikumwendo|Chimphanga
Dedza|Chilikumwendo|Chimphangu
Dedza|Chilikumwendo|Chimpikizo
Dedza|Chilikumwendo|Chimpsye
Dedza|Chilikumwendo|Chimseu
Dedza|Chilikumwendo|Chimteteka
Dedza|Chilikumwendo|Chimtundudza
Dedza|Chilikumwendo|Chimuka
Dedza|Chilikumwendo|Chimutu
Dedza|Chilikumwendo|Chimutu Dulani
Dedza|Chilikumwendo|Chimutu woyera
Dedza|Chilikumwendo|Chimwandele
Dedza|Chilikumwendo|Chingila
Dedza|Chilikumwendo|Chingondo
Dedza|Chilikumwendo|Chinkhalamba
Dedza|Chilikumwendo|Chinkhombe Chakuda
Dedza|Chilikumwendo|Chinkhombe Choyera
Dedza|Chilikumwendo|Chinthankhwa
Dedza|Chilikumwendo|Chiombola
Dedza|Chilikumwendo|Chipeni
Dedza|Chilikumwendo|Chipetsa
Dedza|Chilikumwendo|Chipingasa
Dedza|Chilikumwendo|Chisamba
Dedza|Chilikumwendo|Chisani
Dedza|Chilikumwendo|Chisembwere
Dedza|Chilikumwendo|Chiumba
Dedza|Chilikumwendo|Chiwala
Dedza|Chilikumwendo|Chiwera
Dedza|Chilikumwendo|Chizuzu
Dedza|Chilikumwendo|Chulu
Dedza|Chilikumwendo|Dambe
Dedza|Chilikumwendo|Dazi
Dedza|Chilikumwendo|Dulampingo
Dedza|Chilikumwendo|Dziimba
Dedza|Chilikumwendo|Dzonzi
Dedza|Chilikumwendo|Dzoole
Dedza|Chilikumwendo|Eneya
Dedza|Chilikumwendo|Folomani
Dedza|Chilikumwendo|Gaga
Dedza|Chilikumwendo|Gobede
Dedza|Chilikumwendo|Gudu
Dedza|Chilikumwendo|Gunduze
Dedza|Chilikumwendo|Gwengwe
Dedza|Chilikumwendo|Hazwell
Dedza|Chilikumwendo|Jere
Dedza|Chilikumwendo|Jeremia
Dedza|Chilikumwendo|Jolijo
Dedza|Chilikumwendo|Jordan
Dedza|Chilikumwendo|Jumbe
Dedza|Chilikumwendo|Kabwazi
Dedza|Chilikumwendo|Kachepa
Dedza|Chilikumwendo|Kachilamadzi
Dedza|Chilikumwendo|Kachitsa
Dedza|Chilikumwendo|Kadangwala
Dedza|Chilikumwendo|Kadengere
Dedza|Chilikumwendo|Kadongole
Dedza|Chilikumwendo|Kadyamba
Dedza|Chilikumwendo|Kadyaulesi
Dedza|Chilikumwendo|Kafotsela
Dedza|Chilikumwendo|Kajadira
Dedza|Chilikumwendo|Kajinya
Dedza|Chilikumwendo|Kakhome wokuda
Dedza|Chilikumwendo|Kakhome woyera
Dedza|Chilikumwendo|Kalamba
Dedza|Chilikumwendo|Kalikuti
Dedza|Chilikumwendo|Kalindang'ombe
Dedza|Chilikumwendo|Kalipande
Dedza|Chilikumwendo|Kalulu
Dedza|Chilikumwendo|Kalumba
Dedza|Chilikumwendo|Kalusa
Dedza|Chilikumwendo|Kaluweya
Dedza|Chilikumwendo|Kaluzi
Dedza|Chilikumwendo|Kamadzi
Dedza|Chilikumwendo|Kamangazula
Dedza|Chilikumwendo|Kamangeni
Dedza|Chilikumwendo|Kambuluma
Dedza|Chilikumwendo|Kambwata
Dedza|Chilikumwendo|Kamenya
Dedza|Chilikumwendo|Kamfoloma
Dedza|Chilikumwendo|Kamkodola
Dedza|Chilikumwendo|Kamkuzi
Dedza|Chilikumwendo|Kamtambo
Dedza|Chilikumwendo|Kamtukule
Dedza|Chilikumwendo|Kamvaili
Dedza|Chilikumwendo|Kaname
Dedza|Chilikumwendo|Kaname Trading Centre
Dedza|Chilikumwendo|Kandachulu
Dedza|Chilikumwendo|Kanjerwa
Dedza|Chilikumwendo|Kanjinga
Dedza|Chilikumwendo|Kankhomba
Dedza|Chilikumwendo|Kankhulungo
Dedza|Chilikumwendo|Kansepa
Dedza|Chilikumwendo|Kanyama
Dedza|Chilikumwendo|Kanyezi
Dedza|Chilikumwendo|Kanyezi Trading Centre
Dedza|Chilikumwendo|Kanyumbu
Dedza|Chilikumwendo|Kapefu
Dedza|Chilikumwendo|Kapesi
Dedza|Chilikumwendo|Kaphatso
Dedza|Chilikumwendo|Kapichila
Dedza|Chilikumwendo|Kapita
Dedza|Chilikumwendo|Kapondoza
Dedza|Chilikumwendo|Kasambamlopa
Dedza|Chilikumwendo|Kasauka
Dedza|Chilikumwendo|Kasile
Dedza|Chilikumwendo|Kasing'indi
Dedza|Chilikumwendo|Kathumba
Dedza|Chilikumwendo|Katsalapoti
Dedza|Chilikumwendo|Katsumba
Dedza|Chilikumwendo|Kawanza
Dedza|Chilikumwendo|Kawelama
Dedza|Chilikumwendo|Kazembe
Dedza|Chilikumwendo|Kazingatchile
Dedza|Chilikumwendo|Kazondo
Dedza|Chilikumwendo|Khokwa
Dedza|Chilikumwendo|Khomani
Dedza|Chilikumwendo|Khomela
Dedza|Chilikumwendo|Khondowe
Dedza|Chilikumwendo|Khute
Dedza|Chilikumwendo|Kukalambo
Dedza|Chilikumwendo|Kulale
Dedza|Chilikumwendo|Kuluweya
Dedza|Chilikumwendo|Kumalani
Dedza|Chilikumwendo|Kumbewe
Dedza|Chilikumwendo|Kumbisa
Dedza|Chilikumwendo|Kumbisa (Mose)
Dedza|Chilikumwendo|Kumchengo
Dedza|Chilikumwendo|Kumitawa
Dedza|Chilikumwendo|Kumkhembo
Dedza|Chilikumwendo|Kumwembe
Dedza|Chilikumwendo|Kuntamila
Dedza|Chilikumwendo|Kupingana
Dedza|Chilikumwendo|Kutsanja
Dedza|Chilikumwendo|Kwacheranji
Dedza|Chilikumwendo|Limbuno
Dedza|Chilikumwendo|Lipenga
Dedza|Chilikumwendo|Lodzanyama
Dedza|Chilikumwendo|Lojasi
Dedza|Chilikumwendo|Lolenzi
Dedza|Chilikumwendo|Lombwa
Dedza|Chilikumwendo|Lozani
Dedza|Chilikumwendo|Lumwila
Dedza|Chilikumwendo|Luzeni
Dedza|Chilikumwendo|Macheka
Dedza|Chilikumwendo|Magalasi
Dedza|Chilikumwendo|Magomero Trading Centre
Dedza|Chilikumwendo|Maguya
Dedza|Chilikumwendo|Makale
Dedza|Chilikumwendo|Makweleza
Dedza|Chilikumwendo|Malimba
Dedza|Chilikumwendo|Maliwa
Dedza|Chilikumwendo|Maloni
Dedza|Chilikumwendo|Manyenje
Dedza|Chilikumwendo|Maoza
Dedza|Chilikumwendo|Maphando
Dedza|Chilikumwendo|Masi
Dedza|Chilikumwendo|Masinja
Dedza|Chilikumwendo|Masinjang'ombe
Dedza|Chilikumwendo|Masitala
Dedza|Chilikumwendo|Masompha
Dedza|Chilikumwendo|Matumba
Dedza|Chilikumwendo|Mbela (Kachulu)
Dedza|Chilikumwendo|Mbeya
Dedza|Chilikumwendo|Mbingwani
Dedza|Chilikumwendo|M'bona
Dedza|Chilikumwendo|Mbwadzulu
Dedza|Chilikumwendo|Mchenga
Dedza|Chilikumwendo|Mchiuno
Dedza|Chilikumwendo|Mdochola
Dedza|Chilikumwendo|Mgawi
Dedza|Chilikumwendo|Mgombe
Dedza|Chilikumwendo|Mgwada
Dedza|Chilikumwendo|Mikundi
Dedza|Chilikumwendo|Mkakalawa
Dedza|Chilikumwendo|Mkangapoto
Dedza|Chilikumwendo|Mkhaladzulu
Dedza|Chilikumwendo|Mkhomo
Dedza|Chilikumwendo|Mkoka
Dedza|Chilikumwendo|Mkumphila
Dedza|Chilikumwendo|Mkunkhuntha
Dedza|Chilikumwendo|Mkwezalamba
Dedza|Chilikumwendo|Mkwinda
Dedza|Chilikumwendo|Mlenga
Dedza|Chilikumwendo|Mlinga
Dedza|Chilikumwendo|Mlombwa
Dedza|Chilikumwendo|Mlongoti
Dedza|Chilikumwendo|Mnjelema
Dedza|Chilikumwendo|Mnolo
Dedza|Chilikumwendo|Mnyanga
Dedza|Chilikumwendo|Moffati
Dedza|Chilikumwendo|Monjo
Dedza|Chilikumwendo|Moses
Dedza|Chilikumwendo|Mpango
Dedza|Chilikumwendo|Mphande
Dedza|Chilikumwendo|Mphando
Dedza|Chilikumwendo|Mphanyama
Dedza|Chilikumwendo|Mphedza Mphunda
Dedza|Chilikumwendo|Mphinzi
Dedza|Chilikumwendo|Mphoozi
Dedza|Chilikumwendo|Mpsyolo
Dedza|Chilikumwendo|Msampha
Dedza|Chilikumwendo|Msanza
Dedza|Chilikumwendo|Mtalimanja
Dedza|Chilikumwendo|Mtambo
Dedza|Chilikumwendo|Mtonda
Dedza|Chilikumwendo|Mvunguti
Dedza|Chilikumwendo|Mwachiwaza
Dedza|Chilikumwendo|Mwadzama
Dedza|Chilikumwendo|Mwambula
Dedza|Chilikumwendo|Mwampanda
Dedza|Chilikumwendo|Mwanzimba
Dedza|Chilikumwendo|Mwasiye
Dedza|Chilikumwendo|Mwazeni
Dedza|Chilikumwendo|Mweziukawala
Dedza|Chilikumwendo|Mzonde
Dedza|Chilikumwendo|Mzongo
Dedza|Chilikumwendo|Mzumazi
Dedza|Chilikumwendo|Namilaza
Dedza|Chilikumwendo|Nanganga
Dedza|Chilikumwendo|Nankhombo
Dedza|Chilikumwendo|Nanseta
Dedza|Chilikumwendo|Ndamera
Dedza|Chilikumwendo|Ndilima
Dedza|Chilikumwendo|Ndiyani
Dedza|Chilikumwendo|Ng'ombeyagwada
Dedza|Chilikumwendo|Nguluwe
Dedza|Chilikumwendo|Njale
Dedza|Chilikumwendo|Njati
Dedza|Chilikumwendo|Njeza
Dedza|Chilikumwendo|Njoka
Dedza|Chilikumwendo|Njuchi
Dedza|Chilikumwendo|Nkadzuka
Dedza|Chilikumwendo|Nkanthama
Dedza|Chilikumwendo|Nkupatira
Dedza|Chilikumwendo|Nthenga
Dedza|Chilikumwendo|Nthondo
Dedza|Chilikumwendo|Nyamasauka
Dedza|Chilikumwendo|Nyankhwi I
Dedza|Chilikumwendo|Nyankhwi II
Dedza|Chilikumwendo|Nyemba
Dedza|Chilikumwendo|Paliamodzi
Dedza|Chilikumwendo|Pazengeza
Dedza|Chilikumwendo|Phale
Dedza|Chilikumwendo|Phosi
Dedza|Chilikumwendo|Richard
Dedza|Chilikumwendo|Rufesi
Dedza|Chilikumwendo|Sagawa
Dedza|Chilikumwendo|Saidi
Dedza|Chilikumwendo|Saombam'manja
Dedza|Chilikumwendo|Sefasi
Dedza|Chilikumwendo|Simpha
Dedza|Chilikumwendo|Sing'anga
Dedza|Chilikumwendo|Suwedi
Dedza|Chilikumwendo|Tambalika
Dedza|Chilikumwendo|Tauka
Dedza|Chilikumwendo|Tchauya
Dedza|Chilikumwendo|Tchemba
Dedza|Chilikumwendo|Tchete
Dedza|Chilikumwendo|Tembwe
Dedza|Chilikumwendo|Thambalika
Dedza|Chilikumwendo|Thumba
Dedza|Chilikumwendo|Thunduzi
Dedza|Chilikumwendo|Tibwiri
Dedza|Chilikumwendo|Tomasi
Dedza|Chilikumwendo|Tsinkha
Dedza|Chilikumwendo|Tsongalagalu
Dedza|Chilikumwendo|Undi
Dedza|Chilikumwendo|Wandawanda
Dedza|Chilikumwendo|Wilinda
Dedza|Chilikumwendo|Yobe
Dedza|Chilikumwendo|Zamadenga
Dedza|Chilikumwendo|Zinyongo
Dedza|Dedza Town|bengo
Dedza|Dedza Town|Dalikeni
Dedza|Dedza Town|Dauya
Dedza|Dedza Town|Dedza town
Dedza|Dedza Town|Dedza Trading Centre
Dedza|Dedza Town|Kamkhudza
Dedza|Dedza Town|Kanduna
Dedza|Dedza Town|kapalamula
Dedza|Dedza Town|kapesi
Dedza|Dedza Town|Katsekaminga
Dedza|Dedza Town|Masina
Dedza|Dedza Town|mthandizi location
Dedza|Dedza Town|mzengereza
Dedza|Dedza Town|Sukasuka
Dedza|Dedza Town|Yahaya
Dedza|Kachindamoto|Abraham
Dedza|Kachindamoto|Asani
Dedza|Kachindamoto|Balala
Dedza|Kachindamoto|Bwanali
Dedza|Kachindamoto|Chabwera
Dedza|Kachindamoto|Chadzuwa
Dedza|Kachindamoto|Chagontha
Dedza|Kachindamoto|Chagunda
Dedza|Kachindamoto|Chambwinja
Dedza|Kachindamoto|Changotha
Dedza|Kachindamoto|Chatata
Dedza|Kachindamoto|Chatewa
Dedza|Kachindamoto|Chejelo
Dedza|Kachindamoto|Chepezi
Dedza|Kachindamoto|Chigwandali
Dedza|Kachindamoto|Chikakuda
Dedza|Kachindamoto|Chikaola
Dedza|Kachindamoto|CHIKOLERE
Dedza|Kachindamoto|CHIKOLOLERE
Dedza|Kachindamoto|Chikomba
Dedza|Kachindamoto|Chikoteza
Dedza|Kachindamoto|Chikwilira
Dedza|Kachindamoto|Chimgwandali
Dedza|Kachindamoto|Chingﾇngﾇ
Dedza|Kachindamoto|Chinseu
Dedza|Kachindamoto|Chipwaila
Dedza|Kachindamoto|Chitukula
Dedza|Kachindamoto|Chitule
Dedza|Kachindamoto|Chizondo
Dedza|Kachindamoto|Chumakhuku
Dedza|Kachindamoto|Chunde
Dedza|Kachindamoto|Dedza Escarpment Forest Reserve ( A )
Dedza|Kachindamoto|Dengeya
Dedza|Kachindamoto|Diena Estate
Dedza|Kachindamoto|Duwacheneka
Dedza|Kachindamoto|Dyela
Dedza|Kachindamoto|Dziko
Dedza|Kachindamoto|Elias
Dedza|Kachindamoto|Fole
Dedza|Kachindamoto|Fwalikile
Dedza|Kachindamoto|Galuanenenji
Dedza|Kachindamoto|Hawu
Dedza|Kachindamoto|Helani
Dedza|Kachindamoto|Hiwa
Dedza|Kachindamoto|Huwa
Dedza|Kachindamoto|Inulu
Dedza|Kachindamoto|James
Dedza|Kachindamoto|John Kadewere
Dedza|Kachindamoto|Josefati
Dedza|Kachindamoto|Kabota
Dedza|Kachindamoto|Kabulika
Dedza|Kachindamoto|Kachemisa
Dedza|Kachindamoto|Kadiwa
Dedza|Kachindamoto|Kadzakalowa
Dedza|Kachindamoto|Kafuka
Dedza|Kachindamoto|Kafulama
Dedza|Kachindamoto|Kakhome
Dedza|Kachindamoto|Kalindiza
Dedza|Kachindamoto|Kalonga
Dedza|Kachindamoto|Kambuku
Dedza|Kachindamoto|Kambuluma
Dedza|Kachindamoto|Kamchamba
Dedza|Kachindamoto|Kamphale
Dedza|Kachindamoto|Kampini
Dedza|Kachindamoto|Kamwachoka
Dedza|Kachindamoto|Kamwendo
Dedza|Kachindamoto|Kamwitsa
Dedza|Kachindamoto|Kamzati
Dedza|Kachindamoto|Kangwanda
Dedza|Kachindamoto|Kanjobvu
Dedza|Kachindamoto|Kankhande
Dedza|Kachindamoto|KANKHWANI
Dedza|Kachindamoto|Kanthete[Kautsire]
Dedza|Kachindamoto|Kantiki
Dedza|Kachindamoto|Kanyela
Dedza|Kachindamoto|Kanyelele
Dedza|Kachindamoto|Kanzingeni
Dedza|Kachindamoto|Kaphuka
Dedza|Kachindamoto|Kaphulika
Dedza|Kachindamoto|Kapiri
Dedza|Kachindamoto|Kapiri    2
Dedza|Kachindamoto|Kapiri Trading Centre
Dedza|Kachindamoto|Kasakala
Dedza|Kachindamoto|Kausi
Dedza|Kachindamoto|Kawongo
Dedza|Kachindamoto|Kazembe
Dedza|Kachindamoto|Khombe
Dedza|Kachindamoto|kudoole
Dedza|Kachindamoto|Kudzawe
Dedza|Kachindamoto|Leza
Dedza|Kachindamoto|Likhweche
Dedza|Kachindamoto|Liwengo
Dedza|Kachindamoto|Liwengwa
Dedza|Kachindamoto|Liwimbi
Dedza|Kachindamoto|Lumwila
Dedza|Kachindamoto|Lunguzi
Dedza|Kachindamoto|M`bwanomokowa
Dedza|Kachindamoto|Machisawo
Dedza|Kachindamoto|Madziansatsi
Dedza|Kachindamoto|Madziathuli
Dedza|Kachindamoto|Maiwaza   2
Dedza|Kachindamoto|Makwinja
Dedza|Kachindamoto|Maluza
Dedza|Kachindamoto|Masinja
Dedza|Kachindamoto|Mathemba
Dedza|Kachindamoto|Mayola
Dedza|Kachindamoto|Mbandambanda
Dedza|Kachindamoto|Mbangali
Dedza|Kachindamoto|Mchanja
Dedza|Kachindamoto|Mdyelangoma
Dedza|Kachindamoto|Mganga
Dedza|Kachindamoto|Mganja
Dedza|Kachindamoto|Mgawa
Dedza|Kachindamoto|Mgawi
Dedza|Kachindamoto|Michembo
Dedza|Kachindamoto|Mkaliwafa
Dedza|Kachindamoto|Mkhalira
Dedza|Kachindamoto|Mkhumbi
Dedza|Kachindamoto|Mkwaila
Dedza|Kachindamoto|Mkwaila   1
Dedza|Kachindamoto|Mkwaila  2
Dedza|Kachindamoto|Mlangeni
Dedza|Kachindamoto|Mlongoti
Dedza|Kachindamoto|MNZANGA
Dedza|Kachindamoto|MNZANGA GOLOMOTI TRADING CENTRE
Dedza|Kachindamoto|Mpango
Dedza|Kachindamoto|Msolo
Dedza|Kachindamoto|Msolo   2
Dedza|Kachindamoto|Msuka
Dedza|Kachindamoto|Msunduzeni
Dedza|Kachindamoto|Mtakataka
Dedza|Kachindamoto|Mtakataka Trading Centre
Dedza|Kachindamoto|Mtandamaha
Dedza|Kachindamoto|Mua Livulezi Forest Reserve
Dedza|Kachindamoto|Mua Tsanja Forest Reserve
Dedza|Kachindamoto|Mwaiwaza
Dedza|Kachindamoto|Mwasinja
Dedza|Kachindamoto|N`goma
Dedza|Kachindamoto|Nadzikhale
Dedza|Kachindamoto|Nankumba
Dedza|Kachindamoto|Nanyanje
Dedza|Kachindamoto|Nbendela
Dedza|Kachindamoto|Ndelema
Dedza|Kachindamoto|Ndindi
Dedza|Kachindamoto|Ndongwe
Dedza|Kachindamoto|Ngwimbi
Dedza|Kachindamoto|Njoka
Dedza|Kachindamoto|Njolo
Dedza|Kachindamoto|NKHOLOKOMBWA
Dedza|Kachindamoto|Nkondolire
Dedza|Kachindamoto|Nsabwe
Dedza|Kachindamoto|Ntakataka Airstrip
Dedza|Kachindamoto|Nthembanji
Dedza|Kachindamoto|Nyala
Dedza|Kachindamoto|Phumula
Dedza|Kachindamoto|Saiti
Dedza|Kachindamoto|Sitolo
Dedza|Kachindamoto|Sitolo   2
Dedza|Kachindamoto|Siwinda
Dedza|Kachindamoto|SOMANJE
Dedza|Kachindamoto|Songwe
Dedza|Kachindamoto|Tembetembe
Dedza|Kachindamoto|Thako
Dedza|Kachindamoto|Thukuliza
Dedza|Kachindamoto|Tidyenawo
Dedza|Kachindamoto|TSINYANI
Dedza|Kachindamoto|TSINYANI ESTATE
Dedza|Kachindamoto|Wendelela
Dedza|Kachindamoto|Zindebvu
Dedza|Kachindamoto|Ziwoya
Dedza|Kamenya Gwaza|Afisimulibe Jere
Dedza|Kamenya Gwaza|Akubembeke
Dedza|Kamenya Gwaza|Arberito
Dedza|Kamenya Gwaza|Arberto
Dedza|Kamenya Gwaza|Bembeke
Dedza|Kamenya Gwaza|Bembeke trading centre
Dedza|Kamenya Gwaza|Bembeke Turn Off Trading Centre
Dedza|Kamenya Gwaza|Buya
Dedza|Kamenya Gwaza|Chimkombelo
Dedza|Kamenya Gwaza|Chimkwita New Farm
Dedza|Kamenya Gwaza|Chimulambe
Dedza|Kamenya Gwaza|Chimvula
Dedza|Kamenya Gwaza|Chinkwita
Dedza|Kamenya Gwaza|Chinyamuka
Dedza|Kamenya Gwaza|Chinyamula
Dedza|Kamenya Gwaza|Chiphalika
Dedza|Kamenya Gwaza|Chisasiko
Dedza|Kamenya Gwaza|Dedza Escarpment F.R. {A}
Dedza|Kamenya Gwaza|Gonthi
Dedza|Kamenya Gwaza|Gundu
Dedza|Kamenya Gwaza|Jere
Dedza|Kamenya Gwaza|Juwa
Dedza|Kamenya Gwaza|Juwa Kadamanja
Dedza|Kamenya Gwaza|Kaboola
Dedza|Kamenya Gwaza|Kalilombe
Dedza|Kamenya Gwaza|Kamenyagwaza
Dedza|Kamenya Gwaza|Kamgulitseni
Dedza|Kamenya Gwaza|Kamtande
Dedza|Kamenya Gwaza|Kamtedza
Dedza|Kamenya Gwaza|Kangulitse
Dedza|Kamenya Gwaza|Kankhwani
Dedza|Kamenya Gwaza|Kantande
Dedza|Kamenya Gwaza|Kapenuka
Dedza|Kamenya Gwaza|Kaphonde
Dedza|Kamenya Gwaza|Kapusa
Dedza|Kamenya Gwaza|Katsakaminga
Dedza|Kamenya Gwaza|Kauye
Dedza|Kamenya Gwaza|Khanganya
Dedza|Kamenya Gwaza|Kulemeka
Dedza|Kamenya Gwaza|Kumbuwa
Dedza|Kamenya Gwaza|Kuthindi
Dedza|Kamenya Gwaza|Liwimbi
Dedza|Kamenya Gwaza|Manguluwe
Dedza|Kamenya Gwaza|Mangweru
Dedza|Kamenya Gwaza|Manyowa
Dedza|Kamenya Gwaza|Maonde
Dedza|Kamenya Gwaza|Martin
Dedza|Kamenya Gwaza|Masasa
Dedza|Kamenya Gwaza|Masula
Dedza|Kamenya Gwaza|Matchito
Dedza|Kamenya Gwaza|Mchochoma
Dedza|Kamenya Gwaza|Mkutu
Dedza|Kamenya Gwaza|Mpupulika
Dedza|Kamenya Gwaza|Msiyamphanje
Dedza|Kamenya Gwaza|Mua Livulezi Forest Reserve
Dedza|Kamenya Gwaza|Munyowe
Dedza|Kamenya Gwaza|Mwadyanji
Dedza|Kamenya Gwaza|Nadzikhale
Dedza|Kamenya Gwaza|Ng'ona
Dedza|Kamenya Gwaza|Ngonoondo
Dedza|Kamenya Gwaza|Njimbula
Dedza|Kamenya Gwaza|Nkhuku Yasochera
Dedza|Kamenya Gwaza|Nkungumbe
Dedza|Kamenya Gwaza|Nkutu
Dedza|Kamenya Gwaza|Samu
Dedza|Kamenya Gwaza|Simuka
Dedza|Kamenya Gwaza|Tsakanyani
Dedza|Kamenya Gwaza|Zinyongo
Dedza|Kaphuka|Amosi Kalonga
Dedza|Kaphuka|Aron Pendanyama
Dedza|Kaphuka|Aroni
Dedza|Kaphuka|Balusu
Dedza|Kaphuka|Bisiketi
Dedza|Kaphuka|Bisoni
Dedza|Kaphuka|Bokosi (kamonga)
Dedza|Kaphuka|bongololo
Dedza|Kaphuka|Bonya
Dedza|Kaphuka|Botolo
Dedza|Kaphuka|Chafwala
Dedza|Kaphuka|Chagalawanda
Dedza|Kaphuka|Chakhala
Dedza|Kaphuka|Chalera
Dedza|Kaphuka|Chalowa
Dedza|Kaphuka|Chamadenga
Dedza|Kaphuka|Chambwinja
Dedza|Kaphuka|Chamelera
Dedza|Kaphuka|Changole
Dedza|Kaphuka|Chang'ombe
Dedza|Kaphuka|Chapaluka
Dedza|Kaphuka|Chapatali
Dedza|Kaphuka|Chatsokera { Linthipe TPA }
Dedza|Kaphuka|Chawo
Dedza|Kaphuka|Chembe
Dedza|Kaphuka|Chemdula
Dedza|Kaphuka|Chewera
Dedza|Kaphuka|Chibwana
Dedza|Kaphuka|Chieletsa
Dedza|Kaphuka|Chifisi
Dedza|Kaphuka|Chigwedera
Dedza|Kaphuka|Chikanda
Dedza|Kaphuka|Chikanda Fourmiles
Dedza|Kaphuka|Chikandila
Dedza|Kaphuka|Chikaonda
Dedza|Kaphuka|Chikololere
Dedza|Kaphuka|Chikundi
Dedza|Kaphuka|Chikwasa
Dedza|Kaphuka|Chilala
Dedza|Kaphuka|Chilando
Dedza|Kaphuka|Chilanga
Dedza|Kaphuka|Chilopa
Dedza|Kaphuka|Chilunga { Linthipe TPA }
Dedza|Kaphuka|Chimamba
Dedza|Kaphuka|Chimasula
Dedza|Kaphuka|Chimati
Dedza|Kaphuka|Chimbala
Dedza|Kaphuka|Chimbalanga
Dedza|Kaphuka|Chimbiya
Dedza|Kaphuka|Chimbiya Trading Centre
Dedza|Kaphuka|Chimkonda
Dedza|Kaphuka|Chimkwita
Dedza|Kaphuka|Chimombo
Dedza|Kaphuka|Chimpanzi
Dedza|Kaphuka|Chimpeni
Dedza|Kaphuka|Chimphangwi
Dedza|Kaphuka|Chimtengo Amoni
Dedza|Kaphuka|Chimtiyange
Dedza|Kaphuka|Chimwakala
Dedza|Kaphuka|Chimzimu
Dedza|Kaphuka|Chinchere
Dedza|Kaphuka|Chindime
Dedza|Kaphuka|Ching'amba
Dedza|Kaphuka|Chingondo
Dedza|Kaphuka|Chinkhomba
Dedza|Kaphuka|Chinkhuti
Dedza|Kaphuka|Chinsangwi
Dedza|Kaphuka|Chinsomba
Dedza|Kaphuka|Chinthankhwa
Dedza|Kaphuka|Chinyama
Dedza|Kaphuka|Chiothera
Dedza|Kaphuka|Chioza
Dedza|Kaphuka|Chioza mtoso
Dedza|Kaphuka|Chiozakalichero
Dedza|Kaphuka|Chipampha
Dedza|Kaphuka|Chipeni
Dedza|Kaphuka|Chiphazi
Dedza|Kaphuka|Chiphoola
Dedza|Kaphuka|Chipira
Dedza|Kaphuka|Chipsye
Dedza|Kaphuka|Chisamba
Dedza|Kaphuka|Chisela
Dedza|Kaphuka|Chitenga
Dedza|Kaphuka|Chitimbe
Dedza|Kaphuka|Chitsa
Dedza|Kaphuka|Chiutsa { Linthipe TPA}
Dedza|Kaphuka|Chiwaka
Dedza|Kaphuka|Chizinga
Dedza|Kaphuka|Chizungulira
Dedza|Kaphuka|Chule I
Dedza|Kaphuka|Dambo
Dedza|Kaphuka|Dauka
Dedza|Kaphuka|Dauya
Dedza|Kaphuka|Dete
Dedza|Kaphuka|Dudu  Estate
Dedza|Kaphuka|Dudu II  Estate
Dedza|Kaphuka|Dzandi
Dedza|Kaphuka|Dzikambani
Dedza|Kaphuka|Dzololo
Dedza|Kaphuka|Dzoole
Dedza|Kaphuka|Dzunje
Dedza|Kaphuka|Eliya Chimtengo
Dedza|Kaphuka|Falikile
Dedza|Kaphuka|Fanuel
Dedza|Kaphuka|Fara
Dedza|Kaphuka|Galanga
Dedza|Kaphuka|Gesolomo
Dedza|Kaphuka|Gogo {Thete  B}
Dedza|Kaphuka|Gome
Dedza|Kaphuka|Gooke
Dedza|Kaphuka|Gowampingo
Dedza|Kaphuka|Gumbuchocho
Dedza|Kaphuka|Gwilani
Dedza|Kaphuka|Hinda
Dedza|Kaphuka|Huwa
Dedza|Kaphuka|Jameson
Dedza|Kaphuka|Jelemani
Dedza|Kaphuka|Jelufu
Dedza|Kaphuka|Jenya
Dedza|Kaphuka|Jibi (kamonga)
Dedza|Kaphuka|Kabanga
Dedza|Kaphuka|Kabango
Dedza|Kaphuka|Kabazimu
Dedza|Kaphuka|Kabumbu
Dedza|Kaphuka|Kabvumba
Dedza|Kaphuka|Kachala
Dedza|Kaphuka|Kachereko
Dedza|Kaphuka|Kachezi Estate
Dedza|Kaphuka|Kachikopa {Thete B}
Dedza|Kaphuka|Kachule{ Thete B}
Dedza|Kaphuka|Kafele
Dedza|Kaphuka|kafulama
Dedza|Kaphuka|Kafundula
Dedza|Kaphuka|kakhome
Dedza|Kaphuka|Kakhome I
Dedza|Kaphuka|Kakolo
Dedza|Kaphuka|Kalambule
Dedza|Kaphuka|Kalembere
Dedza|Kaphuka|Kalinyeke Trading Centre
Dedza|Kaphuka|Kalonga
Dedza|Kaphuka|Kalonga 1
Dedza|Kaphuka|Kalonga 2
Dedza|Kaphuka|Kambalame
Dedza|Kaphuka|Kambalawila
Dedza|Kaphuka|Kambewa
Dedza|Kaphuka|Kambulire
Dedza|Kaphuka|Kambuzi
Dedza|Kaphuka|Kamchira
Dedza|Kaphuka|Kamgondo
Dedza|Kaphuka|Kamitengo
Dedza|Kaphuka|Kamkodo
Dedza|Kaphuka|Kamondera
Dedza|Kaphuka|Kamonga
Dedza|Kaphuka|Kamongo
Dedza|Kaphuka|Kamphinda
Dedza|Kaphuka|Kamphonda
Dedza|Kaphuka|Kampote
Dedza|Kaphuka|Kamzati
Dedza|Kaphuka|Kanama
Dedza|Kaphuka|Kanfundula
Dedza|Kaphuka|Kangulu
Dedza|Kaphuka|kanjanga
Dedza|Kaphuka|Kankhomba
Dedza|Kaphuka|Kanolo
Dedza|Kaphuka|Kanthama
Dedza|Kaphuka|Kanyemba
Dedza|Kaphuka|kanyimbo
Dedza|Kaphuka|kanyimbo I
Dedza|Kaphuka|Kanyimbo II
Dedza|Kaphuka|Kanyosole
Dedza|Kaphuka|Kapakasa
Dedza|Kaphuka|Kapalasa
Dedza|Kaphuka|Kapeta
Dedza|Kaphuka|Kaphala
Dedza|Kaphuka|Kaphuka
Dedza|Kaphuka|Kapichira
Dedza|Kaphuka|kaponda
Dedza|Kaphuka|Kasaphira
Dedza|Kaphuka|Kasina
Dedza|Kaphuka|Kasina  {Linthipe  TPA}
Dedza|Kaphuka|Kasonjola
Dedza|Kaphuka|Kathubvu
Dedza|Kaphuka|Katison {Chongoni A}
Dedza|Kaphuka|Katsache
Dedza|Kaphuka|Katukule
Dedza|Kaphuka|Katuta
Dedza|Kaphuka|Kaweche
Dedza|Kaphuka|Kawere
Dedza|Kaphuka|Kawerenga
Dedza|Kaphuka|Khate
Dedza|Kaphuka|Khobwe
Dedza|Kaphuka|Khombe
Dedza|Kaphuka|Khuwi
Dedza|Kaphuka|Khwakhwa
Dedza|Kaphuka|Kubwera Estate
Dedza|Kaphuka|Kuchikowa
Dedza|Kaphuka|Kudemela
Dedza|Kaphuka|Kudemera
Dedza|Kaphuka|Kukada
Dedza|Kaphuka|kuluwina
Dedza|Kaphuka|Kuluwina {Linthipe TPA}
Dedza|Kaphuka|Kumano
Dedza|Kaphuka|Kumayani
Dedza|Kaphuka|Kumbuna
Dedza|Kaphuka|Kumbuna II
Dedza|Kaphuka|kumtelera
Dedza|Kaphuka|Kuntamba
Dedza|Kaphuka|Kuntelela
Dedza|Kaphuka|Kuntelera
Dedza|Kaphuka|Kutelera
Dedza|Kaphuka|Kuzinda
Dedza|Kaphuka|Kwendekeza
Dedza|Kaphuka|Lamusiteni
Dedza|Kaphuka|lanani
Dedza|Kaphuka|Likoloma
Dedza|Kaphuka|Likoloma {Linthipe TPA}
Dedza|Kaphuka|Likwenga
Dedza|Kaphuka|Linthipe  Estate
Dedza|Kaphuka|Linthipe l  TPA
Dedza|Kaphuka|Linthipe TPA
Dedza|Kaphuka|Liwilo
Dedza|Kaphuka|Lizulu
Dedza|Kaphuka|Lumwila
Dedza|Kaphuka|Lusinio
Dedza|Kaphuka|Machaka
Dedza|Kaphuka|machilika
Dedza|Kaphuka|Madaudau
Dedza|Kaphuka|Magombo
Dedza|Kaphuka|Magwalanga
Dedza|Kaphuka|Magwaza
Dedza|Kaphuka|Makankhula
Dedza|Kaphuka|Makoko
Dedza|Kaphuka|Makweya
Dedza|Kaphuka|Makwinja
Dedza|Kaphuka|Malanga
Dedza|Kaphuka|Malemia
Dedza|Kaphuka|Malindima
Dedza|Kaphuka|Mananga
Dedza|Kaphuka|Mang'umbi
Dedza|Kaphuka|Manondo
Dedza|Kaphuka|Mapanda
Dedza|Kaphuka|Masewera
Dedza|Kaphuka|Mataka
Dedza|Kaphuka|Mazengera
Dedza|Kaphuka|Mbalame
Dedza|Kaphuka|Mbalame2
Dedza|Kaphuka|Mbale
Dedza|Kaphuka|Mbela
Dedza|Kaphuka|Mbendera
Dedza|Kaphuka|Mbidzi
Dedza|Kaphuka|Mbingwani
Dedza|Kaphuka|Mboma
Dedza|Kaphuka|Mbwadzulu
Dedza|Kaphuka|Mbwechi
Dedza|Kaphuka|Mchepa
Dedza|Kaphuka|Mchila
Dedza|Kaphuka|Mchira
Dedza|Kaphuka|Mgundadzuwa
Dedza|Kaphuka|Milale
Dedza|Kaphuka|Mitawa
Dedza|Kaphuka|Mkanda
Dedza|Kaphuka|Mkane
Dedza|Kaphuka|Mkango
Dedza|Kaphuka|Mkhomo
Dedza|Kaphuka|Mkhonde
Dedza|Kaphuka|Mkhutamowa
Dedza|Kaphuka|Mkhuwi
Dedza|Kaphuka|Mkomba
Dedza|Kaphuka|Mkonda  Estate
Dedza|Kaphuka|Mkono
Dedza|Kaphuka|Mkutu
Dedza|Kaphuka|Mkuwazi chiutsi
Dedza|Kaphuka|Mkuzi
Dedza|Kaphuka|Mkwangwanya
Dedza|Kaphuka|Mkwata
Dedza|Kaphuka|Mkwinda
Dedza|Kaphuka|Mlamba
Dedza|Kaphuka|Mlinga
Dedza|Kaphuka|M'manga
Dedza|Kaphuka|M'manja
Dedza|Kaphuka|Mmaso
Dedza|Kaphuka|M'Maso
Dedza|Kaphuka|Mngongomwa
Dedza|Kaphuka|Mngongonda
Dedza|Kaphuka|M'nilo
Dedza|Kaphuka|Mnjondo
Dedza|Kaphuka|Mnungu
Dedza|Kaphuka|Mnyanga
Dedza|Kaphuka|Mosokoswa
Dedza|Kaphuka|Mothera I
Dedza|Kaphuka|Mothera II
Dedza|Kaphuka|Mpalale
Dedza|Kaphuka|Mpalale {Chongoni A}
Dedza|Kaphuka|Mpeni
Dedza|Kaphuka|Mphonde
Dedza|Kaphuka|Mphunda
Dedza|Kaphuka|Msampha
Dedza|Kaphuka|Msangu
Dedza|Kaphuka|Msekakanye
Dedza|Kaphuka|Mtalimanja
Dedza|Kaphuka|Mtanthila
Dedza|Kaphuka|Mtapo
Dedza|Kaphuka|Mtema
Dedza|Kaphuka|Mtembe
Dedza|Kaphuka|Mtenje
Dedza|Kaphuka|M'thala
Dedza|Kaphuka|Mthangata
Dedza|Kaphuka|Mthenga
Dedza|Kaphuka|Mtolo
Dedza|Kaphuka|Mtontho
Dedza|Kaphuka|Mtoso
Dedza|Kaphuka|Mtsimba
Dedza|Kaphuka|Mtunga
Dedza|Kaphuka|Mulangali
Dedza|Kaphuka|Mwachalo
Dedza|Kaphuka|Mwadzama
Dedza|Kaphuka|Mwalamba
Dedza|Kaphuka|Mwangala
Dedza|Kaphuka|Mwanjawule
Dedza|Kaphuka|Mwanjowa
Dedza|Kaphuka|Mwanzimba
Dedza|Kaphuka|Mwasadzu
Dedza|Kaphuka|Mwase
Dedza|Kaphuka|Mwataika
Dedza|Kaphuka|Mwenje
Dedza|Kaphuka|Mwenje Trading Centre
Dedza|Kaphuka|Mzalera
Dedza|Kaphuka|Mzengeleza
Dedza|Kaphuka|Mzenje
Dedza|Kaphuka|Nabwenje
Dedza|Kaphuka|Nachikunga
Dedza|Kaphuka|Nambitikula {Thete B}
Dedza|Kaphuka|Nampala
Dedza|Kaphuka|Nampala {Liinthipe TPA}
Dedza|Kaphuka|Nampantha
Dedza|Kaphuka|Nankhweso
Dedza|Kaphuka|Nankumba
Dedza|Kaphuka|Naoza
Dedza|Kaphuka|Napulu I
Dedza|Kaphuka|napulu II
Dedza|Kaphuka|Natcha
Dedza|Kaphuka|Nawoza
Dedza|Kaphuka|Ndakokwa
Dedza|Kaphuka|Ndingo
Dedza|Kaphuka|Nengo
Dedza|Kaphuka|Ng'ombe Yayera
Dedza|Kaphuka|Ngunda
Dedza|Kaphuka|Njelema
Dedza|Kaphuka|Njere
Dedza|Kaphuka|Njiwa
Dedza|Kaphuka|Njolo
Dedza|Kaphuka|Njuchi
Dedza|Kaphuka|Nkhaladzulu
Dedza|Kaphuka|Nkhanganya
Dedza|Kaphuka|Nkhomo
Dedza|Kaphuka|Nkhwazi
Dedza|Kaphuka|Nkumpenga
Dedza|Kaphuka|Nsaluyamadzi
Dedza|Kaphuka|Nsangu
Dedza|Kaphuka|Ntakati
Dedza|Kaphuka|Nteke
Dedza|Kaphuka|Nthache
Dedza|Kaphuka|Nthala
Dedza|Kaphuka|Ntholo
Dedza|Kaphuka|Ntolongo
Dedza|Kaphuka|Nyangu
Dedza|Kaphuka|Nyankhwi
Dedza|Kaphuka|Nyombe
Dedza|Kaphuka|Paiwe
Dedza|Kaphuka|Paulo
Dedza|Kaphuka|Phalula
Dedza|Kaphuka|phwenyereko
Dedza|Kaphuka|Phwere
Dedza|Kaphuka|Pinji
Dedza|Kaphuka|Potolani
Dedza|Kaphuka|Sadzola
Dedza|Kaphuka|Sagawa
Dedza|Kaphuka|Sakali
Dedza|Kaphuka|Salowa
Dedza|Kaphuka|Samuel
Dedza|Kaphuka|Santha {Linthipe TPA}
Dedza|Kaphuka|Sapemba
Dedza|Kaphuka|Saweta
Dedza|Kaphuka|Sefasi
Dedza|Kaphuka|Senjere
Dedza|Kaphuka|Sikedi
Dedza|Kaphuka|Simon
Dedza|Kaphuka|Sinthawika
Dedza|Kaphuka|Sipedi
Dedza|Kaphuka|Siyasiya
Dedza|Kaphuka|Solizala
Dedza|Kaphuka|Suzi
Dedza|Kaphuka|Suzi {Linthipe TPA}
Dedza|Kaphuka|Tawe
Dedza|Kaphuka|Thambalika
Dedza|Kaphuka|Thete {B}
Dedza|Kaphuka|Thomas
Dedza|Kaphuka|Tikiti
Dedza|Kaphuka|Tsabango
Dedza|Kaphuka|Tsalakunja
Dedza|Kaphuka|Tsikanadze
Dedza|Kaphuka|Tsoyo
Dedza|Kaphuka|Tulo
Dedza|Kaphuka|Tumbwe
Dedza|Kaphuka|Undi
Dedza|Kaphuka|Ungwe
Dedza|Kaphuka|Yasin
Dedza|Kaphuka|Yesaya
Dedza|Kaphuka|Yona
Dedza|Kaphuka|Zakalamba
Dedza|Kaphuka|Zikabuma
Dedza|Kaphuka|Zingano
Dedza|Kaphuka|Ziwoya
Dedza|Kaphuka|Zulu
Dedza|Kaphuka|Zuze
Dedza|Kasumbu|Adini
Dedza|Kasumbu|Alimu
Dedza|Kasumbu|Boko
Dedza|Kasumbu|Bula
Dedza|Kasumbu|Bwanali
Dedza|Kasumbu|Chabwanda
Dedza|Kasumbu|Chabwera
Dedza|Kasumbu|Chadzunda
Dedza|Kasumbu|Chaima
Dedza|Kasumbu|Chakana
Dedza|Kasumbu|Chalasamongo
Dedza|Kasumbu|Chalinda
Dedza|Kasumbu|Chambwinja
Dedza|Kasumbu|Chapepa
Dedza|Kasumbu|Chapola
Dedza|Kasumbu|Chauwa
Dedza|Kasumbu|Chayera
Dedza|Kasumbu|Chembe
Dedza|Kasumbu|Chigome
Dedza|Kasumbu|Chigugu
Dedza|Kasumbu|Chikakuda
Dedza|Kasumbu|Chikang'a
Dedza|Kasumbu|Chikhodobole
Dedza|Kasumbu|Chikuse
Dedza|Kasumbu|Chikuyu
Dedza|Kasumbu|Chilasamongo
Dedza|Kasumbu|Chilindaukwe
Dedza|Kasumbu|Chilinjiro
Dedza|Kasumbu|Chiluzi
Dedza|Kasumbu|Chimbuzi
Dedza|Kasumbu|Chimphandu
Dedza|Kasumbu|Chione
Dedza|Kasumbu|Chiphazi {Chongoni TPA}
Dedza|Kasumbu|Chiphe
Dedza|Kasumbu|Chiphuka
Dedza|Kasumbu|Chiwamba
Dedza|Kasumbu|Chiyaka
Dedza|Kasumbu|Chiyamba
Dedza|Kasumbu|Chiyang'ana
Dedza|Kasumbu|Chizonga
Dedza|Kasumbu|Chizongola
Dedza|Kasumbu|Chuma
Dedza|Kasumbu|Damison
Dedza|Kasumbu|Dauda
Dedza|Kasumbu|Dedza Escarpment F.R. (A)
Dedza|Kasumbu|Dedza Mountain F.R.
Dedza|Kasumbu|Dende
Dedza|Kasumbu|Dowela
Dedza|Kasumbu|Dzombe
Dedza|Kasumbu|Dzungu
Dedza|Kasumbu|Gomani
Dedza|Kasumbu|Gwazaudwale
Dedza|Kasumbu|Hifupa  { Chongoni TPA}
Dedza|Kasumbu|Idi
Dedza|Kasumbu|Jailosi
Dedza|Kasumbu|Jimu
Dedza|Kasumbu|Joseph
Dedza|Kasumbu|Kachemba
Dedza|Kasumbu|Kachere
Dedza|Kasumbu|Kachitsa
Dedza|Kasumbu|Kachombo(Chimutu)
Dedza|Kasumbu|Kadauma
Dedza|Kasumbu|Kadothi
Dedza|Kasumbu|Kafwafwa
Dedza|Kasumbu|Kaifa
Dedza|Kasumbu|Kalimbang'mbe
Dedza|Kasumbu|Kalindidza
Dedza|Kasumbu|Kalino
Dedza|Kasumbu|Kambuzi
Dedza|Kasumbu|Kambwiri
Dedza|Kasumbu|Kamdondo
Dedza|Kasumbu|Kamudziaka
Dedza|Kasumbu|Kanganga
Dedza|Kasumbu|Kanguswa
Dedza|Kasumbu|Kankhomba
Dedza|Kasumbu|Kankhudza
Dedza|Kasumbu|Kanyada
Dedza|Kasumbu|Kanyama
Dedza|Kasumbu|Kanyenda
Dedza|Kasumbu|Kanyodole
Dedza|Kasumbu|Kapale
Dedza|Kasumbu|Kapesi
Dedza|Kasumbu|Kapumpha
Dedza|Kasumbu|Kasankha
Dedza|Kasumbu|Kasumbu
Dedza|Kasumbu|Katsekela
Dedza|Kasumbu|Katsekera
Dedza|Kasumbu|Kayendele
Dedza|Kasumbu|Khombe
Dedza|Kasumbu|Khongoni
Dedza|Kasumbu|Kuching'amba
Dedza|Kasumbu|Kudzowe
Dedza|Kasumbu|Kuliweya
Dedza|Kasumbu|Kuluya
Dedza|Kasumbu|Kumalikha
Dedza|Kasumbu|Kumayani
Dedza|Kasumbu|Kumbande
Dedza|Kasumbu|Kumbewe
Dedza|Kasumbu|Kumzutsa
Dedza|Kasumbu|Kungawo
Dedza|Kasumbu|Kuwenje
Dedza|Kasumbu|Kwelete
Dedza|Kasumbu|Kwilombe
Dedza|Kasumbu|Likonde
Dedza|Kasumbu|Lipanda
Dedza|Kasumbu|Liphuphwe
Dedza|Kasumbu|Lodzanyama
Dedza|Kasumbu|Lumwila
Dedza|Kasumbu|Madzedze
Dedza|Kasumbu|Madzumbi
Dedza|Kasumbu|Magunditsa
Dedza|Kasumbu|Makhunyula
Dedza|Kasumbu|Malinga
Dedza|Kasumbu|Malopa
Dedza|Kasumbu|Malowa
Dedza|Kasumbu|Maluwa
Dedza|Kasumbu|Mame
Dedza|Kasumbu|Mamulu
Dedza|Kasumbu|Mang'ombo
Dedza|Kasumbu|Manyenje
Dedza|Kasumbu|Masikamu
Dedza|Kasumbu|Masinja
Dedza|Kasumbu|Matenje
Dedza|Kasumbu|Mawilo
Dedza|Kasumbu|Mbalame
Dedza|Kasumbu|Mbimbi
Dedza|Kasumbu|Mbozi
Dedza|Kasumbu|Mdala
Dedza|Kasumbu|Mgawa
Dedza|Kasumbu|Mgawanyumba
Dedza|Kasumbu|Mgontha
Dedza|Kasumbu|Minjale
Dedza|Kasumbu|Mkagula
Dedza|Kasumbu|Mkhalapadzuwa
Dedza|Kasumbu|Mkoma
Dedza|Kasumbu|Mkomeko
Dedza|Kasumbu|Mkono
Dedza|Kasumbu|Mkuchila
Dedza|Kasumbu|Mkulamwendo
Dedza|Kasumbu|Mkumphila
Dedza|Kasumbu|Mkundi
Dedza|Kasumbu|Mkuziwalela
Dedza|Kasumbu|Mkwatama
Dedza|Kasumbu|Mlungusi
Dedza|Kasumbu|Mnyati
Dedza|Kasumbu|Mpalale
Dedza|Kasumbu|Mpalale {Chongoni TPA}
Dedza|Kasumbu|Mpale
Dedza|Kasumbu|Mpango
Dedza|Kasumbu|Mpatsamanja
Dedza|Kasumbu|Mpeta
Dedza|Kasumbu|Mphwanga
Dedza|Kasumbu|Mpokosa
Dedza|Kasumbu|Mponda
Dedza|Kasumbu|Mposa
Dedza|Kasumbu|Mpotola
Dedza|Kasumbu|Msituwalengwe F.R.
Dedza|Kasumbu|Msumbi
Dedza|Kasumbu|Msuzi
Dedza|Kasumbu|Mtalimanja
Dedza|Kasumbu|Mtekwe
Dedza|Kasumbu|Mtiwe
Dedza|Kasumbu|Mtukula
Dedza|Kasumbu|Muyayano
Dedza|Kasumbu|Mwangala
Dedza|Kasumbu|Mwanyamdoko
Dedza|Kasumbu|Mwape
Dedza|Kasumbu|Mwawa
Dedza|Kasumbu|Mwenje
Dedza|Kasumbu|Mzinga
Dedza|Kasumbu|Mzoola
Dedza|Kasumbu|Nachulungo
Dedza|Kasumbu|Nakaonga
Dedza|Kasumbu|Nakaunga
Dedza|Kasumbu|Nakawona
Dedza|Kasumbu|Nampato
Dedza|Kasumbu|Naoza
Dedza|Kasumbu|Ndembo
Dedza|Kasumbu|Ngondo
Dedza|Kasumbu|Ngwere
Dedza|Kasumbu|Ngwimbi
Dedza|Kasumbu|Njengwe
Dedza|Kasumbu|Nkhonde
Dedza|Kasumbu|Nkoleska
Dedza|Kasumbu|Nkonkhela
Dedza|Kasumbu|Nkunga
Dedza|Kasumbu|Nkwatama
Dedza|Kasumbu|Nsamba
Dedza|Kasumbu|Ntachile
Dedza|Kasumbu|Ntalika
Dedza|Kasumbu|Ntasi
Dedza|Kasumbu|Ntukuso
Dedza|Kasumbu|Nyama
Dedza|Kasumbu|Nyanyala
Dedza|Kasumbu|Nyundo
Dedza|Kasumbu|Nzenje
Dedza|Kasumbu|Pepala
Dedza|Kasumbu|Phulusa
Dedza|Kasumbu|Pilato
Dedza|Kasumbu|Pinji
Dedza|Kasumbu|Sadzu
Dedza|Kasumbu|Saidi
Dedza|Kasumbu|Samama
Dedza|Kasumbu|Sani
Dedza|Kasumbu|Saopa
Dedza|Kasumbu|Sosola
Dedza|Kasumbu|Tabu
Dedza|Kasumbu|Tembwe
Dedza|Kasumbu|Thangaludzu
Dedza|Kasumbu|Thomu
Dedza|Kasumbu|Thundu
Dedza|Kasumbu|Tongole
Dedza|Kasumbu|Tsokalankhuku
Dedza|Kasumbu|Undi
Dedza|Kasumbu|Wisiki
Dedza|Kasumbu|Zengo
Dedza|Kasumbu|Zisanza
Dedza|Kasumbu|Ziyenda
Dedza|Pemba|A.D kamangile
Dedza|Pemba|Adamu
Dedza|Pemba|B. Kalinde
Dedza|Pemba|B. Kapitapita
Dedza|Pemba|Baluwa
Dedza|Pemba|Bamusi
Dedza|Pemba|Bandawe
Dedza|Pemba|Banga
Dedza|Pemba|Bango
Dedza|Pemba|Bango Trading Centre
Dedza|Pemba|Bauleni Mkhomaanthu
Dedza|Pemba|Bedi
Dedza|Pemba|Bema
Dedza|Pemba|Benjamin
Dedza|Pemba|Betenego
Dedza|Pemba|Binkhwa
Dedza|Pemba|Binzi
Dedza|Pemba|Bisimeni
Dedza|Pemba|Bokosi
Dedza|Pemba|Bonde
Dedza|Pemba|Bonongwe
Dedza|Pemba|Bowa
Dedza|Pemba|Bruno
Dedza|Pemba|Bwana Mokowa
Dedza|Pemba|Chabuka
Dedza|Pemba|Chadzunda
Dedza|Pemba|Chagona
Dedza|Pemba|Chakachadza
Dedza|Pemba|Chakhota
Dedza|Pemba|Chakufa
Dedza|Pemba|Chakulangila
Dedza|Pemba|Chakuwala
Dedza|Pemba|Chamadenga
Dedza|Pemba|Chambwe
Dedza|Pemba|Chamoto
Dedza|Pemba|Changadeya
Dedza|Pemba|Chanthunya
Dedza|Pemba|Chapukuta
Dedza|Pemba|Chathunya
Dedza|Pemba|Chauwa
Dedza|Pemba|Chauya
Dedza|Pemba|Chengunda
Dedza|Pemba|Chibwezo
Dedza|Pemba|Chidangwe
Dedza|Pemba|Chidula
Dedza|Pemba|Chika
Dedza|Pemba|Chikalipo
Dedza|Pemba|Chikandwe
Dedza|Pemba|Chikufikani
Dedza|Pemba|Chikukuwo
Dedza|Pemba|Chikulungeni
Dedza|Pemba|Chikumba
Dedza|Pemba|Chikuyu Estate
Dedza|Pemba|Chikwita
Dedza|Pemba|Chilije
Dedza|Pemba|Chilitsoka
Dedza|Pemba|Chilobzi
Dedza|Pemba|Chimalira
Dedza|Pemba|Chimanga
Dedza|Pemba|Chimbalanga
Dedza|Pemba|Chimkunda
Dedza|Pemba|Chimkwita
Dedza|Pemba|Chimombo
Dedza|Pemba|Chimowa
Dedza|Pemba|Chimphalika
Dedza|Pemba|Chimsakaso
Dedza|Pemba|Chimutu
Dedza|Pemba|Chindamba
Dedza|Pemba|Chingalunyamuka
Dedza|Pemba|Chinganji
Dedza|Pemba|Chinguwo
Dedza|Pemba|Chingwalu
Dedza|Pemba|Chinkhombe I
Dedza|Pemba|Chinkhu
Dedza|Pemba|Chinseu
Dedza|Pemba|Chinthasa
Dedza|Pemba|Chinzu
Dedza|Pemba|Chipafi
Dedza|Pemba|Chipanga
Dedza|Pemba|Chiphe
Dedza|Pemba|Chipolopolo
Dedza|Pemba|Chisambo
Dedza|Pemba|Chiswe
Dedza|Pemba|Chitheka
Dedza|Pemba|Chithimba
Dedza|Pemba|Chitimbe
Dedza|Pemba|Chitsamba
Dedza|Pemba|Chitukula
Dedza|Pemba|Chitungwi
Dedza|Pemba|Chiwoko
Dedza|Pemba|Chizimu
Dedza|Pemba|Chizuzu
Dedza|Pemba|Chokodala
Dedza|Pemba|Chombwe
Dedza|Pemba|Chonde
Dedza|Pemba|Chopenga
Dedza|Pemba|Chumachitsala
Dedza|Pemba|Dailesi
Dedza|Pemba|Dalaban Estate
Dedza|Pemba|Dalikeni
Dedza|Pemba|Daniel
Dedza|Pemba|Davide
Dedza|Pemba|Dekelesi
Dedza|Pemba|Diamphwe Camp
Dedza|Pemba|Dickson
Dedza|Pemba|Dimoni
Dedza|Pemba|Dolobeni
Dedza|Pemba|Domoya
Dedza|Pemba|Dzaipatambilika
Dedza|Pemba|Dzalanyama Forest Reserve
Dedza|Pemba|Dzatumbe Estate
Dedza|Pemba|Dzinkambani
Dedza|Pemba|Dzoononga
Dedza|Pemba|Eliyasi
Dedza|Pemba|Fifitini
Dedza|Pemba|Fosa
Dedza|Pemba|Gabriel huwa
Dedza|Pemba|Gaga
Dedza|Pemba|Ganda
Dedza|Pemba|Genda
Dedza|Pemba|Genda Mtambalika
Dedza|Pemba|German
Dedza|Pemba|Geza kafumbi
Dedza|Pemba|Gidioni
Dedza|Pemba|Gilbert
Dedza|Pemba|Gogo
Dedza|Pemba|Gomo
Dedza|Pemba|Gonkho
Dedza|Pemba|Guliguli
Dedza|Pemba|Gumbo
Dedza|Pemba|Gunde
Dedza|Pemba|Gunduze
Dedza|Pemba|Gwaza
Dedza|Pemba|Gwede
Dedza|Pemba|Hale
Dedza|Pemba|Hasamu
Dedza|Pemba|Henock
Dedza|Pemba|Hezekiya
Dedza|Pemba|Huwa
Dedza|Pemba|Jadiele
Dedza|Pemba|Jeke
Dedza|Pemba|Jeke Mwandauka
Dedza|Pemba|Jentcherere Camp
Dedza|Pemba|Jeremiya
Dedza|Pemba|Jeriko Katamba
Dedza|Pemba|John
Dedza|Pemba|Jolamu
Dedza|Pemba|Jonasi
Dedza|Pemba|Jumbe
Dedza|Pemba|Kababu
Dedza|Pemba|Kabanga
Dedza|Pemba|Kabango
Dedza|Pemba|Kabinda
Dedza|Pemba|kabwalo
Dedza|Pemba|Kachikoti
Dedza|Pemba|Kachikwa
Dedza|Pemba|Kachipeya
Dedza|Pemba|Kachule
Dedza|Pemba|Kadembo
Dedza|Pemba|Kadule
Dedza|Pemba|Kadzabwani
Dedza|Pemba|Kadzinja
Dedza|Pemba|Kadzombe
Dedza|Pemba|Kafere
Dedza|Pemba|Kafotokoza
Dedza|Pemba|Kafotsela
Dedza|Pemba|Kafumbi
Dedza|Pemba|Kaimaima
Dedza|Pemba|Kaimvi
Dedza|Pemba|Kainga
Dedza|Pemba|Kainga [ Lobi TPA]
Dedza|Pemba|Kainja Farm
Dedza|Pemba|Kalamba
Dedza|Pemba|Kalambalika
Dedza|Pemba|Kalemba
Dedza|Pemba|Kaliyozi
Dedza|Pemba|Kalumba
Dedza|Pemba|Kalute
Dedza|Pemba|Kamala
Dedza|Pemba|Kamala  [ Lobi TPA]
Dedza|Pemba|Kamalizeni
Dedza|Pemba|Kamanga Estate
Dedza|Pemba|Kambadza
Dedza|Pemba|Kambira
Dedza|Pemba|Kamenya
Dedza|Pemba|Kamfoloma
Dedza|Pemba|Kamfunda
Dedza|Pemba|Kampangani
Dedza|Pemba|Kamphanza
Dedza|Pemba|Kampheta
Dedza|Pemba|Kamphinda
Dedza|Pemba|Kamwendo
Dedza|Pemba|Kanamwalikwao
Dedza|Pemba|Kandiyanja
Dedza|Pemba|Kango
Dedza|Pemba|Kang'ombe
Dedza|Pemba|Kanjoli
Dedza|Pemba|Kanjozi
Dedza|Pemba|Kankhomba
Dedza|Pemba|Kanolo
Dedza|Pemba|Kantande
Dedza|Pemba|Kanthungo
Dedza|Pemba|Kanyambitira
Dedza|Pemba|Kanyanda
Dedza|Pemba|Kanyimbi
Dedza|Pemba|Kanyulukuta
Dedza|Pemba|Kanyumbi
Dedza|Pemba|Kapako
Dedza|Pemba|Kapandamtukulu
Dedza|Pemba|Kapiriuta Trading Centre
Dedza|Pemba|Kapitapita
Dedza|Pemba|kaponya
Dedza|Pemba|Kapunzang'ﾗna
Dedza|Pemba|Kasakamula
Dedza|Pemba|Kasambamlopa
Dedza|Pemba|Kasasa
Dedza|Pemba|Kasese
Dedza|Pemba|Kasiya
Dedza|Pemba|Kasiyamphanje
Dedza|Pemba|Kasonda
Dedza|Pemba|Katanda
Dedza|Pemba|Katedza
Dedza|Pemba|Katenje
Dedza|Pemba|Katsache
Dedza|Pemba|Kaudzu
Dedza|Pemba|Kauma
Dedza|Pemba|Kaundachulu
Dedza|Pemba|Kaunde
Dedza|Pemba|Kaundu
Dedza|Pemba|Kaunyolo
Dedza|Pemba|Kawaza
Dedza|Pemba|Kawelama
Dedza|Pemba|Kazombe
Dedza|Pemba|Khadze
Dedza|Pemba|Khembo
Dedza|Pemba|Kholowa
Dedza|Pemba|Khomani
Dedza|Pemba|Khombe
Dedza|Pemba|Khomo
Dedza|Pemba|Khudzumba
Dedza|Pemba|Khulingila
Dedza|Pemba|Khulungila
Dedza|Pemba|Kubondo
Dedza|Pemba|Kuchikowa
Dedza|Pemba|Kuchinamwali
Dedza|Pemba|Kuchipanga
Dedza|Pemba|Kudambo
Dedza|Pemba|Kude
Dedza|Pemba|Kumakuli
Dedza|Pemba|Kum'buka
Dedza|Pemba|Kumilambe
Dedza|Pemba|Kumilonde
Dedza|Pemba|Kumitawa
Dedza|Pemba|Kumitengo
Dedza|Pemba|Kumsakaso
Dedza|Pemba|Kunjawa
Dedza|Pemba|Kunkanga
Dedza|Pemba|Kunsinja
Dedza|Pemba|Kupeta
Dedza|Pemba|Kutsolo
Dedza|Pemba|Langisoni
Dedza|Pemba|Lasani 1
Dedza|Pemba|Lasani 2
Dedza|Pemba|Lazaro
Dedza|Pemba|Lembani
Dedza|Pemba|Lembo Kamwendo
Dedza|Pemba|Lemesi
Dedza|Pemba|Lemusi
Dedza|Pemba|Leonard
Dedza|Pemba|Levi
Dedza|Pemba|Liabunya
Dedza|Pemba|Likhetho
Dedza|Pemba|Lingaka
Dedza|Pemba|Livinza
Dedza|Pemba|Liwonde makala
Dedza|Pemba|Lobi  TPA
Dedza|Pemba|Lobi Trading Centre
Dedza|Pemba|Lodzanyama
Dedza|Pemba|Lombwa
Dedza|Pemba|Lombwandile Trading Centre
Dedza|Pemba|Loti
Dedza|Pemba|Lumwila
Dedza|Pemba|Lupiya
Dedza|Pemba|Mabeka
Dedza|Pemba|Machini
Dedza|Pemba|Mafedwe
Dedza|Pemba|Magalanga
Dedza|Pemba|Magola
Dedza|Pemba|Maguza [ khomani]
Dedza|Pemba|Maina
Dedza|Pemba|Majamanda
Dedza|Pemba|Makoza
Dedza|Pemba|Makuluni
Dedza|Pemba|Makwenda
Dedza|Pemba|Maluku
Dedza|Pemba|Manase Chiundi
Dedza|Pemba|Manasela chiundila
Dedza|Pemba|Mandalasi
Dedza|Pemba|Mandambuzi
Dedza|Pemba|Mangile
Dedza|Pemba|Manjankhosi
Dedza|Pemba|Mantenga
Dedza|Pemba|Manuel Maya
Dedza|Pemba|Manyenje
Dedza|Pemba|Mapiko
Dedza|Pemba|Maravi compound
Dedza|Pemba|Masasa
Dedza|Pemba|Masato
Dedza|Pemba|Masola
Dedza|Pemba|Matchinini
Dedza|Pemba|Matope
Dedza|Pemba|Mawala
Dedza|Pemba|Mawere
Dedza|Pemba|Mazinga
Dedza|Pemba|M'bayeni
Dedza|Pemba|Mberembe
Dedza|Pemba|Mbuta
Dedza|Pemba|Mbuzimayere
Dedza|Pemba|Mbwindi
Dedza|Pemba|Mchapala
Dedza|Pemba|Mchemela
Dedza|Pemba|Mchemera
Dedza|Pemba|Mchenga 1
Dedza|Pemba|Mchenga II
Dedza|Pemba|Mfera
Dedza|Pemba|Mfutso
Dedza|Pemba|Mgadamika
Dedza|Pemba|Mikondo
Dedza|Pemba|Miliyasi
Dedza|Pemba|Millala
Dedza|Pemba|Mizeki
Dedza|Pemba|Mkakaula
Dedza|Pemba|Mkanda
Dedza|Pemba|Mkhomaanthu
Dedza|Pemba|Mkhuma Anthu
Dedza|Pemba|Mkokamasa
Dedza|Pemba|Mkokumasa
Dedza|Pemba|Mkute
Dedza|Pemba|Mkwaila
Dedza|Pemba|Mlinga
Dedza|Pemba|Mlinga I
Dedza|Pemba|Mlireni
Dedza|Pemba|Mnguni
Dedza|Pemba|Mnthambala
Dedza|Pemba|Mnunkhaludzu
Dedza|Pemba|Mofati
Dedza|Pemba|Moffat
Dedza|Pemba|Mpasila
Dedza|Pemba|Mpeketula
Dedza|Pemba|Mphalalo
Dedza|Pemba|Mphasayaweni
Dedza|Pemba|Mphati Trading Centre
Dedza|Pemba|Mphonde
Dedza|Pemba|Mphunzi Trading Centre
Dedza|Pemba|Mpita
Dedza|Pemba|Mponda
Dedza|Pemba|Msangu
Dedza|Pemba|Msepe
Dedza|Pemba|Msomekera
Dedza|Pemba|Msosa
Dedza|Pemba|Msumbi
Dedza|Pemba|Mtambo
Dedza|Pemba|Mtande
Dedza|Pemba|Mtanthila
Dedza|Pemba|Mtawalika
Dedza|Pemba|Mteba
Dedza|Pemba|Mtengowagwa
Dedza|Pemba|Mtengowagwa 2
Dedza|Pemba|Mtengowagwa I
Dedza|Pemba|Mtengowambalame
Dedza|Pemba|Mtoso
Dedza|Pemba|Mtuluma
Dedza|Pemba|Muhawi
Dedza|Pemba|Mulangali
Dedza|Pemba|Mulima
Dedza|Pemba|Mwambulamando
Dedza|Pemba|Mwansautsa
Dedza|Pemba|Mwasakaza
Dedza|Pemba|Mzengereza Estate
Dedza|Pemba|Mzoli
Dedza|Pemba|Mzukuzuku
Dedza|Pemba|Namakasu Trading Centre
Dedza|Pemba|Namalango
Dedza|Pemba|Namasasa Estate
Dedza|Pemba|Nambilikila
Dedza|Pemba|Nandaya
Dedza|Pemba|Nangantani
Dedza|Pemba|Nankhwali
Dedza|Pemba|Nanseta
Dedza|Pemba|Ndakoka
Dedza|Pemba|Ndebvu
Dedza|Pemba|Ndemela
Dedza|Pemba|Ndewele
Dedza|Pemba|Ndinga
Dedza|Pemba|Ngoloola
Dedza|Pemba|Ngombengo
Dedza|Pemba|Nguluwe
Dedza|Pemba|Njale
Dedza|Pemba|Njati
Dedza|Pemba|Njelema
Dedza|Pemba|Njemo
Dedza|Pemba|Njolomola
Dedza|Pemba|Njonja
Dedza|Pemba|Njonja Trading Centre
Dedza|Pemba|Nkanthama
Dedza|Pemba|Nkantho
Dedza|Pemba|Nkhande
Dedza|Pemba|Nkhokota
Dedza|Pemba|Nkhumba
Dedza|Pemba|Nkutamo
Dedza|Pemba|Nsaluzawo
Dedza|Pemba|Nsanje Lekani Trading Centre
Dedza|Pemba|Ntonda
Dedza|Pemba|Ntonga
Dedza|Pemba|Nulimba Estate
Dedza|Pemba|Nyaka Estate
Dedza|Pemba|Nyama
Dedza|Pemba|Nyemba
Dedza|Pemba|Nyenyela
Dedza|Pemba|Nyerenda
Dedza|Pemba|Pemba
Dedza|Pemba|Pendame
Dedza|Pemba|Peter chikwati
Dedza|Pemba|Petros Kachingwe
Dedza|Pemba|Sadalaki
Dedza|Pemba|Saeluzika
Dedza|Pemba|Saidi
Dedza|Pemba|Saisoni
Dedza|Pemba|Salimoni
Dedza|Pemba|Sandukira
Dedza|Pemba|Sangweni
Dedza|Pemba|Saputana
Dedza|Pemba|Sefasi
Dedza|Pemba|Sere
Dedza|Pemba|Shumba
Dedza|Pemba|Sichole
Dedza|Pemba|Simoni
Dedza|Pemba|Sinelo
Dedza|Pemba|Sitenala
Dedza|Pemba|Sitifano
Dedza|Pemba|Sitolo
Dedza|Pemba|Sukasuka
Dedza|Pemba|Sutsa
Dedza|Pemba|Suzumile
Dedza|Pemba|Tampangani
Dedza|Pemba|Tchale
Dedza|Pemba|Tchauya
Dedza|Pemba|Thambolagwa
Dedza|Pemba|Thete [A ]
Dedza|Pemba|Thiri
Dedza|Pemba|Thuva
Dedza|Pemba|Tiauze
Dedza|Pemba|Tilowenji
Dedza|Pemba|Tonga
Dedza|Pemba|Tsankhulo
Dedza|Pemba|Tseka
Dedza|Pemba|Tupangani
Dedza|Pemba|Uzayo
Dedza|Pemba|Veruveru
Dedza|Pemba|Wantili
Dedza|Pemba|William
Dedza|Pemba|Willie Themuka
Dedza|Pemba|Wilson
Dedza|Pemba|Yobe
Dedza|Pemba|Yonani
Dedza|Pemba|Yowasi
Dedza|Pemba|Zande
Dedza|Pemba|Zebedeyo
Dedza|Pemba|Zidomo
Dedza|Pemba|Zipusa
Dedza|Pemba|Zongo
Dedza|Pemba|Zopangana
Dedza|Pemba|Zuze
Dedza|Tambala|Acid
Dedza|Tambala|Ajibu
Dedza|Tambala|Alabi
Dedza|Tambala|Alifi Maunda
Dedza|Tambala|Bula
Dedza|Tambala|Bwanali
Dedza|Tambala|Bwanamill
Dedza|Tambala|chabinda
Dedza|Tambala|chabwera
Dedza|Tambala|Chamba
Dedza|Tambala|Chambala
Dedza|Tambala|Changwanda
Dedza|Tambala|Chapulumika
Dedza|Tambala|chateka
Dedza|Tambala|Chesuga
Dedza|Tambala|Chete
Dedza|Tambala|Chibinda
Dedza|Tambala|chiboli
Dedza|Tambala|Chibowa
Dedza|Tambala|chibvunde
Dedza|Tambala|Chidzanja
Dedza|Tambala|chigumula
Dedza|Tambala|chikoko
Dedza|Tambala|Chikumbu
Dedza|Tambala|chikuse
Dedza|Tambala|Chikwangwala
Dedza|Tambala|chilalo
Dedza|Tambala|chilimata
Dedza|Tambala|chilimba
Dedza|Tambala|Chilobwe
Dedza|Tambala|Chilondola
Dedza|Tambala|Chilungaminga
Dedza|Tambala|Chiluzi
Dedza|Tambala|Chimutu
Dedza|Tambala|Chimwele
Dedza|Tambala|chindenga
Dedza|Tambala|Chingapa
Dedza|Tambala|Chingila
Dedza|Tambala|Chingo
Dedza|Tambala|Chinkhandwe
Dedza|Tambala|Chinkhota
Dedza|Tambala|chinthaka
Dedza|Tambala|Chintumbila
Dedza|Tambala|Chioza
Dedza|Tambala|Chipelesa
Dedza|Tambala|Chipembere
Dedza|Tambala|chiphaka
Dedza|Tambala|Chiphwanya
Dedza|Tambala|chipokosa
Dedza|Tambala|Chisani
Dedza|Tambala|Chisanja
Dedza|Tambala|Chisemphere
Dedza|Tambala|Chiumbe
Dedza|Tambala|chiuya
Dedza|Tambala|Chivwiti
Dedza|Tambala|Chiwatu
Dedza|Tambala|chiwaula
Dedza|Tambala|Chiyepa
Dedza|Tambala|Chokoma
Dedza|Tambala|Danda
Dedza|Tambala|Dedza Forest Reserve
Dedza|Tambala|Dule
Dedza|Tambala|Dzuwa
Dedza|Tambala|Gosheni
Dedza|Tambala|Gwede
Dedza|Tambala|Gwengwe
Dedza|Tambala|Gwengwe Chilungusi
Dedza|Tambala|Gwengwekampolo
Dedza|Tambala|Inda
Dedza|Tambala|Jumpha
Dedza|Tambala|Kabanga
Dedza|Tambala|kachala
Dedza|Tambala|Kachinda
Dedza|Tambala|kachulu
Dedza|Tambala|Kadauma
Dedza|Tambala|Kadzibwa
Dedza|Tambala|Kafwafwa
Dedza|Tambala|Kainja
Dedza|Tambala|Kalambo
Dedza|Tambala|Kalima
Dedza|Tambala|kalimba
Dedza|Tambala|Kalinaye
Dedza|Tambala|kalinda
Dedza|Tambala|kalinde
Dedza|Tambala|kalulu
Dedza|Tambala|kambudza
Dedza|Tambala|Kamelo
Dedza|Tambala|Kamgunda
Dedza|Tambala|Kamphinda
Dedza|Tambala|Kamsina
Dedza|Tambala|kamtande
Dedza|Tambala|Kamtsitsi
Dedza|Tambala|Kandodo
Dedza|Tambala|Kandoole
Dedza|Tambala|Kanjoti
Dedza|Tambala|kanonyele
Dedza|Tambala|Kanthumba
Dedza|Tambala|kanyama
Dedza|Tambala|Kanyang'wa
Dedza|Tambala|Kaoche
Dedza|Tambala|Kaole
Dedza|Tambala|kapanda
Dedza|Tambala|kapazila
Dedza|Tambala|Kaphale
Dedza|Tambala|Karnelo
Dedza|Tambala|Kasinja
Dedza|Tambala|Kasonda
Dedza|Tambala|Kasulo
Dedza|Tambala|Katapwe
Dedza|Tambala|katapwiyo
Dedza|Tambala|katete
Dedza|Tambala|Katsulo
Dedza|Tambala|Kauma
Dedza|Tambala|Kawire
Dedza|Tambala|Kawundikiza
Dedza|Tambala|Kazembe
Dedza|Tambala|Kazengo
Dedza|Tambala|Khombe
Dedza|Tambala|Khwanya
Dedza|Tambala|kuchipango
Dedza|Tambala|kudembe
Dedza|Tambala|Kulongwe
Dedza|Tambala|Kuloya
Dedza|Tambala|kumala
Dedza|Tambala|Kumalaya
Dedza|Tambala|Kumaundu
Dedza|Tambala|Kumitawo
Dedza|Tambala|Kumponda
Dedza|Tambala|Kumwembe
Dedza|Tambala|Kunchiza
Dedza|Tambala|Kundalazani
Dedza|Tambala|Kunyungwi
Dedza|Tambala|Kuphelani
Dedza|Tambala|kuwenje
Dedza|Tambala|Kwilembe
Dedza|Tambala|Kwipululu
Dedza|Tambala|Kwizya
Dedza|Tambala|Kwizyo
Dedza|Tambala|Likangala
Dedza|Tambala|linje
Dedza|Tambala|Liu
Dedza|Tambala|Liunga
Dedza|Tambala|Lodzanyama
Dedza|Tambala|Lungala
Dedza|Tambala|Maganga
Dedza|Tambala|majiya
Dedza|Tambala|makande
Dedza|Tambala|Makawa
Dedza|Tambala|makwenda
Dedza|Tambala|Malambo
Dedza|Tambala|Malenya
Dedza|Tambala|malili
Dedza|Tambala|maliwata
Dedza|Tambala|maliya
Dedza|Tambala|Malowa
Dedza|Tambala|Malukula
Dedza|Tambala|Mangamphasa
Dedza|Tambala|Mangwiza
Dedza|Tambala|Mapanga
Dedza|Tambala|Mapemba
Dedza|Tambala|matewele
Dedza|Tambala|Matipa
Dedza|Tambala|Matsikila
Dedza|Tambala|Matupa
Dedza|Tambala|Mayani Trading Centre
Dedza|Tambala|mbandambanda
Dedza|Tambala|Mbuziyadula
Dedza|Tambala|Mchalo
Dedza|Tambala|Mchinga
Dedza|Tambala|Mchiza
Dedza|Tambala|Mchochoma
Dedza|Tambala|mdala
Dedza|Tambala|Mdendere
Dedza|Tambala|Mdete
Dedza|Tambala|Mdindo
Dedza|Tambala|Mfumbwa
Dedza|Tambala|Mgawe
Dedza|Tambala|Mgawi
Dedza|Tambala|Mikoche
Dedza|Tambala|Mikundi
Dedza|Tambala|Milonde
Dedza|Tambala|Mkajenda
Dedza|Tambala|Mkamula
Dedza|Tambala|Mkanda
Dedza|Tambala|Mkhonde
Dedza|Tambala|Mkokoko
Dedza|Tambala|mkomba
Dedza|Tambala|Mkwanda
Dedza|Tambala|Mkwenembera
Dedza|Tambala|Mlambala
Dedza|Tambala|mleu
Dedza|Tambala|Mlolo
Dedza|Tambala|Mluza
Dedza|Tambala|Mmangila
Dedza|Tambala|Mnema
Dedza|Tambala|Mnenula
Dedza|Tambala|Mnungu
Dedza|Tambala|Mphalabungu
Dedza|Tambala|Mphezi
Dedza|Tambala|Mphonda
Dedza|Tambala|Mphonde
Dedza|Tambala|Mpima
Dedza|Tambala|Mpombe
Dedza|Tambala|Mpundi
Dedza|Tambala|Mseu
Dedza|Tambala|Mtambo
Dedza|Tambala|mtemwende
Dedza|Tambala|mtenje
Dedza|Tambala|mtitimila
Dedza|Tambala|mtondoya
Dedza|Tambala|Mtonya
Dedza|Tambala|mtukula
Dedza|Tambala|Mulenga
Dedza|Tambala|Mutawanga
Dedza|Tambala|muwula
Dedza|Tambala|Muyowe
Dedza|Tambala|Mwala
Dedza|Tambala|Mwalanga
Dedza|Tambala|Mwamvu
Dedza|Tambala|Mwanawe
Dedza|Tambala|mwanyimbo
Dedza|Tambala|Mwazama
Dedza|Tambala|Mzinga
Dedza|Tambala|Napwanga
Dedza|Tambala|Nduluza
Dedza|Tambala|Ng'anjo
Dedza|Tambala|Nganya
Dedza|Tambala|Ngolonje
Dedza|Tambala|ngunda
Dedza|Tambala|Njawala
Dedza|Tambala|Njawo
Dedza|Tambala|Njirasowa
Dedza|Tambala|Njoka
Dedza|Tambala|Nsalanyama
Dedza|Tambala|Nsalonyama
Dedza|Tambala|Nsato
Dedza|Tambala|Nyambi
Dedza|Tambala|nyanga
Dedza|Tambala|nyangu
Dedza|Tambala|Nyongo
Dedza|Tambala|Pulu
Dedza|Tambala|Sandalamu
Dedza|Tambala|Sandukila
Dedza|Tambala|sandukire
Dedza|Tambala|Tambala
Dedza|Tambala|Tambwandila
Dedza|Tambala|tambwandira
Dedza|Tambala|Tawesa
Dedza|Tambala|tchete
Dedza|Tambala|Tembwe
Dedza|Tambala|Therere
Dedza|Tambala|Tsokolo
Dedza|Tambala|Tsuchi
Dedza|Tambala|Zande
Dowa|Dowa Boma|Chiguduli
Dowa|Dowa Boma|Dowa Tradinng Centre
Dowa|Dowa Boma|Dzikometsa
Dowa|Dowa Boma|Malata
Dowa|Dowa Boma|Misi
Dowa|Dowa Boma|Nachisaka
Dowa|Dowa Boma|Tsangu
Dowa|Mponela Urban|Chidothi
Dowa|Mponela Urban|Chinguwo
Dowa|Mponela Urban|Kalindang'oma
Dowa|Mponela Urban|Mazengera
Dowa|Mponela Urban|M'bobo
Dowa|Mponela Urban|Mphimbi
Dowa|Mponela Urban|Mponela
Dowa|Mponela Urban|Mponela Trading Centre
Dowa|Mponela Urban|Takumana
Dowa|S/C Chakhadza|Basikolo
Dowa|S/C Chakhadza|Beleki
Dowa|S/C Chakhadza|Beleki Farm
Dowa|S/C Chakhadza|Bokosala
Dowa|S/C Chakhadza|Bondo
Dowa|S/C Chakhadza|Bowe Staff Houses
Dowa|S/C Chakhadza|Bowe Trading Centre
Dowa|S/C Chakhadza|Buza
Dowa|S/C Chakhadza|Bweya
Dowa|S/C Chakhadza|Chadika
Dowa|S/C Chakhadza|Chakhaza
Dowa|S/C Chakhadza|Chakhwantha
Dowa|S/C Chakhadza|Chakuthawa
Dowa|S/C Chakhadza|Chakwawa
Dowa|S/C Chakhadza|Chalera
Dowa|S/C Chakhadza|Chalimbila
Dowa|S/C Chakhadza|Chandiwo
Dowa|S/C Chakhadza|Chanduzi
Dowa|S/C Chakhadza|Changunda
Dowa|S/C Chakhadza|Chanzula
Dowa|S/C Chakhadza|Chapuwala
Dowa|S/C Chakhadza|Chatewa
Dowa|S/C Chakhadza|Chatsunda
Dowa|S/C Chakhadza|Chefu
Dowa|S/C Chakhadza|Cheyo
Dowa|S/C Chakhadza|Cheza
Dowa|S/C Chakhadza|Chezeni
Dowa|S/C Chakhadza|Chidambo
Dowa|S/C Chakhadza|Chidekwende
Dowa|S/C Chakhadza|Chidothi
Dowa|S/C Chakhadza|Chife
Dowa|S/C Chakhadza|Chifukula T.C
Dowa|S/C Chakhadza|Chigoma
Dowa|S/C Chakhadza|Chigwe
Dowa|S/C Chakhadza|Chigwechokha
Dowa|S/C Chakhadza|Chijachi
Dowa|S/C Chakhadza|Chikamakuka
Dowa|S/C Chakhadza|Chikamphula
Dowa|S/C Chakhadza|Chikaonda
Dowa|S/C Chakhadza|Chikasauka
Dowa|S/C Chakhadza|Chikho
Dowa|S/C Chakhadza|Chikhobwe
Dowa|S/C Chakhadza|Chikholi
Dowa|S/C Chakhadza|Chikonthola
Dowa|S/C Chakhadza|Chikudzu
Dowa|S/C Chakhadza|Chikwangula
Dowa|S/C Chakhadza|Chikwawe
Dowa|S/C Chakhadza|Chilambi
Dowa|S/C Chakhadza|Chilemba
Dowa|S/C Chakhadza|Chilembwe
Dowa|S/C Chakhadza|Chilindiuta
Dowa|S/C Chakhadza|Chiliphiza
Dowa|S/C Chakhadza|Chilolo
Dowa|S/C Chakhadza|Chimamba
Dowa|S/C Chakhadza|Chimbayo
Dowa|S/C Chakhadza|Chimbuli
Dowa|S/C Chakhadza|Chimimba
Dowa|S/C Chakhadza|Chimkoka
Dowa|S/C Chakhadza|Chimpeni
Dowa|S/C Chakhadza|Chimphapa
Dowa|S/C Chakhadza|Chimphonda
Dowa|S/C Chakhadza|Chimutha
Dowa|S/C Chakhadza|Chimwendo
Dowa|S/C Chakhadza|Chingolo
Dowa|S/C Chakhadza|Ching'oma
Dowa|S/C Chakhadza|Chinguwo
Dowa|S/C Chakhadza|Chinkhwiri
Dowa|S/C Chakhadza|Chinkhwiri T.C
Dowa|S/C Chakhadza|Chinkoka
Dowa|S/C Chakhadza|Chinkwira
Dowa|S/C Chakhadza|Chinthochi Farm
Dowa|S/C Chakhadza|Chiola
Dowa|S/C Chakhadza|Chiozera
Dowa|S/C Chakhadza|Chipalawe
Dowa|S/C Chakhadza|Chipuni
Dowa|S/C Chakhadza|Chisoso
Dowa|S/C Chakhadza|Chitanda
Dowa|S/C Chakhadza|Chithonye
Dowa|S/C Chakhadza|Chitofu
Dowa|S/C Chakhadza|Chitsuka
Dowa|S/C Chakhadza|Chiulisi
Dowa|S/C Chakhadza|Chiundila
Dowa|S/C Chakhadza|Chiwaula
Dowa|S/C Chakhadza|Chiwayu
Dowa|S/C Chakhadza|Chiwoza
Dowa|S/C Chakhadza|Chiziko
Dowa|S/C Chakhadza|Chizolowondo
Dowa|S/C Chakhadza|Chona
Dowa|S/C Chakhadza|Chukulu
Dowa|S/C Chakhadza|Damaseti
Dowa|S/C Chakhadza|Dambalika
Dowa|S/C Chakhadza|Dambo
Dowa|S/C Chakhadza|Dyapansi
Dowa|S/C Chakhadza|Elisa
Dowa|S/C Chakhadza|Fisi
Dowa|S/C Chakhadza|Galang'ombe
Dowa|S/C Chakhadza|Gasteni
Dowa|S/C Chakhadza|Gaveni
Dowa|S/C Chakhadza|Gobede
Dowa|S/C Chakhadza|Gonivale
Dowa|S/C Chakhadza|Guma
Dowa|S/C Chakhadza|Gunkhwe
Dowa|S/C Chakhadza|Hara
Dowa|S/C Chakhadza|Inje I
Dowa|S/C Chakhadza|Inje II
Dowa|S/C Chakhadza|Jasi
Dowa|S/C Chakhadza|Jere
Dowa|S/C Chakhadza|Joseni
Dowa|S/C Chakhadza|Joshua
Dowa|S/C Chakhadza|Jowelo
Dowa|S/C Chakhadza|Juma
Dowa|S/C Chakhadza|Kabango
Dowa|S/C Chakhadza|Kabwinja
Dowa|S/C Chakhadza|Kachale
Dowa|S/C Chakhadza|Kachigamba
Dowa|S/C Chakhadza|Kachigamba T.C
Dowa|S/C Chakhadza|Kachila
Dowa|S/C Chakhadza|Kachinangwa
Dowa|S/C Chakhadza|Kachipande
Dowa|S/C Chakhadza|Kachiza
Dowa|S/C Chakhadza|Kadewere
Dowa|S/C Chakhadza|Kadwa
Dowa|S/C Chakhadza|Kadzimete
Dowa|S/C Chakhadza|Kaipa
Dowa|S/C Chakhadza|Kakowa
Dowa|S/C Chakhadza|Kakusa
Dowa|S/C Chakhadza|Kalekelere
Dowa|S/C Chakhadza|Kalema
Dowa|S/C Chakhadza|Kalidele
Dowa|S/C Chakhadza|Kalimbila
Dowa|S/C Chakhadza|Kalindawalo
Dowa|S/C Chakhadza|Kaliya
Dowa|S/C Chakhadza|Kaliza
Dowa|S/C Chakhadza|kalonga
Dowa|S/C Chakhadza|Kalungulu
Dowa|S/C Chakhadza|Kamamkodola
Dowa|S/C Chakhadza|Kamanga
Dowa|S/C Chakhadza|Kamankodola II
Dowa|S/C Chakhadza|Kambala
Dowa|S/C Chakhadza|Kamgonda
Dowa|S/C Chakhadza|Kamiya
Dowa|S/C Chakhadza|Kamkolowola
Dowa|S/C Chakhadza|kamongo
Dowa|S/C Chakhadza|Kamphata
Dowa|S/C Chakhadza|Kamtoma
Dowa|S/C Chakhadza|Kamungwe
Dowa|S/C Chakhadza|Kandalala
Dowa|S/C Chakhadza|Kaning'a
Dowa|S/C Chakhadza|Kanjere
Dowa|S/C Chakhadza|Kanjipiti
Dowa|S/C Chakhadza|Kankhande
Dowa|S/C Chakhadza|Kankosi
Dowa|S/C Chakhadza|Kankumbe
Dowa|S/C Chakhadza|Kanthiti
Dowa|S/C Chakhadza|Kanzingeni
Dowa|S/C Chakhadza|Kapachika
Dowa|S/C Chakhadza|Kapelula
Dowa|S/C Chakhadza|Kaphalanya
Dowa|S/C Chakhadza|Kaphwiti
Dowa|S/C Chakhadza|Kapokola
Dowa|S/C Chakhadza|Kasalika
Dowa|S/C Chakhadza|Kasese
Dowa|S/C Chakhadza|Kashangula
Dowa|S/C Chakhadza|Kasipa
Dowa|S/C Chakhadza|Kasomphe
Dowa|S/C Chakhadza|Katalima
Dowa|S/C Chakhadza|Katambo
Dowa|S/C Chakhadza|Katayeni
Dowa|S/C Chakhadza|Katengeza
Dowa|S/C Chakhadza|Katilima
Dowa|S/C Chakhadza|Katiyi
Dowa|S/C Chakhadza|Katondo
Dowa|S/C Chakhadza|Katsukunya
Dowa|S/C Chakhadza|Katumbu
Dowa|S/C Chakhadza|Katundu
Dowa|S/C Chakhadza|Katuta
Dowa|S/C Chakhadza|Kauma
Dowa|S/C Chakhadza|Kaunjirire
Dowa|S/C Chakhadza|Kavina Estate
Dowa|S/C Chakhadza|Kavina Farm
Dowa|S/C Chakhadza|Kawiko
Dowa|S/C Chakhadza|Kazisonga
Dowa|S/C Chakhadza|Kazonga
Dowa|S/C Chakhadza|Khafi
Dowa|S/C Chakhadza|Kholongo
Dowa|S/C Chakhadza|Khombe
Dowa|S/C Chakhadza|Khwamba
Dowa|S/C Chakhadza|Komzamkamwa
Dowa|S/C Chakhadza|Koti
Dowa|S/C Chakhadza|Kozamkamwa
Dowa|S/C Chakhadza|Lambwe
Dowa|S/C Chakhadza|Lichere
Dowa|S/C Chakhadza|Lipenga
Dowa|S/C Chakhadza|Litepu
Dowa|S/C Chakhadza|Longwe
Dowa|S/C Chakhadza|Lungu
Dowa|S/C Chakhadza|Madengu Farm
Dowa|S/C Chakhadza|Madisi
Dowa|S/C Chakhadza|Madisi Staff Houses
Dowa|S/C Chakhadza|Madisi Trading Centre
Dowa|S/C Chakhadza|Madziada
Dowa|S/C Chakhadza|Madzimayela Estate
Dowa|S/C Chakhadza|Mafika
Dowa|S/C Chakhadza|Mafosha
Dowa|S/C Chakhadza|Magantha
Dowa|S/C Chakhadza|Makalani
Dowa|S/C Chakhadza|Makanga
Dowa|S/C Chakhadza|Makombwa
Dowa|S/C Chakhadza|Makuntha
Dowa|S/C Chakhadza|Malamba
Dowa|S/C Chakhadza|Malenga
Dowa|S/C Chakhadza|Maluza
Dowa|S/C Chakhadza|Mandala
Dowa|S/C Chakhadza|Mankhaka
Dowa|S/C Chakhadza|Mapondera
Dowa|S/C Chakhadza|Masa
Dowa|S/C Chakhadza|Masamani
Dowa|S/C Chakhadza|Masanya
Dowa|S/C Chakhadza|Mataka
Dowa|S/C Chakhadza|Mayola
Dowa|S/C Chakhadza|Mazinga
Dowa|S/C Chakhadza|Mbalacheka
Dowa|S/C Chakhadza|Mbayo
Dowa|S/C Chakhadza|Mberekere
Dowa|S/C Chakhadza|Mbiya
Dowa|S/C Chakhadza|M'bobo
Dowa|S/C Chakhadza|Mbuluma
Dowa|S/C Chakhadza|Mbungwe
Dowa|S/C Chakhadza|Mbwabwa
Dowa|S/C Chakhadza|Mdatseka
Dowa|S/C Chakhadza|Mdayenda
Dowa|S/C Chakhadza|M'denga
Dowa|S/C Chakhadza|Mdyapasi
Dowa|S/C Chakhadza|Mdzundu
Dowa|S/C Chakhadza|Mgabiza
Dowa|S/C Chakhadza|Mgulula
Dowa|S/C Chakhadza|Milimbo
Dowa|S/C Chakhadza|Milioni
Dowa|S/C Chakhadza|Mkanile II
Dowa|S/C Chakhadza|Mkanthama
Dowa|S/C Chakhadza|Mkapadzuwa
Dowa|S/C Chakhadza|Mkhala
Dowa|S/C Chakhadza|Mkhungulu
Dowa|S/C Chakhadza|Mkokoko
Dowa|S/C Chakhadza|Mkotamo
Dowa|S/C Chakhadza|Mkwanda
Dowa|S/C Chakhadza|Mkweradzitsa
Dowa|S/C Chakhadza|Mkwetsano
Dowa|S/C Chakhadza|Mkwinya
Dowa|S/C Chakhadza|Mlamba Estate
Dowa|S/C Chakhadza|Mlangali
Dowa|S/C Chakhadza|Mlembo
Dowa|S/C Chakhadza|Monjezi Estate
Dowa|S/C Chakhadza|Moyo
Dowa|S/C Chakhadza|Mpale Estate
Dowa|S/C Chakhadza|Mpaluka
Dowa|S/C Chakhadza|Mpatsankhuli
Dowa|S/C Chakhadza|Mphalawe
Dowa|S/C Chakhadza|Mphamba
Dowa|S/C Chakhadza|Mphunju
Dowa|S/C Chakhadza|Mpolera
Dowa|S/C Chakhadza|Mponda
Dowa|S/C Chakhadza|Mponela
Dowa|S/C Chakhadza|Mpotela
Dowa|S/C Chakhadza|Msampha I
Dowa|S/C Chakhadza|Msanjo
Dowa|S/C Chakhadza|Msaukiranji Farm
Dowa|S/C Chakhadza|Mshakulima
Dowa|S/C Chakhadza|Msiwa
Dowa|S/C Chakhadza|Msosa
Dowa|S/C Chakhadza|Mtanila
Dowa|S/C Chakhadza|Mtenje
Dowa|S/C Chakhadza|Mtiti T.C
Dowa|S/C Chakhadza|Mtongo
Dowa|S/C Chakhadza|Mtsitsa
Dowa|S/C Chakhadza|Mtupanyama
Dowa|S/C Chakhadza|Muli
Dowa|S/C Chakhadza|Mumba
Dowa|S/C Chakhadza|Mwalala
Dowa|S/C Chakhadza|Mwambimbi
Dowa|S/C Chakhadza|Mwamvu
Dowa|S/C Chakhadza|Mwangala
Dowa|S/C Chakhadza|Mwimba
Dowa|S/C Chakhadza|Mzila
Dowa|S/C Chakhadza|Mzitu
Dowa|S/C Chakhadza|Nairi
Dowa|S/C Chakhadza|Nakutepa
Dowa|S/C Chakhadza|Nambamba
Dowa|S/C Chakhadza|Nambela
Dowa|S/C Chakhadza|Nankhunda
Dowa|S/C Chakhadza|Nankumba
Dowa|S/C Chakhadza|Nauchi
Dowa|S/C Chakhadza|Navipwete Farm
Dowa|S/C Chakhadza|Ndambwe
Dowa|S/C Chakhadza|Ndeka
Dowa|S/C Chakhadza|Ndembo
Dowa|S/C Chakhadza|Ndolo
Dowa|S/C Chakhadza|Ng'anjo
Dowa|S/C Chakhadza|Ngara Forest Staff Houses
Dowa|S/C Chakhadza|Ngoko
Dowa|S/C Chakhadza|Ngoma
Dowa|S/C Chakhadza|Nguluwe
Dowa|S/C Chakhadza|Ngusu Farm
Dowa|S/C Chakhadza|Njilambo
Dowa|S/C Chakhadza|Nkhawa
Dowa|S/C Chakhadza|Nkhonde Estate
Dowa|S/C Chakhadza|Nkhosa
Dowa|S/C Chakhadza|Nkhwazi
Dowa|S/C Chakhadza|Nkhwekwe
Dowa|S/C Chakhadza|Nkhwichi
Dowa|S/C Chakhadza|Nkunda
Dowa|S/C Chakhadza|Nlengwe
Dowa|S/C Chakhadza|Ntakuzi
Dowa|S/C Chakhadza|Ntambalika T.C
Dowa|S/C Chakhadza|Ntambe
Dowa|S/C Chakhadza|Ntandadza
Dowa|S/C Chakhadza|Nthirakuwiri Farm
Dowa|S/C Chakhadza|Ntolo
Dowa|S/C Chakhadza|Nyagala Estate
Dowa|S/C Chakhadza|Nyonyo
Dowa|S/C Chakhadza|Nzowa
Dowa|S/C Chakhadza|Pedzeyani
Dowa|S/C Chakhadza|Petrosi
Dowa|S/C Chakhadza|Phiko
Dowa|S/C Chakhadza|Photola
Dowa|S/C Chakhadza|Ruben Lizwe
Dowa|S/C Chakhadza|Salamba
Dowa|S/C Chakhadza|Sangayambe
Dowa|S/C Chakhadza|Sapeya
Dowa|S/C Chakhadza|Sapulayi
Dowa|S/C Chakhadza|Saule
Dowa|S/C Chakhadza|Seveni
Dowa|S/C Chakhadza|Shadrick
Dowa|S/C Chakhadza|Shawa
Dowa|S/C Chakhadza|Simbo
Dowa|S/C Chakhadza|Simenti
Dowa|S/C Chakhadza|Simoko
Dowa|S/C Chakhadza|Singo
Dowa|S/C Chakhadza|Soko
Dowa|S/C Chakhadza|Steliya
Dowa|S/C Chakhadza|Steven Lizwe
Dowa|S/C Chakhadza|Sungeni
Dowa|S/C Chakhadza|Tembo
Dowa|S/C Chakhadza|Theza
Dowa|S/C Chakhadza|Thula
Dowa|S/C Chakhadza|Tinong'one Farm
Dowa|S/C Chakhadza|Tsankanga
Dowa|S/C Chakhadza|Valala Estate
Dowa|S/C Chakhadza|Vikumbu
Dowa|S/C Chakhadza|Wachi
Dowa|S/C Chakhadza|Wembe
Dowa|S/C Chakhadza|Wizili Chidothi
Dowa|S/C Chakhadza|Yesaya
Dowa|S/C Chakhadza|Yobe
Dowa|S/C Chakhadza|Yona
Dowa|S/C Chakhadza|Zindo
Dowa|S/C Chakhadza|Zozo
Dowa|SC Mkukula|Agawatsabola
Dowa|SC Mkukula|Besela
Dowa|SC Mkukula|Chadza
Dowa|SC Mkukula|Chafunyala
Dowa|SC Mkukula|Chakhumbayani
Dowa|SC Mkukula|Chakwawa
Dowa|SC Mkukula|Chalanda
Dowa|SC Mkukula|Changamile
Dowa|SC Mkukula|Chapaza
Dowa|SC Mkukula|Chauwa
Dowa|SC Mkukula|Chembe
Dowa|SC Mkukula|Cheyo
Dowa|SC Mkukula|Chezi Trading Centre
Dowa|SC Mkukula|Chibvala
Dowa|SC Mkukula|Chidzuma
Dowa|SC Mkukula|Chigawa
Dowa|SC Mkukula|Chigowo
Dowa|SC Mkukula|Chigungulu
Dowa|SC Mkukula|Chikhalidwe
Dowa|SC Mkukula|Chikhota
Dowa|SC Mkukula|Chikhwanje
Dowa|SC Mkukula|Chikuse
Dowa|SC Mkukula|Chikwawe
Dowa|SC Mkukula|Chilembwe
Dowa|SC Mkukula|Chilundu
Dowa|SC Mkukula|Chimangamsasa
Dowa|SC Mkukula|Chimbalanga
Dowa|SC Mkukula|Chimbwala
Dowa|SC Mkukula|Chimimba
Dowa|SC Mkukula|Chimkombelo
Dowa|SC Mkukula|Chimoto
Dowa|SC Mkukula|Chingowe
Dowa|SC Mkukula|Chinkhwiri
Dowa|SC Mkukula|Chinowa
Dowa|SC Mkukula|Chinyama
Dowa|SC Mkukula|Chiotha
Dowa|SC Mkukula|Chipelepete
Dowa|SC Mkukula|Chiponda
Dowa|SC Mkukula|Chipwenkha
Dowa|SC Mkukula|Chisenga
Dowa|SC Mkukula|Chisomba
Dowa|SC Mkukula|Chitanje
Dowa|SC Mkukula|Chonde
Dowa|SC Mkukula|Dando
Dowa|SC Mkukula|Dete
Dowa|SC Mkukula|Dowa Hills Forest Reserve
Dowa|SC Mkukula|Dowa Turn-off Trading Centre
Dowa|SC Mkukula|Dzaleka Refugee Camp
Dowa|SC Mkukula|Fandani
Dowa|SC Mkukula|Funsani
Dowa|SC Mkukula|Funse
Dowa|SC Mkukula|Gawamadzi
Dowa|SC Mkukula|Gomba
Dowa|SC Mkukula|Gwireni
Dowa|SC Mkukula|Hoya
Dowa|SC Mkukula|Imfayatonse
Dowa|SC Mkukula|Jailosi
Dowa|SC Mkukula|Jumpha
Dowa|SC Mkukula|Kabudula
Dowa|SC Mkukula|Kabvala
Dowa|SC Mkukula|Kadwala Farm
Dowa|SC Mkukula|Kafandikhale
Dowa|SC Mkukula|Kainja
Dowa|SC Mkukula|Kakhande
Dowa|SC Mkukula|Kalisha
Dowa|SC Mkukula|Kaliza
Dowa|SC Mkukula|Kalonga
Dowa|SC Mkukula|Kalulu
Dowa|SC Mkukula|Kalulu II
Dowa|SC Mkukula|Kalulu M'bindo
Dowa|SC Mkukula|Kambiya
Dowa|SC Mkukula|Kambudzu
Dowa|SC Mkukula|Kameza
Dowa|SC Mkukula|Kamphangale
Dowa|SC Mkukula|Kamphelo
Dowa|SC Mkukula|Kamsichili
Dowa|SC Mkukula|Kanchere
Dowa|SC Mkukula|Kanchilawapulula
Dowa|SC Mkukula|Kanfuluwende
Dowa|SC Mkukula|Kanjala
Dowa|SC Mkukula|Kankholo
Dowa|SC Mkukula|Kankoke
Dowa|SC Mkukula|Kankwamba
Dowa|SC Mkukula|Kantepa
Dowa|SC Mkukula|Kanyambo
Dowa|SC Mkukula|Kapandasoka
Dowa|SC Mkukula|Kapeni
Dowa|SC Mkukula|Kapereka
Dowa|SC Mkukula|Kapeta
Dowa|SC Mkukula|Kapisila
Dowa|SC Mkukula|Kaputalambwe
Dowa|SC Mkukula|Kasangu
Dowa|SC Mkukula|Katambo
Dowa|SC Mkukula|Katchere
Dowa|SC Mkukula|Kathewera
Dowa|SC Mkukula|Katontha
Dowa|SC Mkukula|Kauma
Dowa|SC Mkukula|Kaundama
Dowa|SC Mkukula|Kawango
Dowa|SC Mkukula|Kawaza
Dowa|SC Mkukula|Khudzu
Dowa|SC Mkukula|Kundwe
Dowa|SC Mkukula|Kupeta
Dowa|SC Mkukula|Kwindanguwo
Dowa|SC Mkukula|Lilambwe
Dowa|SC Mkukula|Lumwila
Dowa|SC Mkukula|Lundu
Dowa|SC Mkukula|Magobani
Dowa|SC Mkukula|Magoloondo
Dowa|SC Mkukula|Malirakwenda
Dowa|SC Mkukula|Mambala
Dowa|SC Mkukula|Mamulu
Dowa|SC Mkukula|Mandala
Dowa|SC Mkukula|Mankhwazi
Dowa|SC Mkukula|Manondo
Dowa|SC Mkukula|Mapondera
Dowa|SC Mkukula|Mapulesi
Dowa|SC Mkukula|Mbalame
Dowa|SC Mkukula|Mbalame II
Dowa|SC Mkukula|Mbedza
Dowa|SC Mkukula|Mbvu
Dowa|SC Mkukula|Mbwemba
Dowa|SC Mkukula|Mchenenje
Dowa|SC Mkukula|Mchenga
Dowa|SC Mkukula|Mchikho
Dowa|SC Mkukula|Mengwe
Dowa|SC Mkukula|Mgonela
Dowa|SC Mkukula|M'gubani
Dowa|SC Mkukula|Mgubo
Dowa|SC Mkukula|Mgubo II
Dowa|SC Mkukula|Minju
Dowa|SC Mkukula|Misanjo
Dowa|SC Mkukula|Misi
Dowa|SC Mkukula|Mitembo
Dowa|SC Mkukula|Mkanthama
Dowa|SC Mkukula|Mkhota
Dowa|SC Mkukula|Mkukula
Dowa|SC Mkukula|M'ndola
Dowa|SC Mkukula|Mndoliro
Dowa|SC Mkukula|Mnthengomwacha
Dowa|SC Mkukula|Moyonsana
Dowa|SC Mkukula|Mpindang'ombe
Dowa|SC Mkukula|Msiliza
Dowa|SC Mkukula|Mtata
Dowa|SC Mkukula|Mtengowanthenga Trading Centre
Dowa|SC Mkukula|Mtimaukanena
Dowa|SC Mkukula|Mtola
Dowa|SC Mkukula|Mtondo
Dowa|SC Mkukula|Mtungwi
Dowa|SC Mkukula|Muononga
Dowa|SC Mkukula|Mvumbi
Dowa|SC Mkukula|Mwachuma
Dowa|SC Mkukula|Mwase
Dowa|SC Mkukula|Mzuwara
Dowa|SC Mkukula|Nanthambwe
Dowa|SC Mkukula|Nasoni
Dowa|SC Mkukula|Ndala
Dowa|SC Mkukula|Ndembo
Dowa|SC Mkukula|Ndongo
Dowa|SC Mkukula|Ngaladzuka
Dowa|SC Mkukula|Ng'anjo
Dowa|SC Mkukula|N'gulula
Dowa|SC Mkukula|Nguluwe
Dowa|SC Mkukula|Njale
Dowa|SC Mkukula|Njewa
Dowa|SC Mkukula|Njolomole
Dowa|SC Mkukula|Nkhono
Dowa|SC Mkukula|Ntalanje
Dowa|SC Mkukula|Nthache
Dowa|SC Mkukula|Nyalubwe
Dowa|SC Mkukula|Nyoka
Dowa|SC Mkukula|Nyundo
Dowa|SC Mkukula|Pheleni
Dowa|SC Mkukula|Phokera Farm
Dowa|SC Mkukula|Phwetekere
Dowa|SC Mkukula|Saika
Dowa|SC Mkukula|Sengani
Dowa|SC Mkukula|Simakumi
Dowa|SC Mkukula|Simankhwala
Dowa|SC Mkukula|Takumana
Dowa|SC Mkukula|Thambwe
Dowa|SC Mkukula|Undi
Dowa|SC Mkukula|Ungwe
Dowa|SC Mkukula|Yapola
Dowa|SC Mkukula|Zindunge
Dowa|SC Mkukula|Zungulira
Dowa|TA Chiwere|Bimphi
Dowa|TA Chiwere|Chafumuka Farm
Dowa|TA Chiwere|Chamauza
Dowa|TA Chiwere|Chambakata
Dowa|TA Chiwere|Chamvu
Dowa|TA Chiwere|Chamvu Chiundila
Dowa|TA Chiwere|Changamile
Dowa|TA Chiwere|Changwe
Dowa|TA Chiwere|Chaola
Dowa|TA Chiwere|Chasalino
Dowa|TA Chiwere|Chatambalala
Dowa|TA Chiwere|Chatsalila
Dowa|TA Chiwere|Chauma
Dowa|TA Chiwere|Chembe
Dowa|TA Chiwere|Chibweza
Dowa|TA Chiwere|Chidothi
Dowa|TA Chiwere|Chidzaye
Dowa|TA Chiwere|Chidzungu
Dowa|TA Chiwere|Chigomeka I
Dowa|TA Chiwere|Chikanda
Dowa|TA Chiwere|Chikhadze
Dowa|TA Chiwere|Chikuni
Dowa|TA Chiwere|Chikuse
Dowa|TA Chiwere|Chilalo
Dowa|TA Chiwere|Chilando
Dowa|TA Chiwere|Chilembwe
Dowa|TA Chiwere|Chilima
Dowa|TA Chiwere|Chilombo
Dowa|TA Chiwere|Chimanga
Dowa|TA Chiwere|Chimangamsasa
Dowa|TA Chiwere|Chimeza
Dowa|TA Chiwere|Chimombo
Dowa|TA Chiwere|Chimongo
Dowa|TA Chiwere|Chimpala
Dowa|TA Chiwere|Chimphanga
Dowa|TA Chiwere|Chimphiri
Dowa|TA Chiwere|Chingondo
Dowa|TA Chiwere|Chinguwo
Dowa|TA Chiwere|Chinjala
Dowa|TA Chiwere|Chinkhwiri
Dowa|TA Chiwere|Chinseu
Dowa|TA Chiwere|Chinzu
Dowa|TA Chiwere|Chipapi
Dowa|TA Chiwere|Chiphanga
Dowa|TA Chiwere|Chiponda
Dowa|TA Chiwere|Chipuza
Dowa|TA Chiwere|Chisonga
Dowa|TA Chiwere|Chisowa
Dowa|TA Chiwere|Chitambalala
Dowa|TA Chiwere|Chitengeza
Dowa|TA Chiwere|Chitsa
Dowa|TA Chiwere|Chiwala
Dowa|TA Chiwere|Chiwere
Dowa|TA Chiwere|Chiyenda
Dowa|TA Chiwere|Chudza
Dowa|TA Chiwere|Dooko
Dowa|TA Chiwere|Dzuwa
Dowa|TA Chiwere|Eliya
Dowa|TA Chiwere|Gawamadzi
Dowa|TA Chiwere|Gedion
Dowa|TA Chiwere|Gobede
Dowa|TA Chiwere|Gogo
Dowa|TA Chiwere|Gologolo
Dowa|TA Chiwere|Gulumba
Dowa|TA Chiwere|Guwende
Dowa|TA Chiwere|Gwemezulu
Dowa|TA Chiwere|Gwende
Dowa|TA Chiwere|Imfayatonse
Dowa|TA Chiwere|James Kabviike
Dowa|TA Chiwere|Jekete
Dowa|TA Chiwere|Jeremani
Dowa|TA Chiwere|Kachichezo
Dowa|TA Chiwere|Kadamanja
Dowa|TA Chiwere|Kadansana Farm
Dowa|TA Chiwere|Kadikila
Dowa|TA Chiwere|Kaduka
Dowa|TA Chiwere|Kadyamayani
Dowa|TA Chiwere|Kadziweni
Dowa|TA Chiwere|Kagalu
Dowa|TA Chiwere|Kakwalakwala
Dowa|TA Chiwere|Kakwesi
Dowa|TA Chiwere|Kalanzi
Dowa|TA Chiwere|Kaledza
Dowa|TA Chiwere|Kalenga
Dowa|TA Chiwere|Kalewa
Dowa|TA Chiwere|Kalima
Dowa|TA Chiwere|Kalinda
Dowa|TA Chiwere|Kalindang'oma
Dowa|TA Chiwere|Kalonga
Dowa|TA Chiwere|Kaluma
Dowa|TA Chiwere|Kaluzi
Dowa|TA Chiwere|Kamagwankhwa
Dowa|TA Chiwere|Kamangila
Dowa|TA Chiwere|Kamani
Dowa|TA Chiwere|kambidzi
Dowa|TA Chiwere|Kamphimba
Dowa|TA Chiwere|Kamphinda
Dowa|TA Chiwere|Kamwala
Dowa|TA Chiwere|Kamwendo
Dowa|TA Chiwere|Kangumbwe
Dowa|TA Chiwere|Kanjelewende
Dowa|TA Chiwere|Kankhumbwa
Dowa|TA Chiwere|Kankosi
Dowa|TA Chiwere|Kantayeni
Dowa|TA Chiwere|Kantepa
Dowa|TA Chiwere|Kantondo
Dowa|TA Chiwere|Kanyumbu
Dowa|TA Chiwere|Kanzati
Dowa|TA Chiwere|Kasese
Dowa|TA Chiwere|Kasitu
Dowa|TA Chiwere|Kaswana
Dowa|TA Chiwere|Katambo
Dowa|TA Chiwere|Katanga
Dowa|TA Chiwere|Katekera
Dowa|TA Chiwere|Kateleketa
Dowa|TA Chiwere|Katengeza
Dowa|TA Chiwere|Katunga
Dowa|TA Chiwere|Kaudzu
Dowa|TA Chiwere|kawangila
Dowa|TA Chiwere|Kawelema Farm
Dowa|TA Chiwere|Kazika
Dowa|TA Chiwere|Khombe
Dowa|TA Chiwere|Khuvi
Dowa|TA Chiwere|Khwalakhwala
Dowa|TA Chiwere|Khwisa
Dowa|TA Chiwere|Kukhola
Dowa|TA Chiwere|Kumwembe
Dowa|TA Chiwere|Kuntha
Dowa|TA Chiwere|Kuthe
Dowa|TA Chiwere|Kwanunkha
Dowa|TA Chiwere|Labvu
Dowa|TA Chiwere|Lobvimbi
Dowa|TA Chiwere|Lufeyo
Dowa|TA Chiwere|Lumwila
Dowa|TA Chiwere|Madaula
Dowa|TA Chiwere|Madule
Dowa|TA Chiwere|Madzinja
Dowa|TA Chiwere|Mafika
Dowa|TA Chiwere|Magodi
Dowa|TA Chiwere|Makalani  II
Dowa|TA Chiwere|Makalani  III
Dowa|TA Chiwere|Makalani I
Dowa|TA Chiwere|Makanya
Dowa|TA Chiwere|Makombe
Dowa|TA Chiwere|Makope
Dowa|TA Chiwere|Malambula
Dowa|TA Chiwere|Malendewa
Dowa|TA Chiwere|Maleza
Dowa|TA Chiwere|Maliseni
Dowa|TA Chiwere|Maliwaya
Dowa|TA Chiwere|Mangulenje
Dowa|TA Chiwere|Masochi
Dowa|TA Chiwere|Maswana
Dowa|TA Chiwere|Matchayasimbi
Dowa|TA Chiwere|Mateleketa
Dowa|TA Chiwere|Mawelu
Dowa|TA Chiwere|Mawende
Dowa|TA Chiwere|Mayani
Dowa|TA Chiwere|Mazinga
Dowa|TA Chiwere|Mazuma
Dowa|TA Chiwere|Mbalame
Dowa|TA Chiwere|Mbalira
Dowa|TA Chiwere|Mbedza
Dowa|TA Chiwere|Mbewa
Dowa|TA Chiwere|Mbonyela
Dowa|TA Chiwere|Mchakulu
Dowa|TA Chiwere|Mchekula
Dowa|TA Chiwere|Mchembo
Dowa|TA Chiwere|Mchikho
Dowa|TA Chiwere|M'dadzidzila
Dowa|TA Chiwere|Mdoola
Dowa|TA Chiwere|Mgombe
Dowa|TA Chiwere|Mjuwi
Dowa|TA Chiwere|Mkhwani
Dowa|TA Chiwere|M'komachi
Dowa|TA Chiwere|Mkowo
Dowa|TA Chiwere|Mkuwani
Dowa|TA Chiwere|Mkuzi
Dowa|TA Chiwere|Mlekwa
Dowa|TA Chiwere|Mlesya
Dowa|TA Chiwere|Mlungamanja
Dowa|TA Chiwere|Mndesi
Dowa|TA Chiwere|Mnjingi
Dowa|TA Chiwere|Mpanje
Dowa|TA Chiwere|Mphamba
Dowa|TA Chiwere|Mphanda
Dowa|TA Chiwere|Mphangwe
Dowa|TA Chiwere|Mponda
Dowa|TA Chiwere|Mpondamwala
Dowa|TA Chiwere|Mpozela
Dowa|TA Chiwere|Mseka Farm
Dowa|TA Chiwere|Mtayathumba Farm
Dowa|TA Chiwere|Mtembe
Dowa|TA Chiwere|Mtungwi
Dowa|TA Chiwere|Mvera Trading Centre
Dowa|TA Chiwere|Mwanza
Dowa|TA Chiwere|Mzenga
Dowa|TA Chiwere|Nala
Dowa|TA Chiwere|Nalunga TC
Dowa|TA Chiwere|Namoni
Dowa|TA Chiwere|Nasunguni
Dowa|TA Chiwere|Nduwaluwa
Dowa|TA Chiwere|Ngabi
Dowa|TA Chiwere|Ngande
Dowa|TA Chiwere|Ngozi
Dowa|TA Chiwere|Njela
Dowa|TA Chiwere|Njele
Dowa|TA Chiwere|Nkhwenembela
Dowa|TA Chiwere|Nkoche
Dowa|TA Chiwere|Nsangu
Dowa|TA Chiwere|Nthache
Dowa|TA Chiwere|Ntileni
Dowa|TA Chiwere|Nyanda
Dowa|TA Chiwere|Nyang'amile
Dowa|TA Chiwere|Nyangulu
Dowa|TA Chiwere|Nyemba
Dowa|TA Chiwere|Nyoka
Dowa|TA Chiwere|Nyongo
Dowa|TA Chiwere|Pemba
Dowa|TA Chiwere|Pheleni
Dowa|TA Chiwere|Sangu
Dowa|TA Chiwere|Sasani
Dowa|TA Chiwere|Sesani
Dowa|TA Chiwere|Sikawa
Dowa|TA Chiwere|Sileti
Dowa|TA Chiwere|Sinamunthu
Dowa|TA Chiwere|Sosola
Dowa|TA Chiwere|Thukuni
Dowa|TA Chiwere|Thumba
Dowa|TA Chiwere|Tsangu
Dowa|TA Chiwere|Tsoka
Dowa|TA Chiwere|William
Dowa|TA Chiwere|Yotamu
Dowa|TA Chiwere|Zalakoma
Dowa|TA Chiwere|Zamba
Dowa|TA Dzoole|Basale
Dowa|TA Dzoole|Binda
Dowa|TA Dzoole|Bvumo I
Dowa|TA Dzoole|Chalinda
Dowa|TA Dzoole|Chaliwa
Dowa|TA Dzoole|Chalunde
Dowa|TA Dzoole|Chanda
Dowa|TA Dzoole|Changa
Dowa|TA Dzoole|Chapata
Dowa|TA Dzoole|Chasimpha
Dowa|TA Dzoole|Chatsika
Dowa|TA Dzoole|Chazama
Dowa|TA Dzoole|Chibweza
Dowa|TA Dzoole|Chidzinga
Dowa|TA Dzoole|Chifuti
Dowa|TA Dzoole|Chikalamo
Dowa|TA Dzoole|Chikamphula
Dowa|TA Dzoole|Chikasima
Dowa|TA Dzoole|Chikumba
Dowa|TA Dzoole|Chilakalaka
Dowa|TA Dzoole|Chilawo
Dowa|TA Dzoole|Chilemba Chakale
Dowa|TA Dzoole|Chimaminga
Dowa|TA Dzoole|Chimangamasaka
Dowa|TA Dzoole|Chimayimba
Dowa|TA Dzoole|Chimbalanga
Dowa|TA Dzoole|Chimbuli
Dowa|TA Dzoole|Chimbunde
Dowa|TA Dzoole|Chimilila
Dowa|TA Dzoole|Chimungu
Dowa|TA Dzoole|Chimungu Trading Centre
Dowa|TA Dzoole|Chinkonda
Dowa|TA Dzoole|Chintali
Dowa|TA Dzoole|Chinthu
Dowa|TA Dzoole|Chipafi
Dowa|TA Dzoole|Chipaka
Dowa|TA Dzoole|Chipangula
Dowa|TA Dzoole|Chipeni
Dowa|TA Dzoole|Chiphyoza
Dowa|TA Dzoole|Chiponda Kalira
Dowa|TA Dzoole|Chisanja
Dowa|TA Dzoole|Chisinga
Dowa|TA Dzoole|Chitwala
Dowa|TA Dzoole|Chivutwe
Dowa|TA Dzoole|Chungwi
Dowa|TA Dzoole|Chuswa
Dowa|TA Dzoole|Dangaliro
Dowa|TA Dzoole|Dankeni
Dowa|TA Dzoole|Dumbo
Dowa|TA Dzoole|Dzoole
Dowa|TA Dzoole|Dzoole Trading Centre
Dowa|TA Dzoole|Faifi
Dowa|TA Dzoole|Galawi
Dowa|TA Dzoole|Gomachinseu
Dowa|TA Dzoole|Gunde
Dowa|TA Dzoole|James Madisi
Dowa|TA Dzoole|Jamson
Dowa|TA Dzoole|Jentala
Dowa|TA Dzoole|Jerenje
Dowa|TA Dzoole|Kachisa
Dowa|TA Dzoole|Kachulu
Dowa|TA Dzoole|Kadzekeka
Dowa|TA Dzoole|Kadzimete
Dowa|TA Dzoole|Kalawamchulu
Dowa|TA Dzoole|Kalichelo
Dowa|TA Dzoole|Kalonga I
Dowa|TA Dzoole|Kalonga II
Dowa|TA Dzoole|Kalonga Mchedwa
Dowa|TA Dzoole|Kalonga Trading Centre
Dowa|TA Dzoole|Kalumbwe
Dowa|TA Dzoole|Kaluwila
Dowa|TA Dzoole|Kambauwa
Dowa|TA Dzoole|Kambuzi
Dowa|TA Dzoole|Kameta
Dowa|TA Dzoole|Kamkwanda
Dowa|TA Dzoole|Kamphinda
Dowa|TA Dzoole|Kamutu
Dowa|TA Dzoole|Kamwana
Dowa|TA Dzoole|Kangulu
Dowa|TA Dzoole|Kanjelewende
Dowa|TA Dzoole|Kankota
Dowa|TA Dzoole|Kantepa
Dowa|TA Dzoole|Kanthungo
Dowa|TA Dzoole|Kanyangala
Dowa|TA Dzoole|Kanyenda
Dowa|TA Dzoole|Kaphaidyani
Dowa|TA Dzoole|Kaphamtengo
Dowa|TA Dzoole|Kapichi
Dowa|TA Dzoole|Kapichira
Dowa|TA Dzoole|Kapida
Dowa|TA Dzoole|Kapondo
Dowa|TA Dzoole|Kaponya
Dowa|TA Dzoole|Kapowe
Dowa|TA Dzoole|Kapuseni
Dowa|TA Dzoole|Kasakula
Dowa|TA Dzoole|Kasamba
Dowa|TA Dzoole|Katambo
Dowa|TA Dzoole|Katelera
Dowa|TA Dzoole|Katema
Dowa|TA Dzoole|Kathawa
Dowa|TA Dzoole|Kawumbu
Dowa|TA Dzoole|Kayaza
Dowa|TA Dzoole|Khongo
Dowa|TA Dzoole|Khongo Eleven
Dowa|TA Dzoole|Khongo II
Dowa|TA Dzoole|Khuwu
Dowa|TA Dzoole|Khwema
Dowa|TA Dzoole|Kolera
Dowa|TA Dzoole|Kubale
Dowa|TA Dzoole|Kulera
Dowa|TA Dzoole|Kuphela
Dowa|TA Dzoole|Lipephe
Dowa|TA Dzoole|Lodzeni
Dowa|TA Dzoole|Longwani
Dowa|TA Dzoole|Lotani
Dowa|TA Dzoole|Lunda
Dowa|TA Dzoole|Makala
Dowa|TA Dzoole|Makanga
Dowa|TA Dzoole|Makwani
Dowa|TA Dzoole|Malezo
Dowa|TA Dzoole|Maliamu
Dowa|TA Dzoole|Mandala
Dowa|TA Dzoole|Mapondera
Dowa|TA Dzoole|Masiya
Dowa|TA Dzoole|Matapila
Dowa|TA Dzoole|Matiwamba
Dowa|TA Dzoole|Mayola
Dowa|TA Dzoole|Mazengera
Dowa|TA Dzoole|Mbalame
Dowa|TA Dzoole|Mbalani Chefu
Dowa|TA Dzoole|Mbewa
Dowa|TA Dzoole|Mbiringawande
Dowa|TA Dzoole|Mbiya
Dowa|TA Dzoole|Mbonekela
Dowa|TA Dzoole|Mbuna
Dowa|TA Dzoole|M'dabwi
Dowa|TA Dzoole|Mgoli
Dowa|TA Dzoole|Mgulu
Dowa|TA Dzoole|Mkombe
Dowa|TA Dzoole|Mkwanasi
Dowa|TA Dzoole|Mkwinda
Dowa|TA Dzoole|Mlengwe
Dowa|TA Dzoole|MlengweTrading Centre
Dowa|TA Dzoole|M'melo
Dowa|TA Dzoole|Mndima
Dowa|TA Dzoole|Mndusu
Dowa|TA Dzoole|Mnjeza
Dowa|TA Dzoole|Molende
Dowa|TA Dzoole|Mpaya
Dowa|TA Dzoole|Mphenzi
Dowa|TA Dzoole|Mphochongo
Dowa|TA Dzoole|Mphonde
Dowa|TA Dzoole|Mphote
Dowa|TA Dzoole|Mphwamphwa
Dowa|TA Dzoole|Mphwamphwa Trading Centre
Dowa|TA Dzoole|Mswayi
Dowa|TA Dzoole|Mthunzi
Dowa|TA Dzoole|Mtiti Trading Centre
Dowa|TA Dzoole|Mtsatsi
Dowa|TA Dzoole|Mtsilo
Dowa|TA Dzoole|Mtsilo II
Dowa|TA Dzoole|Muoloka
Dowa|TA Dzoole|Musa
Dowa|TA Dzoole|Muwawa
Dowa|TA Dzoole|Mvumo Kazoma
Dowa|TA Dzoole|Mwachiswa
Dowa|TA Dzoole|Mwambakulu
Dowa|TA Dzoole|Mwambe
Dowa|TA Dzoole|Mwancheka
Dowa|TA Dzoole|Mwenye
Dowa|TA Dzoole|Mwimba
Dowa|TA Dzoole|Mzati
Dowa|TA Dzoole|Mzingwa
Dowa|TA Dzoole|Mzunga
Dowa|TA Dzoole|Ndawambi
Dowa|TA Dzoole|Ng'anjo
Dowa|TA Dzoole|Ngoyi
Dowa|TA Dzoole|Ngunda
Dowa|TA Dzoole|Njoka
Dowa|TA Dzoole|Nkhosa
Dowa|TA Dzoole|Nkhunga
Dowa|TA Dzoole|Nkhwenya
Dowa|TA Dzoole|Nsangwa
Dowa|TA Dzoole|Nsopa
Dowa|TA Dzoole|Nthanga
Dowa|TA Dzoole|Nthesa
Dowa|TA Dzoole|Nthondowa
Dowa|TA Dzoole|Nyambo
Dowa|TA Dzoole|Nyangu
Dowa|TA Dzoole|Nyongani Trading Centre
Dowa|TA Dzoole|Nyonyo
Dowa|TA Dzoole|Nzuzi
Dowa|TA Dzoole|Pakuya
Dowa|TA Dzoole|Phaninga
Dowa|TA Dzoole|Phava
Dowa|TA Dzoole|Phiko
Dowa|TA Dzoole|Poloti
Dowa|TA Dzoole|Psyeda
Dowa|TA Dzoole|Sambani
Dowa|TA Dzoole|Samuel
Dowa|TA Dzoole|Sauzande
Dowa|TA Dzoole|Simbi
Dowa|TA Dzoole|Simbi Trading Centre
Dowa|TA Dzoole|Sintala
Dowa|TA Dzoole|Sinthawa
Dowa|TA Dzoole|Soko
Dowa|TA Dzoole|Tchawale
Dowa|TA Dzoole|Tsilizani
Dowa|TA Dzoole|Tsumbwi
Dowa|TA Dzoole|Undi Edson
Dowa|TA Dzoole|Waletsa
Dowa|TA Dzoole|Yohane
Dowa|TA Dzoole|Zilombe
Dowa|TA Dzoole|Zonzo
Dowa|TA Kayembe|Banga
Dowa|TA Kayembe|Bani
Dowa|TA Kayembe|Buno
Dowa|TA Kayembe|Buyira
Dowa|TA Kayembe|Chadzunda
Dowa|TA Kayembe|Chakhoma
Dowa|TA Kayembe|Chakwera
Dowa|TA Kayembe|Chalinda
Dowa|TA Kayembe|Chankakala
Dowa|TA Kayembe|Chapita
Dowa|TA Kayembe|Chatanga
Dowa|TA Kayembe|Chatanga T.Centre
Dowa|TA Kayembe|Chatsunda
Dowa|TA Kayembe|Chazinga
Dowa|TA Kayembe|Chaziya
Dowa|TA Kayembe|Chibwalo
Dowa|TA Kayembe|Chibwenza
Dowa|TA Kayembe|Chidangwe
Dowa|TA Kayembe|Chidothi
Dowa|TA Kayembe|Chikhazika
Dowa|TA Kayembe|Chikhungu
Dowa|TA Kayembe|Chikoko II
Dowa|TA Kayembe|Chilemba Mponda
Dowa|TA Kayembe|Chilengu
Dowa|TA Kayembe|Chilimmimba
Dowa|TA Kayembe|Chilongo
Dowa|TA Kayembe|Chimavinga
Dowa|TA Kayembe|Chimbalu
Dowa|TA Kayembe|Chimeza
Dowa|TA Kayembe|Chimphiri
Dowa|TA Kayembe|Chimsapa
Dowa|TA Kayembe|Chimsoti
Dowa|TA Kayembe|Chinchita
Dowa|TA Kayembe|Chingala
Dowa|TA Kayembe|Chingalande
Dowa|TA Kayembe|Chinganyama
Dowa|TA Kayembe|Chinkoko
Dowa|TA Kayembe|Chioza
Dowa|TA Kayembe|Chipapa
Dowa|TA Kayembe|Chiphule
Dowa|TA Kayembe|Chiponda
Dowa|TA Kayembe|Chipula
Dowa|TA Kayembe|Chisani
Dowa|TA Kayembe|Chisepo I
Dowa|TA Kayembe|Chisepo II
Dowa|TA Kayembe|Chisepo T.C
Dowa|TA Kayembe|Chisepo T.Centre
Dowa|TA Kayembe|Chitsosa
Dowa|TA Kayembe|Chitsuka
Dowa|TA Kayembe|Chiunjila
Dowa|TA Kayembe|Chiuswa
Dowa|TA Kayembe|Chiwasa
Dowa|TA Kayembe|Chiwoko
Dowa|TA Kayembe|Chizanga
Dowa|TA Kayembe|Chizewe
Dowa|TA Kayembe|Chulu
Dowa|TA Kayembe|Dangaliro
Dowa|TA Kayembe|Demba
Dowa|TA Kayembe|Dzidzi
Dowa|TA Kayembe|Fungwe
Dowa|TA Kayembe|Fungwe I
Dowa|TA Kayembe|Galanda
Dowa|TA Kayembe|Guma
Dowa|TA Kayembe|Junabi
Dowa|TA Kayembe|Kabata
Dowa|TA Kayembe|Kabwera Mchombo
Dowa|TA Kayembe|Kachitifu
Dowa|TA Kayembe|Kadiwa
Dowa|TA Kayembe|Kafaniya
Dowa|TA Kayembe|Kaima
Dowa|TA Kayembe|Kakwesa
Dowa|TA Kayembe|Kalinde
Dowa|TA Kayembe|Kalombo
Dowa|TA Kayembe|Kalonga
Dowa|TA Kayembe|Kalumbi
Dowa|TA Kayembe|Kalumo
Dowa|TA Kayembe|Kamanga
Dowa|TA Kayembe|Kamata
Dowa|TA Kayembe|Kambala
Dowa|TA Kayembe|Kambale
Dowa|TA Kayembe|Kambalima
Dowa|TA Kayembe|Kamkwiyo
Dowa|TA Kayembe|Kamoto
Dowa|TA Kayembe|Kamphenga
Dowa|TA Kayembe|Kanchenche
Dowa|TA Kayembe|Kanchenche T.Centre
Dowa|TA Kayembe|Kanchere
Dowa|TA Kayembe|Kandiwo
Dowa|TA Kayembe|Kapida
Dowa|TA Kayembe|Kaputapongwe
Dowa|TA Kayembe|Kasiyaphazi
Dowa|TA Kayembe|Kasolo
Dowa|TA Kayembe|Kasuntha
Dowa|TA Kayembe|Kasuntha T.Centre
Dowa|TA Kayembe|Katembo
Dowa|TA Kayembe|Katiyi
Dowa|TA Kayembe|Katondo
Dowa|TA Kayembe|Katontha
Dowa|TA Kayembe|Kavina Estate
Dowa|TA Kayembe|Kawale
Dowa|TA Kayembe|Kawande
Dowa|TA Kayembe|Kawese
Dowa|TA Kayembe|Kawiya
Dowa|TA Kayembe|Kayembe
Dowa|TA Kayembe|Kayembe T.Centre
Dowa|TA Kayembe|Kazinga
Dowa|TA Kayembe|Khombe
Dowa|TA Kayembe|Khungwa
Dowa|TA Kayembe|Kulumunyu
Dowa|TA Kayembe|Kunkhulire
Dowa|TA Kayembe|Kupeta
Dowa|TA Kayembe|Limunga
Dowa|TA Kayembe|Lipiri T.Centre
Dowa|TA Kayembe|Longwe
Dowa|TA Kayembe|Madana
Dowa|TA Kayembe|Mafunthe
Dowa|TA Kayembe|Mafunthe II
Dowa|TA Kayembe|Malanda
Dowa|TA Kayembe|Malangwisila
Dowa|TA Kayembe|Malili
Dowa|TA Kayembe|Malufu
Dowa|TA Kayembe|Mandindi
Dowa|TA Kayembe|Mangadzi
Dowa|TA Kayembe|Mangochi II Location
Dowa|TA Kayembe|Manyinda
Dowa|TA Kayembe|Masatchi
Dowa|TA Kayembe|Matanda
Dowa|TA Kayembe|Maweza
Dowa|TA Kayembe|M'bachundu
Dowa|TA Kayembe|Mbangala
Dowa|TA Kayembe|Mbingwa
Dowa|TA Kayembe|Mbunjika
Dowa|TA Kayembe|M'buta
Dowa|TA Kayembe|Mbvunguti
Dowa|TA Kayembe|Mchemela
Dowa|TA Kayembe|Mchimela
Dowa|TA Kayembe|Mchoka
Dowa|TA Kayembe|Mdewa
Dowa|TA Kayembe|Mdika T.C
Dowa|TA Kayembe|Mduku
Dowa|TA Kayembe|Mdulu
Dowa|TA Kayembe|Mgulula
Dowa|TA Kayembe|Mkanile
Dowa|TA Kayembe|Mkanile Chunala
Dowa|TA Kayembe|Mkanile Kachande
Dowa|TA Kayembe|Mkhota
Dowa|TA Kayembe|Mkomba
Dowa|TA Kayembe|Mkulumimba
Dowa|TA Kayembe|Mkuwila
Dowa|TA Kayembe|Mkwantha
Dowa|TA Kayembe|Mkwatamo
Dowa|TA Kayembe|Mkwera
Dowa|TA Kayembe|Mkwinda
Dowa|TA Kayembe|Mkwinda T.Centre
Dowa|TA Kayembe|Mndengwe
Dowa|TA Kayembe|M'ndengwe
Dowa|TA Kayembe|Mombo Kaligondo
Dowa|TA Kayembe|Mondwe
Dowa|TA Kayembe|Mondwe II
Dowa|TA Kayembe|Mondwe T.Centre
Dowa|TA Kayembe|Morogeni
Dowa|TA Kayembe|Mpaya
Dowa|TA Kayembe|Mphamba
Dowa|TA Kayembe|Mphambanya
Dowa|TA Kayembe|Mphepo
Dowa|TA Kayembe|Mphinda
Dowa|TA Kayembe|Mpopela
Dowa|TA Kayembe|Msakadziko
Dowa|TA Kayembe|Msamba
Dowa|TA Kayembe|Msampha
Dowa|TA Kayembe|Msampha Farm
Dowa|TA Kayembe|Msokola
Dowa|TA Kayembe|Msokonezi
Dowa|TA Kayembe|Mtalanje
Dowa|TA Kayembe|Mtaya
Dowa|TA Kayembe|Mtengeza
Dowa|TA Kayembe|Mthunzi
Dowa|TA Kayembe|Mtsilo
Dowa|TA Kayembe|Mtumbati
Dowa|TA Kayembe|Mtupila
Dowa|TA Kayembe|Mwadala
Dowa|TA Kayembe|Mwakana I
Dowa|TA Kayembe|Mwakana II
Dowa|TA Kayembe|Mwansala
Dowa|TA Kayembe|Mwansambo I
Dowa|TA Kayembe|Mwansambo II
Dowa|TA Kayembe|Mwaza
Dowa|TA Kayembe|Mwaza II
Dowa|TA Kayembe|Mzowa
Dowa|TA Kayembe|Nabwanje
Dowa|TA Kayembe|Nabwenje
Dowa|TA Kayembe|Nakhala
Dowa|TA Kayembe|Nambuma Trading Centre
Dowa|TA Kayembe|Nanthambwe
Dowa|TA Kayembe|Ndelemani
Dowa|TA Kayembe|Ndinda
Dowa|TA Kayembe|Ng'ombe
Dowa|TA Kayembe|Nguwata
Dowa|TA Kayembe|Njala
Dowa|TA Kayembe|Njati
Dowa|TA Kayembe|Njere
Dowa|TA Kayembe|Njuzi
Dowa|TA Kayembe|Nkhata
Dowa|TA Kayembe|Nkhongwa
Dowa|TA Kayembe|Nkhonondo
Dowa|TA Kayembe|Nkhosa
Dowa|TA Kayembe|Nkhuyu
Dowa|TA Kayembe|Ntanira
Dowa|TA Kayembe|Ntelemuka
Dowa|TA Kayembe|Nthondo
Dowa|TA Kayembe|Nthondowa Chata
Dowa|TA Kayembe|Nthondowa Mchere
Dowa|TA Kayembe|Nyanda
Dowa|TA Kayembe|Nyongani
Dowa|TA Kayembe|Ozala
Dowa|TA Kayembe|Phesele
Dowa|TA Kayembe|Psyontha
Dowa|TA Kayembe|Salowa
Dowa|TA Kayembe|Sandulizeni
Dowa|TA Kayembe|Sawa
Dowa|TA Kayembe|Sendeza
Dowa|TA Kayembe|Sendeza T.Centre
Dowa|TA Kayembe|Sese
Dowa|TA Kayembe|Simoni
Dowa|TA Kayembe|Simwanjere
Dowa|TA Kayembe|Simwila
Dowa|TA Kayembe|sindeya
Dowa|TA Kayembe|Siwinda
Dowa|TA Kayembe|Suga
Dowa|TA Kayembe|Suntche
Dowa|TA Kayembe|Tandwe
Dowa|TA Kayembe|Tchawale
Dowa|TA Kayembe|Tembwe
Dowa|TA Kayembe|Tendekuti
Dowa|TA Kayembe|Thumba
Dowa|TA Kayembe|Tsalakunja
Dowa|TA Kayembe|Tsokomole
Dowa|TA Kayembe|Tumbi
Dowa|TA Kayembe|Yohane
Dowa|TA Kayembe|Zimwanda
Dowa|TA Mponela|Bwetu
Dowa|TA Mponela|Chakhala
Dowa|TA Mponela|Chalunda
Dowa|TA Mponela|Chidoola
Dowa|TA Mponela|Chikho
Dowa|TA Mponela|Chikhobwe
Dowa|TA Mponela|Chikumba
Dowa|TA Mponela|Chilembwe
Dowa|TA Mponela|Chimanga Kabowa
Dowa|TA Mponela|Chimpeni
Dowa|TA Mponela|Chimphepo
Dowa|TA Mponela|Chimwaza
Dowa|TA Mponela|Chimwaza Trading Centre
Dowa|TA Mponela|Chinguwo
Dowa|TA Mponela|Chinunda
Dowa|TA Mponela|Chinyanya
Dowa|TA Mponela|Chipatuka
Dowa|TA Mponela|Chipembere Mchere
Dowa|TA Mponela|Chipeni
Dowa|TA Mponela|Chitete
Dowa|TA Mponela|Chithyola
Dowa|TA Mponela|Chiwandira
Dowa|TA Mponela|Jonasi
Dowa|TA Mponela|Kabwabwa
Dowa|TA Mponela|Kachulu
Dowa|TA Mponela|Kadam'manja
Dowa|TA Mponela|Kadyamaliro
Dowa|TA Mponela|Kamanga
Dowa|TA Mponela|Kamphampha
Dowa|TA Mponela|Kantebede
Dowa|TA Mponela|Kaphesi
Dowa|TA Mponela|Kapida I
Dowa|TA Mponela|Kapida II
Dowa|TA Mponela|Kapokola
Dowa|TA Mponela|Kasalika
Dowa|TA Mponela|Kaseleka
Dowa|TA Mponela|Kashangula
Dowa|TA Mponela|Kathungwi
Dowa|TA Mponela|Kawamba Chintuchang'ombe
Dowa|TA Mponela|Kawamba Mikusi
Dowa|TA Mponela|Kawaza
Dowa|TA Mponela|Kawere
Dowa|TA Mponela|Kawere Trading Centre
Dowa|TA Mponela|Kayala
Dowa|TA Mponela|Khofi
Dowa|TA Mponela|Khumbulasi
Dowa|TA Mponela|Kukhulire
Dowa|TA Mponela|Madziayenda
Dowa|TA Mponela|Malobvu Trading Centre
Dowa|TA Mponela|Mandauka
Dowa|TA Mponela|Mguba
Dowa|TA Mponela|Mingu
Dowa|TA Mponela|Mkutuma
Dowa|TA Mponela|M'ndilo
Dowa|TA Mponela|Mnkhamanga
Dowa|TA Mponela|Mphimbi
Dowa|TA Mponela|Mpomphe
Dowa|TA Mponela|Mponela
Dowa|TA Mponela|Msampha
Dowa|TA Mponela|Msanyama Chazamba
Dowa|TA Mponela|Mshangula
Dowa|TA Mponela|Mtekateka
Dowa|TA Mponela|Mtema
Dowa|TA Mponela|Mtengowanthenga Trading Centre
Dowa|TA Mponela|Mthandi
Dowa|TA Mponela|Mthifu
Dowa|TA Mponela|Mthunzi
Dowa|TA Mponela|Mtsinje
Dowa|TA Mponela|Mumbwa
Dowa|TA Mponela|Mwadenje
Dowa|TA Mponela|Mwancheka
Dowa|TA Mponela|Ndala
Dowa|TA Mponela|Ndalama
Dowa|TA Mponela|Ndelemani
Dowa|TA Mponela|N'dondwe
Dowa|TA Mponela|Nkambezi
Dowa|TA Mponela|Nkhako
Dowa|TA Mponela|Nkuziwaduka
Dowa|TA Mponela|Nsabwe
Dowa|TA Mponela|Nsala
Dowa|TA Mponela|Ntande
Dowa|TA Mponela|Ntchita
Dowa|TA Mponela|Nyengere
Dowa|TA Mponela|Peter Vunama Tembo
Dowa|TA Mponela|Phululu
Dowa|TA Mponela|Phwetekele
Dowa|TA Mponela|Salala
Dowa|TA Mponela|Samveka
Dowa|TA Mponela|Sendela
Dowa|TA Mponela|Sese
Dowa|TA Mponela|Tchale
Dowa|TA Mponela|Tepeka
Dowa|TA Mponela|Thotho
Dowa|TA Mponela|Toweza
Dowa|TA Mponela|Tsokomole
Dowa|TA Mponela|Wisikoti
Dowa|TA Mponela|Yesaya
Dowa|TA Mponela|Zambezi
Dowa|TA Mponela|Zisanya
Dowa|TA Msakambewa|Bakali
Dowa|TA Msakambewa|Besela
Dowa|TA Msakambewa|Bimphi
Dowa|TA Msakambewa|Biwi
Dowa|TA Msakambewa|Botomani
Dowa|TA Msakambewa|Bowa
Dowa|TA Msakambewa|Chabvwinyala
Dowa|TA Msakambewa|Chaguza
Dowa|TA Msakambewa|Chamkoma
Dowa|TA Msakambewa|Chanje
Dowa|TA Msakambewa|Chatama
Dowa|TA Msakambewa|Chawawo
Dowa|TA Msakambewa|Chazama
Dowa|TA Msakambewa|Chesalino
Dowa|TA Msakambewa|Chibanzi T.Centre
Dowa|TA Msakambewa|Chibwana
Dowa|TA Msakambewa|Chidothi
Dowa|TA Msakambewa|Chifulemba
Dowa|TA Msakambewa|Chigamba
Dowa|TA Msakambewa|Chigudu
Dowa|TA Msakambewa|Chikho
Dowa|TA Msakambewa|Chikunumbu
Dowa|TA Msakambewa|Chilimila
Dowa|TA Msakambewa|Chiling'oma
Dowa|TA Msakambewa|Chilombo
Dowa|TA Msakambewa|Chimbalanga
Dowa|TA Msakambewa|Chimombo
Dowa|TA Msakambewa|Chimpeni
Dowa|TA Msakambewa|Chimuka
Dowa|TA Msakambewa|Ching'amba
Dowa|TA Msakambewa|Chingoma
Dowa|TA Msakambewa|Chinkhota
Dowa|TA Msakambewa|Chinkwanda
Dowa|TA Msakambewa|Chipembere Katondo
Dowa|TA Msakambewa|Chiponda
Dowa|TA Msakambewa|Chipudo
Dowa|TA Msakambewa|Chipwaila
Dowa|TA Msakambewa|Chitsa
Dowa|TA Msakambewa|Chiundira
Dowa|TA Msakambewa|Chiwale
Dowa|TA Msakambewa|Chiwaya
Dowa|TA Msakambewa|Chiwayu
Dowa|TA Msakambewa|Chizilo
Dowa|TA Msakambewa|Chombwe
Dowa|TA Msakambewa|Diyoni
Dowa|TA Msakambewa|Dzaleka T.Centre
Dowa|TA Msakambewa|Fumani
Dowa|TA Msakambewa|Fupa
Dowa|TA Msakambewa|Geza
Dowa|TA Msakambewa|Goma
Dowa|TA Msakambewa|Gomani
Dowa|TA Msakambewa|Guma
Dowa|TA Msakambewa|Gusu
Dowa|TA Msakambewa|Gwang'wa
Dowa|TA Msakambewa|Gwirani
Dowa|TA Msakambewa|Gwireni
Dowa|TA Msakambewa|Jamueli
Dowa|TA Msakambewa|Jonasi
Dowa|TA Msakambewa|Kachimbwi
Dowa|TA Msakambewa|Kadewere
Dowa|TA Msakambewa|Kadiwa
Dowa|TA Msakambewa|Kadula
Dowa|TA Msakambewa|Kafaliti
Dowa|TA Msakambewa|Kafanikhale
Dowa|TA Msakambewa|Kakowa
Dowa|TA Msakambewa|Kalinde
Dowa|TA Msakambewa|Kalumamkaka
Dowa|TA Msakambewa|Kamankodola
Dowa|TA Msakambewa|Kambale
Dowa|TA Msakambewa|Kambomi
Dowa|TA Msakambewa|Kamphasi
Dowa|TA Msakambewa|Kamphimba
Dowa|TA Msakambewa|Kaneneka
Dowa|TA Msakambewa|Kankhwamba
Dowa|TA Msakambewa|Kaphamtengo
Dowa|TA Msakambewa|Kapiza
Dowa|TA Msakambewa|Kapudzula
Dowa|TA Msakambewa|Kasakula
Dowa|TA Msakambewa|Katsukunya
Dowa|TA Msakambewa|Kavalo
Dowa|TA Msakambewa|Kawale
Dowa|TA Msakambewa|Kayala
Dowa|TA Msakambewa|Kaziputa
Dowa|TA Msakambewa|Kazota
Dowa|TA Msakambewa|Khomani
Dowa|TA Msakambewa|Khombelo
Dowa|TA Msakambewa|Khwamba
Dowa|TA Msakambewa|Khwethe
Dowa|TA Msakambewa|Kongwe Forest Reserve
Dowa|TA Msakambewa|Kulandira
Dowa|TA Msakambewa|Kundwe
Dowa|TA Msakambewa|Kwebvu
Dowa|TA Msakambewa|Likwatima
Dowa|TA Msakambewa|Lilambwe
Dowa|TA Msakambewa|Loke
Dowa|TA Msakambewa|Lundu
Dowa|TA Msakambewa|Machake
Dowa|TA Msakambewa|Majeni
Dowa|TA Msakambewa|Makanjila
Dowa|TA Msakambewa|Makhuwira
Dowa|TA Msakambewa|Makombwa
Dowa|TA Msakambewa|Makumbi
Dowa|TA Msakambewa|Malasheka
Dowa|TA Msakambewa|Malipa
Dowa|TA Msakambewa|Maluza
Dowa|TA Msakambewa|Mamba Liwimba
Dowa|TA Msakambewa|Mankhokwe
Dowa|TA Msakambewa|Manyusa
Dowa|TA Msakambewa|Manzi
Dowa|TA Msakambewa|Mapilana
Dowa|TA Msakambewa|Masimbe
Dowa|TA Msakambewa|Matekenya
Dowa|TA Msakambewa|Matekenya  T.Centre
Dowa|TA Msakambewa|Matekwe
Dowa|TA Msakambewa|Matsuka
Dowa|TA Msakambewa|Mawaya
Dowa|TA Msakambewa|Mbedza
Dowa|TA Msakambewa|Mdakondwera
Dowa|TA Msakambewa|Mdazyola
Dowa|TA Msakambewa|Mdondwe
Dowa|TA Msakambewa|Mgombe
Dowa|TA Msakambewa|Mgwandali
Dowa|TA Msakambewa|Mikolo
Dowa|TA Msakambewa|Misi
Dowa|TA Msakambewa|Mkanthama
Dowa|TA Msakambewa|Mkanthama Kachikwama
Dowa|TA Msakambewa|Mkanthama Kambubvu
Dowa|TA Msakambewa|Mkhuntha
Dowa|TA Msakambewa|Mkwanda
Dowa|TA Msakambewa|Mkwela
Dowa|TA Msakambewa|Mndinda
Dowa|TA Msakambewa|Mnjedza
Dowa|TA Msakambewa|Moses
Dowa|TA Msakambewa|Moya
Dowa|TA Msakambewa|Mphamba Misolo
Dowa|TA Msakambewa|Mphamba Thumba
Dowa|TA Msakambewa|Mpisi
Dowa|TA Msakambewa|Msakambewa
Dowa|TA Msakambewa|Msakambewa T.Centre
Dowa|TA Msakambewa|Msanyama Zambaila T.Centre
Dowa|TA Msakambewa|Msengwa
Dowa|TA Msakambewa|Msochi
Dowa|TA Msakambewa|Msungwi
Dowa|TA Msakambewa|Mtanda
Dowa|TA Msakambewa|Mtanda II
Dowa|TA Msakambewa|Mthawanji
Dowa|TA Msakambewa|Mtunda II
Dowa|TA Msakambewa|Muthandatu
Dowa|TA Msakambewa|Mwabwerachanje
Dowa|TA Msakambewa|Mwangala T.Centre
Dowa|TA Msakambewa|Mwelero
Dowa|TA Msakambewa|Nakutepa
Dowa|TA Msakambewa|Nalanjwa
Dowa|TA Msakambewa|Namazunda
Dowa|TA Msakambewa|Ndakondwera
Dowa|TA Msakambewa|Ndalamila
Dowa|TA Msakambewa|Ndawambi
Dowa|TA Msakambewa|Ndembo
Dowa|TA Msakambewa|Ndewere
Dowa|TA Msakambewa|Ndeya
Dowa|TA Msakambewa|Ndolilo
Dowa|TA Msakambewa|Ngombende
Dowa|TA Msakambewa|Ngonja
Dowa|TA Msakambewa|Njiwa
Dowa|TA Msakambewa|Nyalugwe
Dowa|TA Msakambewa|Nyankhwa
Dowa|TA Msakambewa|Nyemba
Dowa|TA Msakambewa|Nyonyo
Dowa|TA Msakambewa|Nyundo
Dowa|TA Msakambewa|Pemba
Dowa|TA Msakambewa|Photola
Dowa|TA Msakambewa|Samu
Dowa|TA Msakambewa|Sele
Dowa|TA Msakambewa|Selengo
Dowa|TA Msakambewa|Shani
Dowa|TA Msakambewa|Sosola
Dowa|TA Msakambewa|Tembo
Dowa|TA Msakambewa|Topaizi
Dowa|TA Msakambewa|Tsindwi
Dowa|TA Msakambewa|Tsokalamzati
Dowa|TA Msakambewa|Yowasi
Dowa|TA Msakambewa|Zamba
Dowa|TA Msakambewa|Zikapanda
Dowa|TA Msakambewa|Zimchetera
Dowa|TA Msakambewa|Zingani
Dowa|TA Msakambewa|Zolile
Karonga|Karonga Town|Airport/Staff Houses
Karonga|Karonga Town|Baka  Location
Karonga|Karonga Town|Kafikisila
Karonga|Karonga Town|Kasote
Karonga|Karonga Town|Katesula
Karonga|Karonga Town|Katolora
Karonga|Karonga Town|Luhimbo
Karonga|Karonga Town|Luhimbo TC
Karonga|Karonga Town|Malema
Karonga|Karonga Town|Mbwili
Karonga|Karonga Town|MHC Senior Staff Houses
Karonga|Karonga Town|Mwafilaso
Karonga|Karonga Town|Mwahimba
Karonga|Karonga Town|Mwakasungula
Karonga|Karonga Town|Mwakifwamba
Karonga|Karonga Town|Mwakipula
Karonga|Karonga Town|Mwaleba
Karonga|Karonga Town|Mwamalopa
Karonga|Karonga Town|Mwamatope
Karonga|Karonga Town|Mwambetania
Karonga|Karonga Town|Mwambuli
Karonga|Karonga Town|Mwanganda
Karonga|Karonga Town|Mwangolera
Karonga|Karonga Town|Mwangwabila
Karonga|Karonga Town|Mwangwebo
Karonga|Karonga Town|Mwanyesha
Karonga|Karonga Town|Mwanyongo
Karonga|Karonga Town|Mwareba
Karonga|Karonga Town|Mwawembe
Karonga|Karonga Town|Mwenenyumba
Karonga|Karonga Town|P.M.F.Lines
Karonga|Karonga Town|Peter Mwangalawa
Karonga|Karonga Town|Police lines
Karonga|Karonga Town|Sadala
Karonga|Karonga Town|Thomas Mwangonde
Karonga|Kilipula|Andrew
Karonga|Kilipula|Andreya Chabinga
Karonga|Kilipula|Benjamin
Karonga|Kilipula|Benjamin Chabinga
Karonga|Kilipula|Bwiri
Karonga|Kilipula|Chabulazelo
Karonga|Kilipula|Chakwera
Karonga|Kilipula|Chamalabanthu
Karonga|Kilipula|Chibulazero
Karonga|Kilipula|Chimalabanthu
Karonga|Kilipula|Chipamila
Karonga|Kilipula|Chisi
Karonga|Kilipula|Eliya Mwakasangila
Karonga|Kilipula|Eliya Nthabataba
Karonga|Kilipula|Etwell I
Karonga|Kilipula|Etwell II
Karonga|Kilipula|Fashion
Karonga|Kilipula|Fundi
Karonga|Kilipula|Fundi Hamis
Karonga|Kilipula|Gideon
Karonga|Kilipula|Gweleweta
Karonga|Kilipula|James
Karonga|Kilipula|Jumani
Karonga|Kilipula|Kafwala
Karonga|Kilipula|Kalambo
Karonga|Kilipula|Kalambo II
Karonga|Kilipula|Kalimanjira
Karonga|Kilipula|Kalongolera
Karonga|Kilipula|Kambombo
Karonga|Kilipula|Kapolo Trading Centre
Karonga|Kilipula|Kaporo Trading Centre
Karonga|Kilipula|Kasiba
Karonga|Kilipula|Kasyata
Karonga|Kilipula|Katumbi
Karonga|Kilipula|Katumbi Trading Centre
Karonga|Kilipula|Kenani
Karonga|Kilipula|Kiwe
Karonga|Kilipula|Malopa
Karonga|Kilipula|Mangalaba
Karonga|Kilipula|Mangulu
Karonga|Kilipula|Manguwu
Karonga|Kilipula|Mateyu
Karonga|Kilipula|Mattan Mwakasangila
Karonga|Kilipula|Matukuta
Karonga|Kilipula|Mbwiri
Karonga|Kilipula|Mesiya
Karonga|Kilipula|Miyombo TC
Karonga|Kilipula|Mponda
Karonga|Kilipula|Msomba
Karonga|Kilipula|Mulinda
Karonga|Kilipula|Mungete
Karonga|Kilipula|Muyombe
Karonga|Kilipula|Muywanga
Karonga|Kilipula|Mwabungulu
Karonga|Kilipula|Mwakabighili
Karonga|Kilipula|Mwakaboko
Karonga|Kilipula|Mwakafyuyu
Karonga|Kilipula|Mwakalebela
Karonga|Kilipula|Mwakanyamale
Karonga|Kilipula|Mwakapala
Karonga|Kilipula|Mwakatika
Karonga|Kilipula|Mwakighonja
Karonga|Kilipula|Mwakighonja TC
Karonga|Kilipula|Mwakikonja
Karonga|Kilipula|Mwakisulu
Karonga|Kilipula|Mwakyusa
Karonga|Kilipula|Mwalukwebo
Karonga|Kilipula|Mwambuli
Karonga|Kilipula|Mwamkamba
Karonga|Kilipula|Mwamulima
Karonga|Kilipula|Mwamusako
Karonga|Kilipula|Mwangasa
Karonga|Kilipula|Mwangolera
Karonga|Kilipula|Mwangomba
Karonga|Kilipula|Mwangonde
Karonga|Kilipula|Mwang'oti
Karonga|Kilipula|Mwangulaba
Karonga|Kilipula|Mwangulukulu
Karonga|Kilipula|Mwangwala
Karonga|Kilipula|Mwangwala I
Karonga|Kilipula|Mwangwala II
Karonga|Kilipula|Mwangwela
Karonga|Kilipula|Mwanjasi
Karonga|Kilipula|Mwansako
Karonga|Kilipula|Mwantende
Karonga|Kilipula|Mwanyongo
Karonga|Kilipula|Mwapagatwa
Karonga|Kilipula|Mwasulama
Karonga|Kilipula|Mwaulambo
Karonga|Kilipula|Mwawembe
Karonga|Kilipula|Mwenebabu
Karonga|Kilipula|Mwenebungu
Karonga|Kilipula|Mwenekabwe
Karonga|Kilipula|Mwenengolongo
Karonga|Kilipula|Mwenewisi
Karonga|Kilipula|Mwenibabu
Karonga|Kilipula|Mwenitete
Karonga|Kilipula|Mwenitete Trading Centre
Karonga|Kilipula|Mwentende
Karonga|Kilipula|Mwipimeghe
Karonga|Kilipula|Pembamoto
Karonga|Kilipula|Peter
Karonga|Kilipula|Phaniso
Karonga|Kilipula|Pussi
Karonga|Kilipula|Shalison
Karonga|Kilipula|Shemu
Karonga|Kilipula|Simeon Chabinga
Karonga|Kilipula|Simeon Mwahoboke
Karonga|Kilipula|Simion
Karonga|Kilipula|Simion Chabinga
Karonga|Kilipula|Simion Mwahoboke
Karonga|Kilipula|Syalisoni
Karonga|Kilipula|Tanyada
Karonga|Kilipula|Wilson Kalambo
Karonga|Kilipula|Yalero
Karonga|Kyungu|A.B Mwakasungula
Karonga|Kyungu|Amosi Mwenechilanga
Karonga|Kyungu|Andrea Mwankenja
Karonga|Kyungu|Andrea Mwenechilanga
Karonga|Kyungu|Andrew Mwankenja I
Karonga|Kyungu|Chathondo
Karonga|Kyungu|Cheghama
Karonga|Kyungu|Chibaya
Karonga|Kyungu|Chilanga
Karonga|Kyungu|Chimphapi
Karonga|Kyungu|Chipondo
Karonga|Kyungu|Diyadiya
Karonga|Kyungu|Donald
Karonga|Kyungu|Donald Mwandwanga
Karonga|Kyungu|Edward Sinyiza
Karonga|Kyungu|Fughala
Karonga|Kyungu|Ghambi
Karonga|Kyungu|Gondwe
Karonga|Kyungu|Gwebe Nyirenda
Karonga|Kyungu|Jalawe
Karonga|Kyungu|Jastone Kawonga
Karonga|Kyungu|Juma
Karonga|Kyungu|Kabwe TC
Karonga|Kyungu|Kafulufulu
Karonga|Kyungu|Kaluwa
Karonga|Kyungu|Kambitoto
Karonga|Kyungu|Kambombo
Karonga|Kyungu|Kamuguze
Karonga|Kyungu|Kanyunga
Karonga|Kyungu|Kapuku
Karonga|Kyungu|Kasakarawe
Karonga|Kyungu|Kasano
Karonga|Kyungu|Kasote
Karonga|Kyungu|Kaumba
Karonga|Kyungu|Kawonga
Karonga|Kyungu|Kayerekera
Karonga|Kyungu|Kayerekera Uranium Mining
Karonga|Kyungu|Kayunga
Karonga|Kyungu|Kayuni
Karonga|Kyungu|Kazguli
Karonga|Kyungu|Kazguli   11
Karonga|Kyungu|Kazguli 1
Karonga|Kyungu|Kibila
Karonga|Kyungu|Kishombe
Karonga|Kyungu|Kishombe 11
Karonga|Kyungu|Kwiyula
Karonga|Kyungu|Lalika
Karonga|Kyungu|Lubeni
Karonga|Kyungu|Lusako Trading Center
Karonga|Kyungu|Luweni
Karonga|Kyungu|Mafisisa
Karonga|Kyungu|Majoni
Karonga|Kyungu|Mang'esa
Karonga|Kyungu|Marko Mwankenja
Karonga|Kyungu|Marko Mwankenja II
Karonga|Kyungu|Marko Mwenechilanga
Karonga|Kyungu|Masota
Karonga|Kyungu|Mawembe
Karonga|Kyungu|Mawembe Karonga
Karonga|Kyungu|Mbale
Karonga|Kyungu|Mbemba Mwangonde
Karonga|Kyungu|Mbutuka
Karonga|Kyungu|Mbwili
Karonga|Kyungu|Mchenga
Karonga|Kyungu|Melele
Karonga|Kyungu|Mkambala
Karonga|Kyungu|Mkwama
Karonga|Kyungu|Mkwinda
Karonga|Kyungu|Mlare Trading Center
Karonga|Kyungu|Mnthali
Karonga|Kyungu|Mphunghu
Karonga|Kyungu|Msukwa
Karonga|Kyungu|Mtambo
Karonga|Kyungu|Mubwa
Karonga|Kyungu|Muchenjere
Karonga|Kyungu|Muchenjere (Kasimba)
Karonga|Kyungu|Muchenjere (Njalayamoto)
Karonga|Kyungu|Mulindanyifwa
Karonga|Kyungu|Murwa
Karonga|Kyungu|Musache
Karonga|Kyungu|Musopole
Karonga|Kyungu|Muyombe
Karonga|Kyungu|Muzgoka
Karonga|Kyungu|Mwafilaso
Karonga|Kyungu|Mwaila
Karonga|Kyungu|Mwakabanga
Karonga|Kyungu|Mwakale   TC
Karonga|Kyungu|Mwakalenga
Karonga|Kyungu|Mwakasungula
Karonga|Kyungu|Mwakatundu
Karonga|Kyungu|Mwakibinga
Karonga|Kyungu|Mwakimeme
Karonga|Kyungu|Mwakwama
Karonga|Kyungu|Mwakwamba
Karonga|Kyungu|Mwalughali
Karonga|Kyungu|Mwalughali Fishing Comp.
Karonga|Kyungu|Mwalumba
Karonga|Kyungu|Mwalupondo
Karonga|Kyungu|Mwamasapa
Karonga|Kyungu|Mwamatope
Karonga|Kyungu|Mwambani
Karonga|Kyungu|Mwambanya
Karonga|Kyungu|Mwambelo
Karonga|Kyungu|Mwambetania
Karonga|Kyungu|Mwambuli
Karonga|Kyungu|Mwamlima
Karonga|Kyungu|Mwamunyira
Karonga|Kyungu|Mwandambo
Karonga|Kyungu|Mwandira
Karonga|Kyungu|Mwandosya
Karonga|Kyungu|Mwandwanga
Karonga|Kyungu|Mwanegha
Karonga|Kyungu|Mwanganda
Karonga|Kyungu|Mwangolera
Karonga|Kyungu|Mwangwabila
Karonga|Kyungu|Mwangwebo
Karonga|Kyungu|Mwangwewo
Karonga|Kyungu|Mwanjasi
Karonga|Kyungu|Mwankenja
Karonga|Kyungu|Mwanyesha
Karonga|Kyungu|Mwanyesya 1
Karonga|Kyungu|Mwanyesya II (Gidion)
Karonga|Kyungu|Mwanyesya III (Chilongo John
Karonga|Kyungu|Mwanyongo
Karonga|Kyungu|Mwasyokela
Karonga|Kyungu|Mwawembe
Karonga|Kyungu|Mwembe
Karonga|Kyungu|Mwenegamba
Karonga|Kyungu|Mwenekabe
Karonga|Kyungu|Mwenekabwe
Karonga|Kyungu|Mwenelupembe
Karonga|Kyungu|Mwenelupembe 11
Karonga|Kyungu|Mwenelupembe 111
Karonga|Kyungu|Mwenengolongo
Karonga|Kyungu|Mwenenguwe
Karonga|Kyungu|Mwenenyumba
Karonga|Kyungu|Mwenesya
Karonga|Kyungu|Mwenetanga
Karonga|Kyungu|Mwenitete
Karonga|Kyungu|Mwenitete II
Karonga|Kyungu|Mweso
Karonga|Kyungu|Myombe Mwamasupa II
Karonga|Kyungu|Natungwina
Karonga|Kyungu|Nayi
Karonga|Kyungu|Ndawirawi Simwaka
Karonga|Kyungu|Ndiwo
Karonga|Kyungu|Ng'ambi
Karonga|Kyungu|Ngemela
Karonga|Kyungu|Nginde Kimu
Karonga|Kyungu|Ngosi
Karonga|Kyungu|Ntoba
Karonga|Kyungu|Peter Mwangalawa
Karonga|Kyungu|Peter Mwangolera
Karonga|Kyungu|Peter Mwangwalaba
Karonga|Kyungu|Potipher Mwangolera
Karonga|Kyungu|Potipher Mwangolera  TC
Karonga|Kyungu|Sadala
Karonga|Kyungu|Sefu Malema
Karonga|Kyungu|Silindu
Karonga|Kyungu|Silwamba
Karonga|Kyungu|Simfukwe
Karonga|Kyungu|Simoni
Karonga|Kyungu|Sinyiza
Karonga|Kyungu|Tenenthe
Karonga|Kyungu|Thom Sinyiza
Karonga|Kyungu|Thomas Mungonde
Karonga|Kyungu|Vokolani
Karonga|Kyungu|Welusi Mwambelo
Karonga|Kyungu|Welusi Mwambelo (Tumphonjo)
Karonga|Kyungu|Weya
Karonga|Kyungu|Wililo T.C.
Karonga|Kyungu|Yafeti Mwakasungula
Karonga|Kyungu|Yohane Malema
Karonga|Kyungu|Yohane Sefu
Karonga|Kyungu|Zindi Gondwe
Karonga|Mwakaboko|Bwighane TC
Karonga|Mwakaboko|Chisi
Karonga|Mwakaboko|Iponga TC
Karonga|Mwakaboko|Kasewe
Karonga|Mwakaboko|Lyamayolo
Karonga|Mwakaboko|Mandambo
Karonga|Mwakaboko|Mwaisondole
Karonga|Mwakaboko|Mwakaboko
Karonga|Mwakaboko|Mwakamogho
Karonga|Mwakaboko|Mwakamoghu
Karonga|Mwakaboko|Mwakikome
Karonga|Mwakaboko|Mwandenga
Karonga|Mwakaboko|Mwangulukulu
Karonga|Mwakaboko|Mwanipela
Karonga|Mwakaboko|Mwanjabala
Karonga|Mwakaboko|Mwasalano
Karonga|Mwakaboko|Mwenengolongo
Karonga|Mwakaboko|Mwenipela
Karonga|Mwakaboko|Songwe Boarder TC
Karonga|Mwakaboko|Syeghati
Karonga|Mwakaboko|Timothy
Karonga|Mwakaboko|Timothy Chibwana
Karonga|Mwirang'ombe|Bulangete
Karonga|Mwirang'ombe|Bunganilo
Karonga|Mwirang'ombe|Chakubeleka
Karonga|Mwirang'ombe|Chakuweleka
Karonga|Mwirang'ombe|Chauteka
Karonga|Mwirang'ombe|Chibwatiko
Karonga|Mwirang'ombe|Chikalamba
Karonga|Mwirang'ombe|Chikalamba(Mdoka)
Karonga|Mwirang'ombe|Chikombwe
Karonga|Mwirang'ombe|Chipemphe
Karonga|Mwirang'ombe|Chiyuni
Karonga|Mwirang'ombe|Galimoto
Karonga|Mwirang'ombe|Jumbe
Karonga|Mwirang'ombe|Kalimunda
Karonga|Mwirang'ombe|Kalumwezo
Karonga|Mwirang'ombe|Kamutembo
Karonga|Mwirang'ombe|Kandukuta
Karonga|Mwirang'ombe|Kanyuka
Karonga|Mwirang'ombe|Kanyuka TC
Karonga|Mwirang'ombe|Kapambwafu
Karonga|Mwirang'ombe|Kaswela
Karonga|Mwirang'ombe|Kayaghala
Karonga|Mwirang'ombe|Makonganya
Karonga|Mwirang'ombe|Masuyafwile
Karonga|Mwirang'ombe|Maulunge
Karonga|Mwirang'ombe|Maxwell
Karonga|Mwirang'ombe|Mbatamira
Karonga|Mwirang'ombe|Mchekacheka
Karonga|Mwirang'ombe|Mjaliwana
Karonga|Mwirang'ombe|Mkango
Karonga|Mwirang'ombe|Mkumbasanga
Karonga|Mwirang'ombe|Mlangapamalo
Karonga|Mwirang'ombe|Mlongoti
Karonga|Mwirang'ombe|Mlowoka
Karonga|Mwirang'ombe|Mphuthuka
Karonga|Mwirang'ombe|Mudoka
Karonga|Mwirang'ombe|Mumwela
Karonga|Mwirang'ombe|Musopa
Karonga|Mwirang'ombe|Mutangala
Karonga|Mwirang'ombe|Muyereka
Karonga|Mwirang'ombe|Muziba
Karonga|Mwirang'ombe|Mwachisese
Karonga|Mwirang'ombe|Mwafulirwa
Karonga|Mwirang'ombe|Mwakalomba
Karonga|Mwirang'ombe|Mwakasenjere
Karonga|Mwirang'ombe|Mwakashunguti
Karonga|Mwirang'ombe|Mwanemambwe
Karonga|Mwirang'ombe|Mwaseleka
Karonga|Mwirang'ombe|Mwayibeyu
Karonga|Mwirang'ombe|Mwazolokere
Karonga|Mwirang'ombe|Mwirang'ombe
Karonga|Mwirang'ombe|Ndatira (Phuwa)
Karonga|Mwirang'ombe|Ndatira(Jere)
Karonga|Mwirang'ombe|Ndatira(Kondowe)
Karonga|Mwirang'ombe|Ndatira(kwahanga)
Karonga|Mwirang'ombe|Ngara Trading Centre
Karonga|Mwirang'ombe|Njalayankhunda
Karonga|Mwirang'ombe|Njalayikwenda
Karonga|Mwirang'ombe|Njaliwana
Karonga|Mwirang'ombe|Pulubwe
Karonga|Mwirang'ombe|Wanyanya
Karonga|Wasambo|Bonje
Karonga|Wasambo|Chagoma
Karonga|Wasambo|Chambogho
Karonga|Wasambo|Charochamara
Karonga|Wasambo|Chewere
Karonga|Wasambo|Chibwembwe
Karonga|Wasambo|Chilonga
Karonga|Wasambo|Chilumba  Trading Center
Karonga|Wasambo|Chilumba Trading Center
Karonga|Wasambo|Chimphinga
Karonga|Wasambo|Chinkhwayaya
Karonga|Wasambo|Chipenyenye
Karonga|Wasambo|Chirawira
Karonga|Wasambo|Chisiza
Karonga|Wasambo|Chivundiko
Karonga|Wasambo|Chiyuni
Karonga|Wasambo|Chizumba
Karonga|Wasambo|Fuliwa Trading Center
Karonga|Wasambo|Gangabamwale
Karonga|Wasambo|Gangamwale
Karonga|Wasambo|Gonthaminga
Karonga|Wasambo|Gonthaminga Trading Center
Karonga|Wasambo|Hara TC Trading Center
Karonga|Wasambo|Hara Trading Center
Karonga|Wasambo|Humbu
Karonga|Wasambo|Jalanthowa
Karonga|Wasambo|Kachaka
Karonga|Wasambo|Kachere
Karonga|Wasambo|Kalimalyalo
Karonga|Wasambo|Kamutenthenga
Karonga|Wasambo|Kaphika
Karonga|Wasambo|Kapiyira
Karonga|Wasambo|Kasakarawe
Karonga|Wasambo|Kayera
Karonga|Wasambo|Kayerera
Karonga|Wasambo|Kayerera (Mgwira)
Karonga|Wasambo|Malongo
Karonga|Wasambo|Manganani
Karonga|Wasambo|Marapura
Karonga|Wasambo|Matambukira
Karonga|Wasambo|Matandala
Karonga|Wasambo|Mathengere
Karonga|Wasambo|Mgoyera
Karonga|Wasambo|Mgoyera (Nyondo Hannock)
Karonga|Wasambo|Mkakatavu
Karonga|Wasambo|Mphangwayanjiri
Karonga|Wasambo|Mponela
Karonga|Wasambo|Mtangala
Karonga|Wasambo|Mtoweranyifwa
Karonga|Wasambo|Mugabe
Karonga|Wasambo|Mulilasambo
Karonga|Wasambo|Mulonda
Karonga|Wasambo|Mung'ombwa
Karonga|Wasambo|Muryabweka
Karonga|Wasambo|Mutekera
Karonga|Wasambo|Muzang'unya
Karonga|Wasambo|Mwabanga
Karonga|Wasambo|Mwakanyamale
Karonga|Wasambo|Mwakhwawa
Karonga|Wasambo|Mwamtabale
Karonga|Wasambo|Mwandovi
Karonga|Wasambo|Mwangamila
Karonga|Wasambo|Mwangulu
Karonga|Wasambo|Mwanyanja
Karonga|Wasambo|Mwausegha
Karonga|Wasambo|Mwawungulu
Karonga|Wasambo|Mwenebelele
Karonga|Wasambo|Mzang'unya
Karonga|Wasambo|Mziba
Karonga|Wasambo|Ndatira
Karonga|Wasambo|Njalayankhunda
Karonga|Wasambo|Thangalang'ombe
Karonga|Wasambo|Tilola Trading Center
Karonga|Wasambo|Uliwa Trading Center
Karonga|Wasambo|Vinthukutu Trading Center
Karonga|Wasambo|Vundakulwayo
Karonga|Wasambo|Vunganthenda
Karonga|Wasambo|Wandaninge
Karonga|Wasambo|Wavikhaza
Karonga|Wasambo|Wundaninge
Karonga|Wasambo|Yakumutu
Karonga|Wasambo|Yalema
Karonga|Wasambo|Zengelamanja
Karonga|Wasambo|Zindili
Karonga|Wasambo|Zondani
Kasungu|Kasungu Boma|Belele
Kasungu|Kasungu Boma|Chafela(VH Juma)
Kasungu|Kasungu Boma|Chambala
Kasungu|Kasungu Boma|Chibowa
Kasungu|Kasungu Boma|Chikoko Trading Centre
Kasungu|Kasungu Boma|Chikoya(VH Juma)
Kasungu|Kasungu Boma|Chilanga
Kasungu|Kasungu Boma|Chimbuna
Kasungu|Kasungu Boma|Chimkuyu(VH Juma)
Kasungu|Kasungu Boma|Chitete Township
Kasungu|Kasungu Boma|Chiteyele
Kasungu|Kasungu Boma|Dwambe
Kasungu|Kasungu Boma|Gundani
Kasungu|Kasungu Boma|Jobo(VH Juma)
Kasungu|Kasungu Boma|Juma
Kasungu|Kasungu Boma|Kakoko(VHKasalika)
Kasungu|Kasungu Boma|Kalingawadya
Kasungu|Kasungu Boma|Kanchembere
Kasungu|Kasungu Boma|Kaning'a
Kasungu|Kasungu Boma|Kasalika
Kasungu|Kasungu Boma|Kasalika'
Kasungu|Kasungu Boma|Kasungu Prison Farm
Kasungu|Kasungu Boma|Kathewera
Kasungu|Kasungu Boma|Mabwili
Kasungu|Kasungu Boma|Maoko(VH Juma)
Kasungu|Kasungu Boma|Masea
Kasungu|Kasungu Boma|Mbeta
Kasungu|Kasungu Boma|Mphangwe
Kasungu|Kasungu Boma|Mtambalala
Kasungu|Kasungu Boma|Mtendere
Kasungu|Kasungu Boma|Mtendere TC
Kasungu|Kasungu Boma|Mtonga(VH Juma)
Kasungu|Kasungu Boma|Pendeka
Kasungu|Kasungu Boma|Yasenya
Kasungu|Kasungu Boma|Yesaya
Kasungu|Kasungu National Park|Chipira Camp
Kasungu|Kasungu National Park|Dwangwa Camp
Kasungu|Kasungu National Park|Fifupa Camp
Kasungu|Kasungu National Park|Kangwa Camp
Kasungu|Kasungu National Park|Kapusi Camp
Kasungu|Kasungu National Park|Lisitu Camp
Kasungu|Kasungu National Park|Miyondwe Camp
Kasungu|Kasungu National Park|Mpanyakwe Camp
Kasungu|Kasungu National Park|Nkhalango  Camp
Kasungu|Kasungu National Park|Student Camp
Kasungu|S/C Lukwa|ALUFEYO ESTATE
Kasungu|S/C Lukwa|APATSAMOSIYANA FARM
Kasungu|S/C Lukwa|Bilale Phiri
Kasungu|S/C Lukwa|Bizaliyele
Kasungu|S/C Lukwa|Buma
Kasungu|S/C Lukwa|Chafuna
Kasungu|S/C Lukwa|Chakhalawaka
Kasungu|S/C Lukwa|Chamawe
Kasungu|S/C Lukwa|Chamba
Kasungu|S/C Lukwa|CHAMKOMA ESTATE
Kasungu|S/C Lukwa|Champiko
Kasungu|S/C Lukwa|CHANKHANGA FARM
Kasungu|S/C Lukwa|CHANSOLO FARM
Kasungu|S/C Lukwa|CHAPUSA ESTATE
Kasungu|S/C Lukwa|Chathawa
Kasungu|S/C Lukwa|Chavuta
Kasungu|S/C Lukwa|Chibowa
Kasungu|S/C Lukwa|CHIDONGO ESTATE
Kasungu|S/C Lukwa|CHIKAMBE FARM
Kasungu|S/C Lukwa|Chikaphupha
Kasungu|S/C Lukwa|Chikukula
Kasungu|S/C Lukwa|Chimangeni
Kasungu|S/C Lukwa|Chimbiya
Kasungu|S/C Lukwa|Chimowa
Kasungu|S/C Lukwa|Chimphoyo
Kasungu|S/C Lukwa|Chimphunda
Kasungu|S/C Lukwa|Chimpiko
Kasungu|S/C Lukwa|Chimtenje
Kasungu|S/C Lukwa|Chimwala
Kasungu|S/C Lukwa|Ching'amba
Kasungu|S/C Lukwa|Ching'oma
Kasungu|S/C Lukwa|Chinjobvu
Kasungu|S/C Lukwa|Chinkhwangwa
Kasungu|S/C Lukwa|Chinthona
Kasungu|S/C Lukwa|Chinyamunyamu
Kasungu|S/C Lukwa|Chipezayani
Kasungu|S/C Lukwa|Chiponde
Kasungu|S/C Lukwa|Chipwaila
Kasungu|S/C Lukwa|Chisemphele
Kasungu|S/C Lukwa|Chisiwili
Kasungu|S/C Lukwa|Chitedzera
Kasungu|S/C Lukwa|Chitemwa [VH Kavika]
Kasungu|S/C Lukwa|CHITHUZI JOWASI FARM
Kasungu|S/C Lukwa|Chiuta
Kasungu|S/C Lukwa|Chiwaula
Kasungu|S/C Lukwa|Chiwereka
Kasungu|S/C Lukwa|Chiwereka [Salifu]
Kasungu|S/C Lukwa|Chizende
Kasungu|S/C Lukwa|Chizutu
Kasungu|S/C Lukwa|Chulu
Kasungu|S/C Lukwa|DEKHA FARM
Kasungu|S/C Lukwa|Domboleka [Tupa]
Kasungu|S/C Lukwa|DUNDA FARM
Kasungu|S/C Lukwa|DZAONE FARM
Kasungu|S/C Lukwa|Felesa
Kasungu|S/C Lukwa|FEVIDO FARM
Kasungu|S/C Lukwa|Gaga
Kasungu|S/C Lukwa|Ganthu
Kasungu|S/C Lukwa|Gavanala
Kasungu|S/C Lukwa|Goliati
Kasungu|S/C Lukwa|Gundani
Kasungu|S/C Lukwa|Jobo
Kasungu|S/C Lukwa|Jobo [VH Kapyela]
Kasungu|S/C Lukwa|John
Kasungu|S/C Lukwa|Juliano
Kasungu|S/C Lukwa|Junguwele
Kasungu|S/C Lukwa|Kabapha
Kasungu|S/C Lukwa|Kabowa
Kasungu|S/C Lukwa|KADUKA ESTATE
Kasungu|S/C Lukwa|Kadyanthupa
Kasungu|S/C Lukwa|Kaisi
Kasungu|S/C Lukwa|Kakopa
Kasungu|S/C Lukwa|KALIMBIKE ESTATE
Kasungu|S/C Lukwa|KALIMILIA ESTATE
Kasungu|S/C Lukwa|Kalisele
Kasungu|S/C Lukwa|KAMANGA HAWARD ESTATE
Kasungu|S/C Lukwa|KANEKHA FARM
Kasungu|S/C Lukwa|Kaning'a A
Kasungu|S/C Lukwa|Kanjala
Kasungu|S/C Lukwa|Kanjelama
Kasungu|S/C Lukwa|Kanyali
Kasungu|S/C Lukwa|KANYANG'WANCHOKELE FARM
Kasungu|S/C Lukwa|Kapatuka [Chabwera]
Kasungu|S/C Lukwa|Kaphaizi
Kasungu|S/C Lukwa|KAPHULIKA FARM
Kasungu|S/C Lukwa|Kapinda
Kasungu|S/C Lukwa|Kapoli
Kasungu|S/C Lukwa|Kapyela
Kasungu|S/C Lukwa|Kasankha
Kasungu|S/C Lukwa|Kasese
Kasungu|S/C Lukwa|Kashuwu
Kasungu|S/C Lukwa|KAVALANGUWO FARM
Kasungu|S/C Lukwa|Kavika
Kasungu|S/C Lukwa|Kavuwo
Kasungu|S/C Lukwa|Kawaye
Kasungu|S/C Lukwa|KAWELELE FARM
Kasungu|S/C Lukwa|Kayembe
Kasungu|S/C Lukwa|Kayesa
Kasungu|S/C Lukwa|KAYIGUMBE FARM
Kasungu|S/C Lukwa|Kazuni
Kasungu|S/C Lukwa|Linyangwa
Kasungu|S/C Lukwa|LINYANGWA BLOCK 6
Kasungu|S/C Lukwa|LINYANGWA BLOCK No 4
Kasungu|S/C Lukwa|LINYANGWA BLOCK No 7
Kasungu|S/C Lukwa|LINYANGWA BLOCK No 9
Kasungu|S/C Lukwa|LINYANGWA SETTLEMENT SCHEME
Kasungu|S/C Lukwa|Linyangwa Trading Centre
Kasungu|S/C Lukwa|Lowe
Kasungu|S/C Lukwa|Lukwa
Kasungu|S/C Lukwa|Lupapsya
Kasungu|S/C Lukwa|Lupenya
Kasungu|S/C Lukwa|Machilika
Kasungu|S/C Lukwa|Maenje
Kasungu|S/C Lukwa|Magawa
Kasungu|S/C Lukwa|MAGOMBO FARM
Kasungu|S/C Lukwa|Malichi
Kasungu|S/C Lukwa|Mandolo
Kasungu|S/C Lukwa|Mangwazu
Kasungu|S/C Lukwa|Mankhaka
Kasungu|S/C Lukwa|Masamba
Kasungu|S/C Lukwa|Masawa
Kasungu|S/C Lukwa|Matafale
Kasungu|S/C Lukwa|Matako
Kasungu|S/C Lukwa|Matanga
Kasungu|S/C Lukwa|Matangadzira
Kasungu|S/C Lukwa|Matatiyo
Kasungu|S/C Lukwa|Matewere
Kasungu|S/C Lukwa|Matukusha
Kasungu|S/C Lukwa|MAUPO ESTATE
Kasungu|S/C Lukwa|Mawawa Theu
Kasungu|S/C Lukwa|Mayani
Kasungu|S/C Lukwa|MBANGA FARM
Kasungu|S/C Lukwa|M'dabwi
Kasungu|S/C Lukwa|Mdafika
Kasungu|S/C Lukwa|Mdziluke
Kasungu|S/C Lukwa|MFUKO ESTATE
Kasungu|S/C Lukwa|Mitawa
Kasungu|S/C Lukwa|MKANAKUFA ESTATE
Kasungu|S/C Lukwa|MKANIKA ESTATE
Kasungu|S/C Lukwa|Mkombe
Kasungu|S/C Lukwa|MKUMBUKILA FARM
Kasungu|S/C Lukwa|Mkusa
Kasungu|S/C Lukwa|Mndaka
Kasungu|S/C Lukwa|Mnguwe
Kasungu|S/C Lukwa|Mnthembwe (A)
Kasungu|S/C Lukwa|Mnyamula
Kasungu|S/C Lukwa|MPHAMVU ESTATE
Kasungu|S/C Lukwa|Mphangwe
Kasungu|S/C Lukwa|Mphepo
Kasungu|S/C Lukwa|Mphungu
Kasungu|S/C Lukwa|Mpoto
Kasungu|S/C Lukwa|MSAUKA
Kasungu|S/C Lukwa|Mshamboza
Kasungu|S/C Lukwa|Mtandaza
Kasungu|S/C Lukwa|MTUNDUWATHA ESTATE
Kasungu|S/C Lukwa|MUOMBA/MDIKA FARM
Kasungu|S/C Lukwa|Mutuwanjovu
Kasungu|S/C Lukwa|Mvula
Kasungu|S/C Lukwa|Mwainga
Kasungu|S/C Lukwa|Mwalawanyenje
Kasungu|S/C Lukwa|Mwambachiphale
Kasungu|S/C Lukwa|Mwanda
Kasungu|S/C Lukwa|MWANJAWATHU ESTATE
Kasungu|S/C Lukwa|Mwanza
Kasungu|S/C Lukwa|Mwase
Kasungu|S/C Lukwa|NDAUKA FARM
Kasungu|S/C Lukwa|Nguluwe
Kasungu|S/C Lukwa|NGUWE
Kasungu|S/C Lukwa|Ngwata
Kasungu|S/C Lukwa|NJOLINJO
Kasungu|S/C Lukwa|NKHUTA FARM
Kasungu|S/C Lukwa|Nkhwawe
Kasungu|S/C Lukwa|NSOLOLA
Kasungu|S/C Lukwa|NTHILAKUWIRI FARM
Kasungu|S/C Lukwa|Nthupila
Kasungu|S/C Lukwa|Nyamayanji
Kasungu|S/C Lukwa|Nyongani
Kasungu|S/C Lukwa|Sakwi
Kasungu|S/C Lukwa|SALALA II ESTATE
Kasungu|S/C Lukwa|SALALA III ESTATE
Kasungu|S/C Lukwa|Sam Mponda
Kasungu|S/C Lukwa|Sambani
Kasungu|S/C Lukwa|Simoko
Kasungu|S/C Lukwa|Sindemba
Kasungu|S/C Lukwa|Sitolo
Kasungu|S/C Lukwa|Sungani
Kasungu|S/C Lukwa|TALANDILIDWA ESTATE
Kasungu|S/C Lukwa|TASAUKA ESTATE
Kasungu|S/C Lukwa|Tasowana
Kasungu|S/C Lukwa|Temani [Nyamanda]
Kasungu|S/C Lukwa|Tembwe
Kasungu|S/C Lukwa|Tena
Kasungu|S/C Lukwa|THOTHO FARM
Kasungu|S/C Lukwa|TIKONDANE FARM
Kasungu|S/C Lukwa|Timoti
Kasungu|S/C Lukwa|TIWONGE ESTATE
Kasungu|S/C Lukwa|TIYAMIKE FARM
Kasungu|S/C Lukwa|Wakhalira
Kasungu|S/C Lukwa|Waya
Kasungu|S/C Lukwa|YAKWANA ESTATE
Kasungu|S/C Lukwa|Yolamu
Kasungu|S/C Lukwa|Zachokera
Kasungu|S/C Lukwa|Zilikani
Kasungu|S/C Lukwa|ZIMWANDA FARM
Kasungu|S/C Lukwa|ZULUWUMO FARM
Kasungu|S/C Mnyanja|Baloyi
Kasungu|S/C Mnyanja|Bejimani
Kasungu|S/C Mnyanja|Belezuke
Kasungu|S/C Mnyanja|Bhenhleni
Kasungu|S/C Mnyanja|Bilale
Kasungu|S/C Mnyanja|Biyudi
Kasungu|S/C Mnyanja|Bota
Kasungu|S/C Mnyanja|Bowe Trading Centre
Kasungu|S/C Mnyanja|Chafukira
Kasungu|S/C Mnyanja|Chapalizika
Kasungu|S/C Mnyanja|Chapilizika
Kasungu|S/C Mnyanja|Chasikusila
Kasungu|S/C Mnyanja|Chauma
Kasungu|S/C Mnyanja|Chavura
Kasungu|S/C Mnyanja|Chazima
Kasungu|S/C Mnyanja|Chazimwa Farm
Kasungu|S/C Mnyanja|Chazimwa Farm I
Kasungu|S/C Mnyanja|Chazimwa Farm II
Kasungu|S/C Mnyanja|Chazimwa Farm III
Kasungu|S/C Mnyanja|Chibisa
Kasungu|S/C Mnyanja|Chibvina
Kasungu|S/C Mnyanja|Chidzani
Kasungu|S/C Mnyanja|Chidzani Trading Centre
Kasungu|S/C Mnyanja|Chigumukire Farm
Kasungu|S/C Mnyanja|Chigwangwa
Kasungu|S/C Mnyanja|Chikoko Chikwanda
Kasungu|S/C Mnyanja|Chikoloma  Farm
Kasungu|S/C Mnyanja|Chikukula Chesa
Kasungu|S/C Mnyanja|Chikukula Milombe
Kasungu|S/C Mnyanja|Chikwembeni
Kasungu|S/C Mnyanja|Chikwesa
Kasungu|S/C Mnyanja|Chikwese
Kasungu|S/C Mnyanja|Chikwezi
Kasungu|S/C Mnyanja|Chilanga Estate
Kasungu|S/C Mnyanja|Chilemba
Kasungu|S/C Mnyanja|Chiloweni
Kasungu|S/C Mnyanja|Chimgogo
Kasungu|S/C Mnyanja|Chimwendo
Kasungu|S/C Mnyanja|Chingati
Kasungu|S/C Mnyanja|Chinjewazi Trading Centre
Kasungu|S/C Mnyanja|Chinjoka
Kasungu|S/C Mnyanja|Chinkhalango
Kasungu|S/C Mnyanja|Chinkwangwa
Kasungu|S/C Mnyanja|Chinseu
Kasungu|S/C Mnyanja|Chinula
Kasungu|S/C Mnyanja|Chipanga Trading Centre
Kasungu|S/C Mnyanja|Chipansi  Farm
Kasungu|S/C Mnyanja|Chipeta
Kasungu|S/C Mnyanja|Chipila  Farm
Kasungu|S/C Mnyanja|Chipuku
Kasungu|S/C Mnyanja|Chipwaila Nthoto
Kasungu|S/C Mnyanja|Chirambo
Kasungu|S/C Mnyanja|Chisi
Kasungu|S/C Mnyanja|Chitola
Kasungu|S/C Mnyanja|Chiweleka
Kasungu|S/C Mnyanja|Chiwumnya
Kasungu|S/C Mnyanja|Cipanga Estate
Kasungu|S/C Mnyanja|Ehanhleni
Kasungu|S/C Mnyanja|Emau
Kasungu|S/C Mnyanja|Galauza
Kasungu|S/C Mnyanja|Galika
Kasungu|S/C Mnyanja|Galo
Kasungu|S/C Mnyanja|Galuwakuda
Kasungu|S/C Mnyanja|Gandale
Kasungu|S/C Mnyanja|Gausi
Kasungu|S/C Mnyanja|General Farming Estate NO 80
Kasungu|S/C Mnyanja|General Farming Estate NO 82
Kasungu|S/C Mnyanja|General Farming Estate NO 83
Kasungu|S/C Mnyanja|General Farming Estate NO81
Kasungu|S/C Mnyanja|Guma
Kasungu|S/C Mnyanja|Honock Zimba
Kasungu|S/C Mnyanja|Jalang'ombe
Kasungu|S/C Mnyanja|Jamson
Kasungu|S/C Mnyanja|January
Kasungu|S/C Mnyanja|Jati Trading Centre
Kasungu|S/C Mnyanja|Jelemia
Kasungu|S/C Mnyanja|Jilimono
Kasungu|S/C Mnyanja|John Ndau
Kasungu|S/C Mnyanja|Jonasi
Kasungu|S/C Mnyanja|Jonasi Tena
Kasungu|S/C Mnyanja|Kachaso
Kasungu|S/C Mnyanja|Kacheche
Kasungu|S/C Mnyanja|Kadyampakeni  Farm
Kasungu|S/C Mnyanja|Kakonkha
Kasungu|S/C Mnyanja|Kakowa
Kasungu|S/C Mnyanja|Kakwale Farm
Kasungu|S/C Mnyanja|Kambere
Kasungu|S/C Mnyanja|Kambulumbulu
Kasungu|S/C Mnyanja|Kanike
Kasungu|S/C Mnyanja|Kanjerama
Kasungu|S/C Mnyanja|Kantawa
Kasungu|S/C Mnyanja|Kanthonga
Kasungu|S/C Mnyanja|Kanyenda
Kasungu|S/C Mnyanja|Kaongo
Kasungu|S/C Mnyanja|Kapanda Nsalu
Kasungu|S/C Mnyanja|Kapeta
Kasungu|S/C Mnyanja|Kaphaizi
Kasungu|S/C Mnyanja|Kapindula
Kasungu|S/C Mnyanja|Kaponda
Kasungu|S/C Mnyanja|Kapyela
Kasungu|S/C Mnyanja|Kasalika
Kasungu|S/C Mnyanja|Kathewera
Kasungu|S/C Mnyanja|Kaulamwene
Kasungu|S/C Mnyanja|Kwengwere
Kasungu|S/C Mnyanja|Lambulira
Kasungu|S/C Mnyanja|Linga
Kasungu|S/C Mnyanja|Lotani
Kasungu|S/C Mnyanja|Mafumphizi Forest Camp
Kasungu|S/C Mnyanja|Magela
Kasungu|S/C Mnyanja|Makamu
Kasungu|S/C Mnyanja|Makanda I
Kasungu|S/C Mnyanja|Makhangala
Kasungu|S/C Mnyanja|Malemba
Kasungu|S/C Mnyanja|Malemya
Kasungu|S/C Mnyanja|Maliwa Soko
Kasungu|S/C Mnyanja|Maluwaya  Farm
Kasungu|S/C Mnyanja|Mandebvu
Kasungu|S/C Mnyanja|Mankhangala
Kasungu|S/C Mnyanja|Masitala
Kasungu|S/C Mnyanja|Matandani
Kasungu|S/C Mnyanja|Mathembwe
Kasungu|S/C Mnyanja|Mazuko
Kasungu|S/C Mnyanja|Mbachanda
Kasungu|S/C Mnyanja|Mbewa
Kasungu|S/C Mnyanja|Mbozo
Kasungu|S/C Mnyanja|Mbuzi
Kasungu|S/C Mnyanja|Mdalira  Farm
Kasungu|S/C Mnyanja|Mende
Kasungu|S/C Mnyanja|Mgweda Muhone
Kasungu|S/C Mnyanja|Misi
Kasungu|S/C Mnyanja|Mkhalapadzuwa
Kasungu|S/C Mnyanja|Mmanga Estate
Kasungu|S/C Mnyanja|Mndengwe
Kasungu|S/C Mnyanja|Mnyanja
Kasungu|S/C Mnyanja|Moro
Kasungu|S/C Mnyanja|Moyo
Kasungu|S/C Mnyanja|Mpasadzi Farm IV
Kasungu|S/C Mnyanja|Mpasadzi Farm VI
Kasungu|S/C Mnyanja|Mpasadzi Farm VII
Kasungu|S/C Mnyanja|Mpasadzi Scheme
Kasungu|S/C Mnyanja|Mphesi
Kasungu|S/C Mnyanja|Msakasiro
Kasungu|S/C Mnyanja|Msenga
Kasungu|S/C Mnyanja|Msolola Chikuwa
Kasungu|S/C Mnyanja|Mtembwe
Kasungu|S/C Mnyanja|Mtonga
Kasungu|S/C Mnyanja|Mtuwa
Kasungu|S/C Mnyanja|Muluka
Kasungu|S/C Mnyanja|Mwalino Tembo
Kasungu|S/C Mnyanja|Mzumuli
Kasungu|S/C Mnyanja|Ngonomo
Kasungu|S/C Mnyanja|Ngwata
Kasungu|S/C Mnyanja|Ngwira
Kasungu|S/C Mnyanja|Njiwa Estate
Kasungu|S/C Mnyanja|Nkhongwa
Kasungu|S/C Mnyanja|Nkumpha
Kasungu|S/C Mnyanja|Nkunde
Kasungu|S/C Mnyanja|Nowa Chisi
Kasungu|S/C Mnyanja|Nyalubwe
Kasungu|S/C Mnyanja|Nyambo
Kasungu|S/C Mnyanja|Nyoni
Kasungu|S/C Mnyanja|Ofesi
Kasungu|S/C Mnyanja|Ofesi Trading  Centre
Kasungu|S/C Mnyanja|Padukana
Kasungu|S/C Mnyanja|Qumayo
Kasungu|S/C Mnyanja|Salala  Farm
Kasungu|S/C Mnyanja|Sambo
Kasungu|S/C Mnyanja|Sankhani
Kasungu|S/C Mnyanja|Sapita
Kasungu|S/C Mnyanja|Shemu
Kasungu|S/C Mnyanja|Sikalela
Kasungu|S/C Mnyanja|Soko
Kasungu|S/C Mnyanja|Sopani
Kasungu|S/C Mnyanja|Sumba
Kasungu|S/C Mnyanja|Suza
Kasungu|S/C Mnyanja|Suza Trading Centre
Kasungu|S/C Mnyanja|Tchaza
Kasungu|S/C Mnyanja|Thaza
Kasungu|S/C Mnyanja|Thole
Kasungu|S/C Mnyanja|Thomu  Farm
Kasungu|S/C Mnyanja|Tundulu
Kasungu|S/C Mnyanja|Tupa
Kasungu|S/C Mnyanja|Vidzuma Phiri
Kasungu|S/C Mnyanja|Wanthewa
Kasungu|S/C Mnyanja|Wasekera Farm
Kasungu|S/C Mnyanja|Yesaya
Kasungu|S/C Mnyanja|Zatuwa
Kasungu|S/C Mnyanja|Zgambo
Kasungu|S/C Mnyanja|Zikomo Farm
Kasungu|S/C Mnyanja|Zinkambani
Kasungu|S/C Njombwa|Beleko
Kasungu|S/C Njombwa|Boma (GVH Kacheta)
Kasungu|S/C Njombwa|Chaima
Kasungu|S/C Njombwa|Chakhala
Kasungu|S/C Njombwa|Chambwe
Kasungu|S/C Njombwa|Chasimpha
Kasungu|S/C Njombwa|Chatalala
Kasungu|S/C Njombwa|Chavina
Kasungu|S/C Njombwa|Chidothi (VH Njombwa)
Kasungu|S/C Njombwa|Chika
Kasungu|S/C Njombwa|Chikho
Kasungu|S/C Njombwa|CHIKHOSI FARM
Kasungu|S/C Njombwa|CHIKUDZU KFCTA FARM III
Kasungu|S/C Njombwa|CHILANGA FARM
Kasungu|S/C Njombwa|Chilindila
Kasungu|S/C Njombwa|Chimgada
Kasungu|S/C Njombwa|Chimusi
Kasungu|S/C Njombwa|Chimutu
Kasungu|S/C Njombwa|Chimwala
Kasungu|S/C Njombwa|CHINGALIWA KFCTA FARM
Kasungu|S/C Njombwa|Chingati
Kasungu|S/C Njombwa|Chinkhoma Trading Centre
Kasungu|S/C Njombwa|Chinkhowa
Kasungu|S/C Njombwa|Chinyanga
Kasungu|S/C Njombwa|Chipangula (Gangile)
Kasungu|S/C Njombwa|Chipezeyani
Kasungu|S/C Njombwa|Chipokolo
Kasungu|S/C Njombwa|CHIPOKOLO KFCTA FARM II
Kasungu|S/C Njombwa|Chipumba
Kasungu|S/C Njombwa|Chipwika
Kasungu|S/C Njombwa|Chisemphere
Kasungu|S/C Njombwa|Chitseko
Kasungu|S/C Njombwa|Chitsulo
Kasungu|S/C Njombwa|Chulu
Kasungu|S/C Njombwa|Chungu
Kasungu|S/C Njombwa|Dambo
Kasungu|S/C Njombwa|DAMBO KFCTA FARM
Kasungu|S/C Njombwa|Dambulesi
Kasungu|S/C Njombwa|GWETSELE  FARM
Kasungu|S/C Njombwa|GWETSELE KFCTA FARM
Kasungu|S/C Njombwa|Jimu
Kasungu|S/C Njombwa|Kabyola
Kasungu|S/C Njombwa|Kachembwe
Kasungu|S/C Njombwa|Kacheta
Kasungu|S/C Njombwa|Kachikondo
Kasungu|S/C Njombwa|Kadammanja
Kasungu|S/C Njombwa|KAKUNGUNI FARM
Kasungu|S/C Njombwa|Kalolo
Kasungu|S/C Njombwa|KALUMBA KFCTA FARM
Kasungu|S/C Njombwa|Kamanga
Kasungu|S/C Njombwa|KAMPHULU FARM
Kasungu|S/C Njombwa|Kamphulu Trading Centre
Kasungu|S/C Njombwa|Kamzoole
Kasungu|S/C Njombwa|KANJOKA FARM
Kasungu|S/C Njombwa|Kanyenda
Kasungu|S/C Njombwa|KANYONDO FARM
Kasungu|S/C Njombwa|Kanyundo [1]
Kasungu|S/C Njombwa|Kanyundo estate
Kasungu|S/C Njombwa|Kapeya
Kasungu|S/C Njombwa|KASUMBA FARM I
Kasungu|S/C Njombwa|KASUMBA FARM II
Kasungu|S/C Njombwa|Katunda
Kasungu|S/C Njombwa|Kazikambanda [Kanyundo GVH]
Kasungu|S/C Njombwa|Leza
Kasungu|S/C Njombwa|LISASADZI I KFCTA FARM
Kasungu|S/C Njombwa|LISASADZI II KFCTA FARM
Kasungu|S/C Njombwa|LUNJU I KFCTA FARM
Kasungu|S/C Njombwa|LUNJU II KFCTA FARM
Kasungu|S/C Njombwa|LUNJU III KFCTA FARM
Kasungu|S/C Njombwa|LUNJU IV  KFCTA FARM
Kasungu|S/C Njombwa|Madi
Kasungu|S/C Njombwa|Mafuta
Kasungu|S/C Njombwa|Magalasi (GVH Mbeta)
Kasungu|S/C Njombwa|Malovu
Kasungu|S/C Njombwa|MANYANI ESTATE (Central Wes
Kasungu|S/C Njombwa|MANYANI ESTATE (East)
Kasungu|S/C Njombwa|MATONDO FARM
Kasungu|S/C Njombwa|Mbeta
Kasungu|S/C Njombwa|Mbewe
Kasungu|S/C Njombwa|Mbwindi
Kasungu|S/C Njombwa|Mchinga
Kasungu|S/C Njombwa|Mchingama
Kasungu|S/C Njombwa|Mdyaudzu
Kasungu|S/C Njombwa|Milanzi
Kasungu|S/C Njombwa|Miliyasi
Kasungu|S/C Njombwa|Mkhwiya
Kasungu|S/C Njombwa|Mkomandolo
Kasungu|S/C Njombwa|Mnguluwe
Kasungu|S/C Njombwa|Mphasi Farm
Kasungu|S/C Njombwa|MPHOWE FARM
Kasungu|S/C Njombwa|Mtolokera
Kasungu|S/C Njombwa|Mtoso
Kasungu|S/C Njombwa|Mwanda
Kasungu|S/C Njombwa|Ndelemani
Kasungu|S/C Njombwa|Ndevu
Kasungu|S/C Njombwa|Ngwata
Kasungu|S/C Njombwa|Ngwembe
Kasungu|S/C Njombwa|Njombwa
Kasungu|S/C Njombwa|Nkhata
Kasungu|S/C Njombwa|Nkhondokwawo
Kasungu|S/C Njombwa|Nkiliyati
Kasungu|S/C Njombwa|Nkololoka
Kasungu|S/C Njombwa|Nkololoka Trading  Centre
Kasungu|S/C Njombwa|Peter
Kasungu|S/C Njombwa|Simoni (VH Njombwa)
Kasungu|S/C Njombwa|Tenje
Kasungu|S/C Njombwa|Thondolo
Kasungu|S/C Njombwa|Thundwe
Kasungu|S/C Njombwa|TSEMEMBE FARM
Kasungu|S/C Njombwa|VIRNOC I FARM
Kasungu|S/C Njombwa|VIRNOC II FARM
Kasungu|S/C Njombwa|VIRNOC III FARM
Kasungu|S/C Njombwa|VIVYA KFCTA ESTATE
Kasungu|S/C Njombwa|Wombwe
Kasungu|S/C Njombwa|Zakochera Fowo
Kasungu|S/C Njombwa|Zinthonga
Kasungu|S/C Simlemba|Baloyi
Kasungu|S/C Simlemba|Banda
Kasungu|S/C Simlemba|Bombombo
Kasungu|S/C Simlemba|Chakondwa
Kasungu|S/C Simlemba|Chalimbano Farm
Kasungu|S/C Simlemba|Chaphwawa
Kasungu|S/C Simlemba|Chapwawa
Kasungu|S/C Simlemba|Chavura Trading Centre
Kasungu|S/C Simlemba|Chawinga
Kasungu|S/C Simlemba|Chibwana
Kasungu|S/C Simlemba|Chibwe
Kasungu|S/C Simlemba|Chibweya
Kasungu|S/C Simlemba|Chifisi
Kasungu|S/C Simlemba|Chigawasi
Kasungu|S/C Simlemba|Chikakula Farm
Kasungu|S/C Simlemba|Chikapa
Kasungu|S/C Simlemba|Chikhwecha
Kasungu|S/C Simlemba|Chikomeni
Kasungu|S/C Simlemba|Chikula
Kasungu|S/C Simlemba|Chikwawa Estate
Kasungu|S/C Simlemba|Chimango Estate
Kasungu|S/C Simlemba|Chimbano
Kasungu|S/C Simlemba|Chimbizi Estate
Kasungu|S/C Simlemba|Chimchimba
Kasungu|S/C Simlemba|Chimozi
Kasungu|S/C Simlemba|Chimuluchi
Kasungu|S/C Simlemba|Chindevu
Kasungu|S/C Simlemba|Chingalawa
Kasungu|S/C Simlemba|Chinguluwe
Kasungu|S/C Simlemba|Chipeta
Kasungu|S/C Simlemba|Chisazima
Kasungu|S/C Simlemba|Chisi
Kasungu|S/C Simlemba|Chisoso
Kasungu|S/C Simlemba|Chiuya
Kasungu|S/C Simlemba|Chizingwa Estate
Kasungu|S/C Simlemba|Chiziwa
Kasungu|S/C Simlemba|Deka-Deka
Kasungu|S/C Simlemba|Dimbalauma
Kasungu|S/C Simlemba|Doka
Kasungu|S/C Simlemba|Eliya Tembo
Kasungu|S/C Simlemba|Filimoni
Kasungu|S/C Simlemba|Fumateke
Kasungu|S/C Simlemba|Furu Farm
Kasungu|S/C Simlemba|Ganizani
Kasungu|S/C Simlemba|Gideon
Kasungu|S/C Simlemba|Gumbo
Kasungu|S/C Simlemba|Guzani
Kasungu|S/C Simlemba|Honde
Kasungu|S/C Simlemba|Jobo Kamanga
Kasungu|S/C Simlemba|John Kadafa
Kasungu|S/C Simlemba|Juli
Kasungu|S/C Simlemba|Juliasi
Kasungu|S/C Simlemba|Jumbo
Kasungu|S/C Simlemba|Juweka
Kasungu|S/C Simlemba|Kabela
Kasungu|S/C Simlemba|Kabwanda
Kasungu|S/C Simlemba|Kachenga Estate
Kasungu|S/C Simlemba|Kachibo
Kasungu|S/C Simlemba|Kachlima
Kasungu|S/C Simlemba|Kadeluka Estate
Kasungu|S/C Simlemba|Kafulefule Farm
Kasungu|S/C Simlemba|Kagona
Kasungu|S/C Simlemba|Kalanga
Kasungu|S/C Simlemba|Kamangeni Farm
Kasungu|S/C Simlemba|Kambewa
Kasungu|S/C Simlemba|Kambewa Trading Centre
Kasungu|S/C Simlemba|Kamono
Kasungu|S/C Simlemba|Kanangika
Kasungu|S/C Simlemba|Kandidi
Kasungu|S/C Simlemba|Kapopo Nyirongo
Kasungu|S/C Simlemba|Kapyokolo
Kasungu|S/C Simlemba|Kasichi
Kasungu|S/C Simlemba|Katchumba
Kasungu|S/C Simlemba|Katema
Kasungu|S/C Simlemba|Katsilizika
Kasungu|S/C Simlemba|Kaunda
Kasungu|S/C Simlemba|Kavonoko
Kasungu|S/C Simlemba|Kavuta
Kasungu|S/C Simlemba|Kaweta
Kasungu|S/C Simlemba|Kazinda
Kasungu|S/C Simlemba|Kaziwonere Farm
Kasungu|S/C Simlemba|Khuluru
Kasungu|S/C Simlemba|Khundango
Kasungu|S/C Simlemba|Khungwa
Kasungu|S/C Simlemba|Kowela
Kasungu|S/C Simlemba|Kwenda
Kasungu|S/C Simlemba|Lindewa
Kasungu|S/C Simlemba|Lingonya
Kasungu|S/C Simlemba|Mafomba Farm
Kasungu|S/C Simlemba|Magonera Farm
Kasungu|S/C Simlemba|Mahawa
Kasungu|S/C Simlemba|Makokola
Kasungu|S/C Simlemba|Makwenje
Kasungu|S/C Simlemba|Malia
Kasungu|S/C Simlemba|Malimba
Kasungu|S/C Simlemba|Maluvenje
Kasungu|S/C Simlemba|Maluvenji
Kasungu|S/C Simlemba|Mandala
Kasungu|S/C Simlemba|Manjombo
Kasungu|S/C Simlemba|Mankhangala
Kasungu|S/C Simlemba|Matandani Estate
Kasungu|S/C Simlemba|Matawira
Kasungu|S/C Simlemba|Mauwa Estate
Kasungu|S/C Simlemba|Mawawa
Kasungu|S/C Simlemba|Mayengo
Kasungu|S/C Simlemba|Mayira
Kasungu|S/C Simlemba|Mbale
Kasungu|S/C Simlemba|Mbambo
Kasungu|S/C Simlemba|Mbazi
Kasungu|S/C Simlemba|Mbemba
Kasungu|S/C Simlemba|Mbobo
Kasungu|S/C Simlemba|Mchacha
Kasungu|S/C Simlemba|Mgawi
Kasungu|S/C Simlemba|Mithi
Kasungu|S/C Simlemba|Mkhuzenje
Kasungu|S/C Simlemba|Mkuzenje
Kasungu|S/C Simlemba|Mnkhonde
Kasungu|S/C Simlemba|Mpeka Farm
Kasungu|S/C Simlemba|Mphandulika
Kasungu|S/C Simlemba|Mponda
Kasungu|S/C Simlemba|Msekawanthu
Kasungu|S/C Simlemba|Msipu Estate
Kasungu|S/C Simlemba|Msowoya
Kasungu|S/C Simlemba|Mtendere Farm
Kasungu|S/C Simlemba|Mudelanji Estate
Kasungu|S/C Simlemba|Muhone
Kasungu|S/C Simlemba|Munkhware
Kasungu|S/C Simlemba|Muyezga Ng'oma
Kasungu|S/C Simlemba|Mvula
Kasungu|S/C Simlemba|Mwandila
Kasungu|S/C Simlemba|Mwaya
Kasungu|S/C Simlemba|Namozi
Kasungu|S/C Simlemba|Ndunduli
Kasungu|S/C Simlemba|Nefani(VH Muyezga Ng'oma)
Kasungu|S/C Simlemba|Ngwata
Kasungu|S/C Simlemba|Ngwata Trading Centre
Kasungu|S/C Simlemba|Ngwenya
Kasungu|S/C Simlemba|Nkanakhothi
Kasungu|S/C Simlemba|Nkanakhothi Trading Centre
Kasungu|S/C Simlemba|Nkhata
Kasungu|S/C Simlemba|Nkhulande
Kasungu|S/C Simlemba|Nthabuwa Trading Centre
Kasungu|S/C Simlemba|Nyaluanga
Kasungu|S/C Simlemba|Pelekamoyo
Kasungu|S/C Simlemba|Phwela Farm
Kasungu|S/C Simlemba|Sacha
Kasungu|S/C Simlemba|Samisoni
Kasungu|S/C Simlemba|Shaba
Kasungu|S/C Simlemba|Shabu
Kasungu|S/C Simlemba|Shanga
Kasungu|S/C Simlemba|Shawa
Kasungu|S/C Simlemba|Siliuka
Kasungu|S/C Simlemba|Simlemba
Kasungu|S/C Simlemba|Tafatatha Estate
Kasungu|S/C Simlemba|Talakila
Kasungu|S/C Simlemba|Tchezo
Kasungu|S/C Simlemba|Themba
Kasungu|S/C Simlemba|Thole Estate
Kasungu|S/C Simlemba|Thosi
Kasungu|S/C Simlemba|Thulike
Kasungu|S/C Simlemba|Tomoka
Kasungu|S/C Simlemba|Vingwe
Kasungu|S/C Simlemba|Waloyi
Kasungu|S/C Simlemba|Waziyamba Farm
Kasungu|S/C Simlemba|Zafaniya
Kasungu|S/C Simlemba|Zakudeno
Kasungu|S/C Simlemba|Zengo
Kasungu|S/C Simlemba|Zimbokoto
Kasungu|S/C Simlemba|Zimkondenge
Kasungu|S/C Simlemba|Zinkambani
Kasungu|S/C Simlemba|Zulanga
Kasungu|S/C Simlemba|Zulunga
Kasungu|TA Chilowamatambe|Bondo
Kasungu|TA Chilowamatambe|BUA ESTATE
Kasungu|TA Chilowamatambe|Chakhaza
Kasungu|TA Chilowamatambe|Chakongwa
Kasungu|TA Chilowamatambe|Chalinda
Kasungu|TA Chilowamatambe|Chambwe
Kasungu|TA Chilowamatambe|Chambwe Trading Centre
Kasungu|TA Chilowamatambe|CHAMWABVI   I  ESTATE
Kasungu|TA Chilowamatambe|CHAMWABVI  II  ESTATE
Kasungu|TA Chilowamatambe|CHAMWABVI  III  A  ESTATE
Kasungu|TA Chilowamatambe|CHAMWABVI  IV B  ESTATE
Kasungu|TA Chilowamatambe|Chenje
Kasungu|TA Chilowamatambe|Chidongo  II
Kasungu|TA Chilowamatambe|Chikalipo
Kasungu|TA Chilowamatambe|Chikaola
Kasungu|TA Chilowamatambe|Chikhosi
Kasungu|TA Chilowamatambe|Chikhwakhwa
Kasungu|TA Chilowamatambe|Chikhwenje
Kasungu|TA Chilowamatambe|Chikoko
Kasungu|TA Chilowamatambe|CHIKUWAWE  FARM
Kasungu|TA Chilowamatambe|Chilangiza
Kasungu|TA Chilowamatambe|Chilindila
Kasungu|TA Chilowamatambe|Chilowa
Kasungu|TA Chilowamatambe|Chilowamatambe  Trading Centre
Kasungu|TA Chilowamatambe|Chima
Kasungu|TA Chilowamatambe|CHIMA  ESTATE
Kasungu|TA Chilowamatambe|Chima Trading Centre
Kasungu|TA Chilowamatambe|Chimanda
Kasungu|TA Chilowamatambe|CHIMBI  ESTATE
Kasungu|TA Chilowamatambe|Chimbwala
Kasungu|TA Chilowamatambe|Chimndulu
Kasungu|TA Chilowamatambe|Chimphero
Kasungu|TA Chilowamatambe|Chimphichi
Kasungu|TA Chilowamatambe|Chimphonda
Kasungu|TA Chilowamatambe|Chimwayi
Kasungu|TA Chilowamatambe|Chinguwo
Kasungu|TA Chilowamatambe|Chipsolo
Kasungu|TA Chilowamatambe|Chisepo
Kasungu|TA Chilowamatambe|CHISEPO ESTATE
Kasungu|TA Chilowamatambe|Chisiku
Kasungu|TA Chilowamatambe|Chisinga
Kasungu|TA Chilowamatambe|CHITENJE  ESTATE
Kasungu|TA Chilowamatambe|Chitsulo
Kasungu|TA Chilowamatambe|CHIWENDENI  ESTATE
Kasungu|TA Chilowamatambe|Chiwengo
Kasungu|TA Chilowamatambe|Chiwengo II
Kasungu|TA Chilowamatambe|Chiyeletsa
Kasungu|TA Chilowamatambe|CHIZOZO  ESTATE  44 / 45
Kasungu|TA Chilowamatambe|Dudu
Kasungu|TA Chilowamatambe|Dzombe
Kasungu|TA Chilowamatambe|Fisi
Kasungu|TA Chilowamatambe|Gideon
Kasungu|TA Chilowamatambe|Jogo
Kasungu|TA Chilowamatambe|Josamu
Kasungu|TA Chilowamatambe|Kabonthi
Kasungu|TA Chilowamatambe|Kachelenga
Kasungu|TA Chilowamatambe|Kachemera
Kasungu|TA Chilowamatambe|Kachontha
Kasungu|TA Chilowamatambe|Kadifula
Kasungu|TA Chilowamatambe|Kadzimete
Kasungu|TA Chilowamatambe|KADZIWA  ESTATE
Kasungu|TA Chilowamatambe|Kaferaanthu
Kasungu|TA Chilowamatambe|Kagwada
Kasungu|TA Chilowamatambe|Kaimba
Kasungu|TA Chilowamatambe|Kalemeka (VH Chilomatambe)
Kasungu|TA Chilowamatambe|Kalengo
Kasungu|TA Chilowamatambe|KALIYEKHA  FARM
Kasungu|TA Chilowamatambe|Kamchiwanda
Kasungu|TA Chilowamatambe|Kamphandila
Kasungu|TA Chilowamatambe|Kanandala
Kasungu|TA Chilowamatambe|Kaning'a
Kasungu|TA Chilowamatambe|Kankhande
Kasungu|TA Chilowamatambe|Kanyangala
Kasungu|TA Chilowamatambe|Kanyukuta
Kasungu|TA Chilowamatambe|Kanyundo
Kasungu|TA Chilowamatambe|Kapokola
Kasungu|TA Chilowamatambe|Kasinja (VH Mateyo)
Kasungu|TA Chilowamatambe|Kasisi
Kasungu|TA Chilowamatambe|Kasuzumure
Kasungu|TA Chilowamatambe|Katelera
Kasungu|TA Chilowamatambe|Kazombo
Kasungu|TA Chilowamatambe|Khala Padzuwa
Kasungu|TA Chilowamatambe|Khuluza
Kasungu|TA Chilowamatambe|Kudyakwammawa
Kasungu|TA Chilowamatambe|Kusayila
Kasungu|TA Chilowamatambe|Leza
Kasungu|TA Chilowamatambe|Lipalazo
Kasungu|TA Chilowamatambe|Madika [VH Kachembwe]
Kasungu|TA Chilowamatambe|Mafuta
Kasungu|TA Chilowamatambe|Malawila
Kasungu|TA Chilowamatambe|Malenga
Kasungu|TA Chilowamatambe|Malisewo
Kasungu|TA Chilowamatambe|Manthalekani
Kasungu|TA Chilowamatambe|Mateyo
Kasungu|TA Chilowamatambe|Mbeleko
Kasungu|TA Chilowamatambe|Mbozo
Kasungu|TA Chilowamatambe|Mbozowana
Kasungu|TA Chilowamatambe|Mbuzi
Kasungu|TA Chilowamatambe|Mchenga
Kasungu|TA Chilowamatambe|Mchingama (VH Jogo)
Kasungu|TA Chilowamatambe|Mdzimangira
Kasungu|TA Chilowamatambe|Mkokotere
Kasungu|TA Chilowamatambe|Mnyanja
Kasungu|TA Chilowamatambe|M'nyanyu
Kasungu|TA Chilowamatambe|Moto
Kasungu|TA Chilowamatambe|Mpanga
Kasungu|TA Chilowamatambe|MPENYA  FARM
Kasungu|TA Chilowamatambe|Mphekesa
Kasungu|TA Chilowamatambe|Mphero
Kasungu|TA Chilowamatambe|Mphote
Kasungu|TA Chilowamatambe|Msulira
Kasungu|TA Chilowamatambe|Mtete [GVH Chimwayi]
Kasungu|TA Chilowamatambe|Mtsilo
Kasungu|TA Chilowamatambe|Mtukulo
Kasungu|TA Chilowamatambe|Mzoweza
Kasungu|TA Chilowamatambe|NDAVUTIKA  FARM
Kasungu|TA Chilowamatambe|Ndende
Kasungu|TA Chilowamatambe|Nguluwe
Kasungu|TA Chilowamatambe|Ngwala
Kasungu|TA Chilowamatambe|Nikisi
Kasungu|TA Chilowamatambe|Njalayakula
Kasungu|TA Chilowamatambe|Njendere [VH Chitsulo]
Kasungu|TA Chilowamatambe|Nkhakominyala
Kasungu|TA Chilowamatambe|Nkhakomiseza
Kasungu|TA Chilowamatambe|Nkhandwe
Kasungu|TA Chilowamatambe|Nkhanga
Kasungu|TA Chilowamatambe|Nkhondwela
Kasungu|TA Chilowamatambe|Nkhuzenje
Kasungu|TA Chilowamatambe|Nsoko
Kasungu|TA Chilowamatambe|Nthumbidwa
Kasungu|TA Chilowamatambe|Nthumbidwa Trading Centre
Kasungu|TA Chilowamatambe|Nthumbo
Kasungu|TA Chilowamatambe|Ntoma
Kasungu|TA Chilowamatambe|Nyalavu
Kasungu|TA Chilowamatambe|Simwaza
Kasungu|TA Chilowamatambe|Siwedi
Kasungu|TA Chilowamatambe|Sumayili
Kasungu|TA Chilowamatambe|Suntche
Kasungu|TA Chilowamatambe|TIYANJANE  ESTATE
Kasungu|TA Chilowamatambe|Tsukampando
Kasungu|TA Chilowamatambe|Wimbe
Kasungu|TA Chilowamatambe|Yayawe
Kasungu|TA Chilowamatambe|YOTAMU
Kasungu|TA Chilowamatambe|Zithonga
Kasungu|TA Chilowamatambe|Zyamamba
Kasungu|TA Chisikwa|Alick Mziya
Kasungu|TA Chisikwa|Chapambuyo
Kasungu|TA Chisikwa|Chibweya
Kasungu|TA Chisikwa|Chilowa
Kasungu|TA Chisikwa|Chimenya
Kasungu|TA Chisikwa|Chimudzi
Kasungu|TA Chisikwa|Chimzinga
Kasungu|TA Chisikwa|Chinseu
Kasungu|TA Chisikwa|Chipongola
Kasungu|TA Chisikwa|Chisikwa
Kasungu|TA Chisikwa|Chiwawalu
Kasungu|TA Chisikwa|Chiwawato
Kasungu|TA Chisikwa|Diyere
Kasungu|TA Chisikwa|Gika
Kasungu|TA Chisikwa|Jakapu
Kasungu|TA Chisikwa|Kachela Nkhwanya Chinjati
Kasungu|TA Chisikwa|Kachilankhwanya
Kasungu|TA Chisikwa|Katema
Kasungu|TA Chisikwa|Lojwa
Kasungu|TA Chisikwa|Lojwa Trading Centre
Kasungu|TA Chisikwa|Maskaleka
Kasungu|TA Chisikwa|Mbiko
Kasungu|TA Chisikwa|Ndeulelutepo
Kasungu|TA Chisikwa|Nkhakama Forest Camp
Kasungu|TA Chisikwa|Peter
Kasungu|TA Chisikwa|Sagawika
Kasungu|TA Chisikwa|Sahane
Kasungu|TA Chisikwa|Venge
Kasungu|TA Chisikwa|Vinkhotwe
Kasungu|TA Chisikwa|Zozo
Kasungu|TA Chisikwa|Zude Mziya
Kasungu|TA Chulu|Bayani
Kasungu|TA Chulu|Bechani
Kasungu|TA Chulu|Bimphi
Kasungu|TA Chulu|Buku
Kasungu|TA Chulu|Buvi
Kasungu|TA Chulu|Chafwamba Moyo
Kasungu|TA Chulu|Chakhuwi Farm
Kasungu|TA Chulu|Chakolagalu
Kasungu|TA Chulu|Chakwela
Kasungu|TA Chulu|Chakwila
Kasungu|TA Chulu|Chambalekani
Kasungu|TA Chulu|Chaola
Kasungu|TA Chulu|Chaphuka
Kasungu|TA Chulu|Chavunguta
Kasungu|TA Chulu|Chibungizga
Kasungu|TA Chulu|Chigadula
Kasungu|TA Chulu|Chiheni
Kasungu|TA Chulu|Chikhawa
Kasungu|TA Chulu|Chikhomere
Kasungu|TA Chulu|Chikuni
Kasungu|TA Chulu|Chikwakwa
Kasungu|TA Chulu|Chikwanda
Kasungu|TA Chulu|Chikwawa
Kasungu|TA Chulu|Chikwengwe
Kasungu|TA Chulu|Chilembwe
Kasungu|TA Chulu|Chilowe
Kasungu|TA Chulu|Chimbiya Farm
Kasungu|TA Chulu|Chimbuli
Kasungu|TA Chulu|Chimbwazi Estate
Kasungu|TA Chulu|Chimombo
Kasungu|TA Chulu|Chimphololo
Kasungu|TA Chulu|Chimseu
Kasungu|TA Chulu|China
Kasungu|TA Chulu|Chindoko
Kasungu|TA Chulu|Chinjobvu
Kasungu|TA Chulu|Chinjunju
Kasungu|TA Chulu|Chinkhande
Kasungu|TA Chulu|Chinyanga
Kasungu|TA Chulu|Chioko
Kasungu|TA Chulu|Chioza
Kasungu|TA Chulu|Chipevya
Kasungu|TA Chulu|Chipolopolo
Kasungu|TA Chulu|Chipwaila
Kasungu|TA Chulu|Chipwaila Mpembe
Kasungu|TA Chulu|Chiseka
Kasungu|TA Chulu|Chiseka Trading Centre
Kasungu|TA Chulu|Chisinga
Kasungu|TA Chulu|Chisinga  Trading Centre
Kasungu|TA Chulu|Chisokwe
Kasungu|TA Chulu|Chisulu
Kasungu|TA Chulu|Chisulu Estate
Kasungu|TA Chulu|Chithonje
Kasungu|TA Chulu|Chitota Moyo
Kasungu|TA Chulu|Chiwanguwangu
Kasungu|TA Chulu|Chiweku
Kasungu|TA Chulu|Chiyekwete
Kasungu|TA Chulu|Chizumba
Kasungu|TA Chulu|Dapilani
Kasungu|TA Chulu|Divala
Kasungu|TA Chulu|Domaniko
Kasungu|TA Chulu|Dwangwa Trading Centre
Kasungu|TA Chulu|Edward Kawelele
Kasungu|TA Chulu|Edward Kawelele Estate
Kasungu|TA Chulu|Eliya
Kasungu|TA Chulu|Ezunguleni
Kasungu|TA Chulu|Fliya Mbamba
Kasungu|TA Chulu|Fundi
Kasungu|TA Chulu|Gilipa
Kasungu|TA Chulu|Greya
Kasungu|TA Chulu|Gusha
Kasungu|TA Chulu|Gwaligwali
Kasungu|TA Chulu|Hara
Kasungu|TA Chulu|Jatero Banda
Kasungu|TA Chulu|Jembe
Kasungu|TA Chulu|Jere
Kasungu|TA Chulu|Jeremani
Kasungu|TA Chulu|John Makhula
Kasungu|TA Chulu|Jure
Kasungu|TA Chulu|Juweka
Kasungu|TA Chulu|Jwanthi
Kasungu|TA Chulu|Kachakenje
Kasungu|TA Chulu|Kachekenje
Kasungu|TA Chulu|Kachepa
Kasungu|TA Chulu|Kachibo Mwale
Kasungu|TA Chulu|Kachilika
Kasungu|TA Chulu|Kachoyo
Kasungu|TA Chulu|Kadango
Kasungu|TA Chulu|Kadedwa Estate
Kasungu|TA Chulu|Kaikwinde
Kasungu|TA Chulu|Kaizwange
Kasungu|TA Chulu|Kaizwange Trading Centre
Kasungu|TA Chulu|Kakwesa
Kasungu|TA Chulu|Kalaire
Kasungu|TA Chulu|Kalibwanji
Kasungu|TA Chulu|Kalonga
Kasungu|TA Chulu|Kalowe
Kasungu|TA Chulu|Kalua II
Kasungu|TA Chulu|Kamanga
Kasungu|TA Chulu|Kambewa
Kasungu|TA Chulu|Kamkomba
Kasungu|TA Chulu|Kamkwate
Kasungu|TA Chulu|Kamsichi
Kasungu|TA Chulu|Kamtuwale
Kasungu|TA Chulu|Kamtuwale Trading Centre
Kasungu|TA Chulu|Kamuna
Kasungu|TA Chulu|Kamzimbi
Kasungu|TA Chulu|Kangoma
Kasungu|TA Chulu|Kanike Farm
Kasungu|TA Chulu|Kanjala Farm
Kasungu|TA Chulu|Kanjerenjere
Kasungu|TA Chulu|Kanjulu
Kasungu|TA Chulu|Kansinjiro Estate
Kasungu|TA Chulu|Kanthupa Mphande
Kasungu|TA Chulu|Kanyakatika
Kasungu|TA Chulu|Kanzati
Kasungu|TA Chulu|Kapatuka
Kasungu|TA Chulu|Kapusi Farm
Kasungu|TA Chulu|Kapyokola
Kasungu|TA Chulu|Kashaleka
Kasungu|TA Chulu|Kasinja
Kasungu|TA Chulu|Kasiyadanga
Kasungu|TA Chulu|Kasiyoli
Kasungu|TA Chulu|Katengeza
Kasungu|TA Chulu|Katenje
Kasungu|TA Chulu|Kathale Estate
Kasungu|TA Chulu|Kathongela
Kasungu|TA Chulu|Kathongela Trading Centre
Kasungu|TA Chulu|Katope Estate
Kasungu|TA Chulu|Katsilizika M. Nkhoma
Kasungu|TA Chulu|Katutula
Kasungu|TA Chulu|Kauma
Kasungu|TA Chulu|Kawelama
Kasungu|TA Chulu|Kazyolika
Kasungu|TA Chulu|Kholwani
Kasungu|TA Chulu|Khombe
Kasungu|TA Chulu|Kumwembe
Kasungu|TA Chulu|Kwalira
Kasungu|TA Chulu|Lackson Chirwa
Kasungu|TA Chulu|Lameck Nyezani
Kasungu|TA Chulu|Lombwa
Kasungu|TA Chulu|Loni
Kasungu|TA Chulu|Lungu
Kasungu|TA Chulu|Magesi
Kasungu|TA Chulu|Magunje Nyumbani Newa
Kasungu|TA Chulu|Mahowe
Kasungu|TA Chulu|Makhala
Kasungu|TA Chulu|Makwani
Kasungu|TA Chulu|Malanda
Kasungu|TA Chulu|Maliwase
Kasungu|TA Chulu|Maluwa
Kasungu|TA Chulu|Mapapo Mhlanga
Kasungu|TA Chulu|Maphato Baiwelo
Kasungu|TA Chulu|Mataya
Kasungu|TA Chulu|Matepo
Kasungu|TA Chulu|Matheza
Kasungu|TA Chulu|Matomola
Kasungu|TA Chulu|Matondo
Kasungu|TA Chulu|Matuwamba
Kasungu|TA Chulu|Mawawa Banda
Kasungu|TA Chulu|Mayereyere
Kasungu|TA Chulu|Mazembe Mkhala
Kasungu|TA Chulu|Mbangala(Sambizgo)
Kasungu|TA Chulu|Mbatata
Kasungu|TA Chulu|Mboto (Chigadula)
Kasungu|TA Chulu|Mbozo
Kasungu|TA Chulu|Mbuluunde
Kasungu|TA Chulu|Mdulang''ombe
Kasungu|TA Chulu|Mdulang''ombe Farm
Kasungu|TA Chulu|Meja Gaga
Kasungu|TA Chulu|Meke Mbambo
Kasungu|TA Chulu|Mhango
Kasungu|TA Chulu|Mhone
Kasungu|TA Chulu|Mijere Gaga
Kasungu|TA Chulu|Miyani
Kasungu|TA Chulu|Miyowe
Kasungu|TA Chulu|Mkango
Kasungu|TA Chulu|Mkoko
Kasungu|TA Chulu|Mkulumimba
Kasungu|TA Chulu|Mkuzikuzi
Kasungu|TA Chulu|Mlotha
Kasungu|TA Chulu|Mnkhoma
Kasungu|TA Chulu|Mnkhoma Farm
Kasungu|TA Chulu|Moffat Langa
Kasungu|TA Chulu|Molozi Duwe
Kasungu|TA Chulu|Moyo
Kasungu|TA Chulu|Mpata
Kasungu|TA Chulu|Mpata Estate
Kasungu|TA Chulu|Mpazi
Kasungu|TA Chulu|Mpepa
Kasungu|TA Chulu|Mphampha
Kasungu|TA Chulu|Mphomwa Trading Centre
Kasungu|TA Chulu|Mphonde
Kasungu|TA Chulu|Mshanga
Kasungu|TA Chulu|Mtundukwa
Kasungu|TA Chulu|Mtuwa
Kasungu|TA Chulu|Mwambo
Kasungu|TA Chulu|Mwezi
Kasungu|TA Chulu|Nawezi
Kasungu|TA Chulu|Ndacha
Kasungu|TA Chulu|Ng''oma
Kasungu|TA Chulu|Ngwata
Kasungu|TA Chulu|Ngwata  Estate
Kasungu|TA Chulu|Njeka
Kasungu|TA Chulu|Nkhombokombo
Kasungu|TA Chulu|Nkhuzikuzi
Kasungu|TA Chulu|Nkuzikuzi
Kasungu|TA Chulu|Nthukwa(Chikwanda)
Kasungu|TA Chulu|Nyakose
Kasungu|TA Chulu|Nyonyo
Kasungu|TA Chulu|Nzamu
Kasungu|TA Chulu|Office
Kasungu|TA Chulu|Perete
Kasungu|TA Chulu|Petros Chirwa
Kasungu|TA Chulu|Phoka
Kasungu|TA Chulu|Saka
Kasungu|TA Chulu|Sazala
Kasungu|TA Chulu|Seda Chirwa
Kasungu|TA Chulu|Senda
Kasungu|TA Chulu|Sese Estate
Kasungu|TA Chulu|Shawa
Kasungu|TA Chulu|Sinkuta
Kasungu|TA Chulu|Solomoni Jere
Kasungu|TA Chulu|Songiso
Kasungu|TA Chulu|Stonya
Kasungu|TA Chulu|Suwe
Kasungu|TA Chulu|Tameyo Gona
Kasungu|TA Chulu|Thawalawa
Kasungu|TA Chulu|Thomasi
Kasungu|TA Chulu|Tiyamike Farm
Kasungu|TA Chulu|Tomoka
Kasungu|TA Chulu|Twawata
Kasungu|TA Chulu|Unyolo
Kasungu|TA Chulu|Vichiro
Kasungu|TA Chulu|Vidzumo Ng''oma
Kasungu|TA Chulu|Vulani
Kasungu|TA Chulu|Vyeyo Estate
Kasungu|TA Chulu|Wongani Estate
Kasungu|TA Chulu|Yakobe Nyezani
Kasungu|TA Chulu|Yesaya Mizwa
Kasungu|TA Chulu|Yobe
Kasungu|TA Chulu|Yohane Msindo
Kasungu|TA Chulu|Yokoniya Kapatuka
Kasungu|TA Chulu|Yonamu
Kasungu|TA Chulu|Zakeyu
Kasungu|TA Chulu|Zanda
Kasungu|TA Chulu|Zayera
Kasungu|TA Chulu|Zifa Nyirenda
Kasungu|TA Chulu|Zifa Phiri
Kasungu|TA Chulu|Zifa Trading Centre
Kasungu|TA Chulu|Zikhanya
Kasungu|TA Chulu|Zimwanda
Kasungu|TA Chulu|Zolomondo
Kasungu|TA Chulu|Zozomala
Kasungu|TA Chulu|Zyalambe
Kasungu|TA Kaluluma|Aramu Chirwa
Kasungu|TA Kaluluma|Bango Chirwa
Kasungu|TA Kaluluma|Bokosi
Kasungu|TA Kaluluma|Boni Kumwenda
Kasungu|TA Kaluluma|Bundi
Kasungu|TA Kaluluma|Chakuzizwa
Kasungu|TA Kaluluma|Chatoloma Trading Centre
Kasungu|TA Kaluluma|Chavula
Kasungu|TA Kaluluma|Chibamba
Kasungu|TA Kaluluma|Chibweza
Kasungu|TA Kaluluma|Chikande
Kasungu|TA Kaluluma|Chikonda
Kasungu|TA Kaluluma|Chikoya
Kasungu|TA Kaluluma|Chilamphama
Kasungu|TA Kaluluma|Chilembwe
Kasungu|TA Kaluluma|Chimaliro Etate 11
Kasungu|TA Kaluluma|Chimaliro Forest Camp
Kasungu|TA Kaluluma|Chimbilanjala
Kasungu|TA Kaluluma|Chimphoyo
Kasungu|TA Kaluluma|Chimtake
Kasungu|TA Kaluluma|Chimzinga
Kasungu|TA Kaluluma|Chingala
Kasungu|TA Kaluluma|Chinthona
Kasungu|TA Kaluluma|Chintumba
Kasungu|TA Kaluluma|Chipendo
Kasungu|TA Kaluluma|Chipeta
Kasungu|TA Kaluluma|Chipojora
Kasungu|TA Kaluluma|Chirazizwa
Kasungu|TA Kaluluma|Chisambi
Kasungu|TA Kaluluma|Chisemphere
Kasungu|TA Kaluluma|Chisoso
Kasungu|TA Kaluluma|Chitafya
Kasungu|TA Kaluluma|Chitolechi
Kasungu|TA Kaluluma|Chitoneka
Kasungu|TA Kaluluma|Chiwela
Kasungu|TA Kaluluma|Chizilala
Kasungu|TA Kaluluma|Chizumba
Kasungu|TA Kaluluma|Elija(Nanana)
Kasungu|TA Kaluluma|Filimoni Bango Kamanga
Kasungu|TA Kaluluma|Filimoni Bongo Chiswa
Kasungu|TA Kaluluma|Fitiyanu
Kasungu|TA Kaluluma|Fyoti
Kasungu|TA Kaluluma|Golobeki
Kasungu|TA Kaluluma|Gulumula
Kasungu|TA Kaluluma|Jaje
Kasungu|TA Kaluluma|James
Kasungu|TA Kaluluma|Jimu Mkanda
Kasungu|TA Kaluluma|Jodi
Kasungu|TA Kaluluma|Jona Maziuko
Kasungu|TA Kaluluma|Jonasi
Kasungu|TA Kaluluma|Kabwerako
Kasungu|TA Kaluluma|Kachamba
Kasungu|TA Kaluluma|Kachikwa
Kasungu|TA Kaluluma|Kachinda
Kasungu|TA Kaluluma|Kadosolo
Kasungu|TA Kaluluma|Kadulu
Kasungu|TA Kaluluma|Kaindeinde
Kasungu|TA Kaluluma|Kaiwanthile
Kasungu|TA Kaluluma|Kakwale Trading Centrs
Kasungu|TA Kaluluma|Kalikokha
Kasungu|TA Kaluluma|Kamanga
Kasungu|TA Kaluluma|Kambatuwa
Kasungu|TA Kaluluma|Kamdidi
Kasungu|TA Kaluluma|Kampaliro
Kasungu|TA Kaluluma|Kampani
Kasungu|TA Kaluluma|Kamphalinga
Kasungu|TA Kaluluma|Kamphinga
Kasungu|TA Kaluluma|Kamunda
Kasungu|TA Kaluluma|Kamunthubivi
Kasungu|TA Kaluluma|Kamunthuvibi
Kasungu|TA Kaluluma|Kanakuliwa
Kasungu|TA Kaluluma|Kanjosi
Kasungu|TA Kaluluma|Kankute
Kasungu|TA Kaluluma|Kanthonga
Kasungu|TA Kaluluma|Kanyunya
Kasungu|TA Kaluluma|Kapezela
Kasungu|TA Kaluluma|Kaphale
Kasungu|TA Kaluluma|Kapinya
Kasungu|TA Kaluluma|Kapirimnyanga
Kasungu|TA Kaluluma|Kaponda
Kasungu|TA Kaluluma|Kapopo Chavula
Kasungu|TA Kaluluma|Kasichi
Kasungu|TA Kaluluma|Kasilizika
Kasungu|TA Kaluluma|Katandika
Kasungu|TA Kaluluma|Katantha
Kasungu|TA Kaluluma|Katuwa
Kasungu|TA Kaluluma|Kavikula
Kasungu|TA Kaluluma|Kavyenje Chingala
Kasungu|TA Kaluluma|Kazomba
Kasungu|TA Kaluluma|kelula
Kasungu|TA Kaluluma|Kuzizwa
Kasungu|TA Kaluluma|Lameck
Kasungu|TA Kaluluma|Lowole VH Thipa
Kasungu|TA Kaluluma|Lukhere
Kasungu|TA Kaluluma|Luziya
Kasungu|TA Kaluluma|Machuleka
Kasungu|TA Kaluluma|Makhaza
Kasungu|TA Kaluluma|Matekenya
Kasungu|TA Kaluluma|Mateyu Saka
Kasungu|TA Kaluluma|Matola
Kasungu|TA Kaluluma|Mauya
Kasungu|TA Kaluluma|Mbuzi
Kasungu|TA Kaluluma|Mfuni
Kasungu|TA Kaluluma|Mfwanyota
Kasungu|TA Kaluluma|Mithi
Kasungu|TA Kaluluma|Miyawa(VH Jimu Mkanda)
Kasungu|TA Kaluluma|Mkango
Kasungu|TA Kaluluma|Mkayenda
Kasungu|TA Kaluluma|Mkulala
Kasungu|TA Kaluluma|Mlambali
Kasungu|TA Kaluluma|Mnyamazi
Kasungu|TA Kaluluma|Mphamba
Kasungu|TA Kaluluma|Mphande
Kasungu|TA Kaluluma|Mphanduka
Kasungu|TA Kaluluma|Mphandukila
Kasungu|TA Kaluluma|Mphosa
Kasungu|TA Kaluluma|Mtampha
Kasungu|TA Kaluluma|Mtenje
Kasungu|TA Kaluluma|Mtuwa
Kasungu|TA Kaluluma|Muonerepo Farm
Kasungu|TA Kaluluma|Mwalimo Chirwa
Kasungu|TA Kaluluma|Mwalizuku
Kasungu|TA Kaluluma|Mwangwa Farm
Kasungu|TA Kaluluma|Mzimbeni
Kasungu|TA Kaluluma|Mzungunuka
Kasungu|TA Kaluluma|Nanana
Kasungu|TA Kaluluma|Nanana Trading Centre
Kasungu|TA Kaluluma|Nantchengwa
Kasungu|TA Kaluluma|Ndalamila
Kasungu|TA Kaluluma|Ndeule Ngwata
Kasungu|TA Kaluluma|Ndhlozi
Kasungu|TA Kaluluma|Ng'onomo
Kasungu|TA Kaluluma|Nguluwe
Kasungu|TA Kaluluma|Ngwira
Kasungu|TA Kaluluma|Nkhamenya
Kasungu|TA Kaluluma|Nkhamenya Trading Centre
Kasungu|TA Kaluluma|Nkhanyenkhu
Kasungu|TA Kaluluma|Nkhanyenkhu Moyo
Kasungu|TA Kaluluma|Nkhata
Kasungu|TA Kaluluma|Ntolong'ondo
Kasungu|TA Kaluluma|Nyambo
Kasungu|TA Kaluluma|Nzima
Kasungu|TA Kaluluma|Phiri
Kasungu|TA Kaluluma|Sambo
Kasungu|TA Kaluluma|Sitima
Kasungu|TA Kaluluma|Sitola
Kasungu|TA Kaluluma|Sitolo
Kasungu|TA Kaluluma|Siwande
Kasungu|TA Kaluluma|Solomoni
Kasungu|TA Kaluluma|Sopani
Kasungu|TA Kaluluma|Sulungwe
Kasungu|TA Kaluluma|Sumba
Kasungu|TA Kaluluma|Tamuleti
Kasungu|TA Kaluluma|Tembo
Kasungu|TA Kaluluma|Thewe
Kasungu|TA Kaluluma|Thipa
Kasungu|TA Kaluluma|Tom Kapopo
Kasungu|TA Kaluluma|Vyauka
Kasungu|TA Kaluluma|Yawinda
Kasungu|TA Kaluluma|Yesaya Mapala
Kasungu|TA Kaluluma|Yosefe Tomoko
Kasungu|TA Kaluluma|Zakariya
Kasungu|TA Kaluluma|Zakariya Mithi
Kasungu|TA Kaluluma|Zakeyu
Kasungu|TA Kaluluma|Zana
Kasungu|TA Kaluluma|Zanda
Kasungu|TA Kaluluma|Zelema
Kasungu|TA Kaluluma|Zengo
Kasungu|TA Kaluluma|Zinkambani
Kasungu|TA Kaluluma|Zithani
Kasungu|TA Kaluluma|Zombe
Kasungu|TA Kaluluma|Zunguwo
Kasungu|TA Kaomba|Baza
Kasungu|TA Kaomba|Bekule(VHChikwiya)
Kasungu|TA Kaomba|Best Chimulu
Kasungu|TA Kaomba|Biziwiki
Kasungu|TA Kaomba|Bondo I
Kasungu|TA Kaomba|Bwanali
Kasungu|TA Kaomba|Bwemba
Kasungu|TA Kaomba|Chakhaza
Kasungu|TA Kaomba|Chamamatira
Kasungu|TA Kaomba|Chapomba
Kasungu|TA Kaomba|Chayembekezera
Kasungu|TA Kaomba|CHAZUNA FARM
Kasungu|TA Kaomba|Chibaliro
Kasungu|TA Kaomba|Chibura(VH Chikankheni)
Kasungu|TA Kaomba|Chidongo
Kasungu|TA Kaomba|Chifundo
Kasungu|TA Kaomba|Chikankheni
Kasungu|TA Kaomba|Chikho
Kasungu|TA Kaomba|Chikoti
Kasungu|TA Kaomba|Chikowereni
Kasungu|TA Kaomba|Chikwiya
Kasungu|TA Kaomba|Chikwiya (VH Kamkwamba)
Kasungu|TA Kaomba|Chilanga II
Kasungu|TA Kaomba|Chilinda
Kasungu|TA Kaomba|Chilowa
Kasungu|TA Kaomba|Chilumiko
Kasungu|TA Kaomba|Chimba
Kasungu|TA Kaomba|Chinduwi
Kasungu|TA Kaomba|Chipekwe
Kasungu|TA Kaomba|Chipembere
Kasungu|TA Kaomba|Chiphaso
Kasungu|TA Kaomba|Chipokosa
Kasungu|TA Kaomba|Chipombo
Kasungu|TA Kaomba|Chipuku
Kasungu|TA Kaomba|Chisamba
Kasungu|TA Kaomba|Chisazima
Kasungu|TA Kaomba|Chishembe
Kasungu|TA Kaomba|Chiteyeye I
Kasungu|TA Kaomba|Chitumba
Kasungu|TA Kaomba|Chiwelera
Kasungu|TA Kaomba|Chiwilira
Kasungu|TA Kaomba|Chiwiliro
Kasungu|TA Kaomba|CHIZIYE 10 ESTATE
Kasungu|TA Kaomba|CHIZIYE I ESTATE
Kasungu|TA Kaomba|CHIZIYE II ESTATE
Kasungu|TA Kaomba|Dawa
Kasungu|TA Kaomba|Duma(VH Chikankheni)
Kasungu|TA Kaomba|Feza
Kasungu|TA Kaomba|GENERAL FARMING ESTATE 43
Kasungu|TA Kaomba|GENERAL FARMING ESTATE 47
Kasungu|TA Kaomba|Gobede
Kasungu|TA Kaomba|Gogode
Kasungu|TA Kaomba|Gongwa
Kasungu|TA Kaomba|Gumba
Kasungu|TA Kaomba|Gundani II
Kasungu|TA Kaomba|Jandalala
Kasungu|TA Kaomba|Jastasi(VH Chishembe)
Kasungu|TA Kaomba|Kabuluzi
Kasungu|TA Kaomba|Kabutsa
Kasungu|TA Kaomba|Kacheta
Kasungu|TA Kaomba|Kachira
Kasungu|TA Kaomba|Kachitsa
Kasungu|TA Kaomba|Kadam'manja
Kasungu|TA Kaomba|Kadeyula
Kasungu|TA Kaomba|Kadeyula(Chisazima)
Kasungu|TA Kaomba|Kadyaka
Kasungu|TA Kaomba|KADZIMILE ESTATE
Kasungu|TA Kaomba|Kafukusi
Kasungu|TA Kaomba|Kajawa
Kasungu|TA Kaomba|Kakhumbi
Kasungu|TA Kaomba|Kalele
Kasungu|TA Kaomba|Kalenga
Kasungu|TA Kaomba|Kalikwembe
Kasungu|TA Kaomba|Kamkwamba
Kasungu|TA Kaomba|Kamkwinya
Kasungu|TA Kaomba|Kamphawi
Kasungu|TA Kaomba|Kamphembere
Kasungu|TA Kaomba|Kamtawa
Kasungu|TA Kaomba|Kamzaza
Kasungu|TA Kaomba|Kanambwa
Kasungu|TA Kaomba|Kanchembere
Kasungu|TA Kaomba|Kaning'a
Kasungu|TA Kaomba|Kanjodo
Kasungu|TA Kaomba|KANOWA ESTATE
Kasungu|TA Kaomba|Kanthenga Mankhaka
Kasungu|TA Kaomba|KANTHUMGAGA FARM
Kasungu|TA Kaomba|Kanzimbi
Kasungu|TA Kaomba|Kaomba Chidzenje
Kasungu|TA Kaomba|Kapawala
Kasungu|TA Kaomba|Kapindula
Kasungu|TA Kaomba|Kasalika
Kasungu|TA Kaomba|Kasankha
Kasungu|TA Kaomba|Katambika
Kasungu|TA Kaomba|Katimba
Kasungu|TA Kaomba|Kawala
Kasungu|TA Kaomba|Kawiza
Kasungu|TA Kaomba|KHUZA FARM
Kasungu|TA Kaomba|Kwengwele
Kasungu|TA Kaomba|Lisasadzi Trading Centre
Kasungu|TA Kaomba|Longwe
Kasungu|TA Kaomba|Makwinja
Kasungu|TA Kaomba|MALAPE FARM
Kasungu|TA Kaomba|Malawi(VH Kasalika)
Kasungu|TA Kaomba|Mamba
Kasungu|TA Kaomba|Mambe
Kasungu|TA Kaomba|Mankhaka
Kasungu|TA Kaomba|Mankhaka(Dwangwa)
Kasungu|TA Kaomba|Maona
Kasungu|TA Kaomba|MAONI ESTATE
Kasungu|TA Kaomba|Matako
Kasungu|TA Kaomba|Matukusha
Kasungu|TA Kaomba|Mavwenje
Kasungu|TA Kaomba|Mawango
Kasungu|TA Kaomba|Mayani
Kasungu|TA Kaomba|Mbila
Kasungu|TA Kaomba|M'biya
Kasungu|TA Kaomba|Mgamphula
Kasungu|TA Kaomba|Mgawule
Kasungu|TA Kaomba|Mgona
Kasungu|TA Kaomba|Mgwerere
Kasungu|TA Kaomba|Migochi
Kasungu|TA Kaomba|MKADAKUMBUKIRA FARM
Kasungu|TA Kaomba|Mkhalapadzuwa
Kasungu|TA Kaomba|MKOZA FARM
Kasungu|TA Kaomba|Mkunkhu
Kasungu|TA Kaomba|Mkutuma
Kasungu|TA Kaomba|Mlangali
Kasungu|TA Kaomba|Mndlika
Kasungu|TA Kaomba|Mnduka
Kasungu|TA Kaomba|Mndume
Kasungu|TA Kaomba|M'nguwo
Kasungu|TA Kaomba|M'NGUWO FARM
Kasungu|TA Kaomba|Mpeni
Kasungu|TA Kaomba|MPENI I ESTATE
Kasungu|TA Kaomba|MPENI II ESTATE
Kasungu|TA Kaomba|Mpotokabanga
Kasungu|TA Kaomba|MPYOLA ESTATE
Kasungu|TA Kaomba|Msokwa
Kasungu|TA Kaomba|Mtambo
Kasungu|TA Kaomba|Mtomboloka
Kasungu|TA Kaomba|Mtondo
Kasungu|TA Kaomba|Muchiuno
Kasungu|TA Kaomba|Mvula
Kasungu|TA Kaomba|Mvula Trading Centre
Kasungu|TA Kaomba|Mwainga
Kasungu|TA Kaomba|MWALAWANKHUZA FARM
Kasungu|TA Kaomba|Mwimba
Kasungu|TA Kaomba|Mzukuzuku
Kasungu|TA Kaomba|Ndanguluka
Kasungu|TA Kaomba|Ngwata
Kasungu|TA Kaomba|Njalale
Kasungu|TA Kaomba|Nkanalumo
Kasungu|TA Kaomba|Nyanda
Kasungu|TA Kaomba|Pitala
Kasungu|TA Kaomba|Saizi
Kasungu|TA Kaomba|Samson
Kasungu|TA Kaomba|Sangala
Kasungu|TA Kaomba|Selemani
Kasungu|TA Kaomba|Simenti
Kasungu|TA Kaomba|Sitimale
Kasungu|TA Kaomba|Suwila
Kasungu|TA Kaomba|Suza
Kasungu|TA Kaomba|Suza Trading Centre
Kasungu|TA Kaomba|Takwe
Kasungu|TA Kaomba|Tanje
Kasungu|TA Kaomba|Thipa
Kasungu|TA Kaomba|TIYESANJI FARM
Kasungu|TA Kaomba|TIYESENAWO ESTATE
Kasungu|TA Kaomba|Tobias
Kasungu|TA Kaomba|Wanyala(VHChipekwe)
Kasungu|TA Kaomba|Yangalani
Kasungu|TA Kaomba|Yasenya
Kasungu|TA Kaomba|Zokochera
Kasungu|TA Kaomba|Zyoke
Kasungu|TA Kapelula|Amoni
Kasungu|TA Kapelula|Benard Chingoli Makokola
Kasungu|TA Kapelula|Bendulo
Kasungu|TA Kapelula|Chakutola
Kasungu|TA Kapelula|Chamatiwo Estate
Kasungu|TA Kapelula|Chamatope Estate
Kasungu|TA Kapelula|Chambala
Kasungu|TA Kapelula|Chambawala Estate
Kasungu|TA Kapelula|Changura
Kasungu|TA Kapelula|Chankhoma
Kasungu|TA Kapelula|Chasambe Estate
Kasungu|TA Kapelula|Chatuvi Estate
Kasungu|TA Kapelula|Chawo
Kasungu|TA Kapelula|Chaziya
Kasungu|TA Kapelula|Chibale Chatha
Kasungu|TA Kapelula|Chibwezi
Kasungu|TA Kapelula|Chifuti
Kasungu|TA Kapelula|Chigwetseni
Kasungu|TA Kapelula|Chigwetseni Estate
Kasungu|TA Kapelula|Chikhalika
Kasungu|TA Kapelula|Chikhang''ombe
Kasungu|TA Kapelula|Chikoko Estate
Kasungu|TA Kapelula|Chikoya
Kasungu|TA Kapelula|Chikungutheni
Kasungu|TA Kapelula|Chikuyu
Kasungu|TA Kapelula|Chilasa
Kasungu|TA Kapelula|Chileka
Kasungu|TA Kapelula|Chilodza Estate
Kasungu|TA Kapelula|Chilooko
Kasungu|TA Kapelula|Chilopola
Kasungu|TA Kapelula|Chimangeni
Kasungu|TA Kapelula|Chimbalanga
Kasungu|TA Kapelula|Chimdima
Kasungu|TA Kapelula|Chimodzi
Kasungu|TA Kapelula|Chimutha
Kasungu|TA Kapelula|Chimwaye
Kasungu|TA Kapelula|Chinganji
Kasungu|TA Kapelula|Chinkhali Estate
Kasungu|TA Kapelula|Chinkhande
Kasungu|TA Kapelula|Chinkhota
Kasungu|TA Kapelula|Chinthimbiri II Estate
Kasungu|TA Kapelula|Chinyanga
Kasungu|TA Kapelula|Chipafi
Kasungu|TA Kapelula|Chipata
Kasungu|TA Kapelula|Chiphazi
Kasungu|TA Kapelula|Chiphele
Kasungu|TA Kapelula|Chiphwafu
Kasungu|TA Kapelula|Chipoka
Kasungu|TA Kapelula|Chipondwa Estate
Kasungu|TA Kapelula|Chipsyeda
Kasungu|TA Kapelula|Chisusu
Kasungu|TA Kapelula|Chiteketa
Kasungu|TA Kapelula|Chithathumba
Kasungu|TA Kapelula|Chivwale
Kasungu|TA Kapelula|Chivwamila
Kasungu|TA Kapelula|Chiwilila
Kasungu|TA Kapelula|Chiyembekezo Estate
Kasungu|TA Kapelula|Chulu
Kasungu|TA Kapelula|Damba Estate
Kasungu|TA Kapelula|Daniel Chawo
Kasungu|TA Kapelula|Dongolosi
Kasungu|TA Kapelula|Dundulu
Kasungu|TA Kapelula|Dzuwa
Kasungu|TA Kapelula|Elias
Kasungu|TA Kapelula|Ezi
Kasungu|TA Kapelula|Gandaila
Kasungu|TA Kapelula|Gedion
Kasungu|TA Kapelula|Golongozi Estate
Kasungu|TA Kapelula|Goma
Kasungu|TA Kapelula|Gonthi
Kasungu|TA Kapelula|Gwiridze
Kasungu|TA Kapelula|Jalamalonda
Kasungu|TA Kapelula|Jalawe Estate
Kasungu|TA Kapelula|Jere
Kasungu|TA Kapelula|Joswa
Kasungu|TA Kapelula|Jowolo
Kasungu|TA Kapelula|Jowolo II
Kasungu|TA Kapelula|Kabango
Kasungu|TA Kapelula|Kabvwale
Kasungu|TA Kapelula|Kabwabwa
Kasungu|TA Kapelula|Kabwanyola
Kasungu|TA Kapelula|Kachamba
Kasungu|TA Kapelula|Kachekenje
Kasungu|TA Kapelula|Kachilikiza
Kasungu|TA Kapelula|Kachokera Estate
Kasungu|TA Kapelula|Kadansana Estate
Kasungu|TA Kapelula|Kafontho
Kasungu|TA Kapelula|Kajinyila
Kasungu|TA Kapelula|Kajontha
Kasungu|TA Kapelula|Kakawa
Kasungu|TA Kapelula|Kakhosi
Kasungu|TA Kapelula|Kalanga Estate
Kasungu|TA Kapelula|Kalichero
Kasungu|TA Kapelula|Kalilangwe
Kasungu|TA Kapelula|Kalulu Estate
Kasungu|TA Kapelula|Kaluzi
Kasungu|TA Kapelula|Kambadzina Estate
Kasungu|TA Kapelula|Kambavi
Kasungu|TA Kapelula|Kambuzi
Kasungu|TA Kapelula|Kambwazi
Kasungu|TA Kapelula|Kamdulo
Kasungu|TA Kapelula|Kamilangala
Kasungu|TA Kapelula|Kamizu Estate
Kasungu|TA Kapelula|Kamkhomole Estate
Kasungu|TA Kapelula|Kamtambadzuwa
Kasungu|TA Kapelula|Kanguli
Kasungu|TA Kapelula|Kaning''a
Kasungu|TA Kapelula|Kaning''a II
Kasungu|TA Kapelula|Kanjilandipo
Kasungu|TA Kapelula|Kanjinga
Kasungu|TA Kapelula|Kankhalamba
Kasungu|TA Kapelula|Kantchere
Kasungu|TA Kapelula|Kanthu Estate
Kasungu|TA Kapelula|Kantundu
Kasungu|TA Kapelula|Kanyelele
Kasungu|TA Kapelula|Kanyindula
Kasungu|TA Kapelula|Kanyolole
Kasungu|TA Kapelula|Kapalamba
Kasungu|TA Kapelula|Kapeleka
Kasungu|TA Kapelula|Kapelula
Kasungu|TA Kapelula|Kapheni
Kasungu|TA Kapelula|Kaphinda
Kasungu|TA Kapelula|Kapichila
Kasungu|TA Kapelula|Kapota
Kasungu|TA Kapelula|Kasalika
Kasungu|TA Kapelula|Kasawa
Kasungu|TA Kapelula|Kasefa
Kasungu|TA Kapelula|Kasichi
Kasungu|TA Kapelula|Kasilizika
Kasungu|TA Kapelula|Katalima
Kasungu|TA Kapelula|Katelera
Kasungu|TA Kapelula|Katema
Kasungu|TA Kapelula|Kathumba
Kasungu|TA Kapelula|Kaulaka
Kasungu|TA Kapelula|Kaunda
Kasungu|TA Kapelula|Khamalipindula Estate
Kasungu|TA Kapelula|Khombalasi
Kasungu|TA Kapelula|Kudzanja
Kasungu|TA Kapelula|Kwindanguwo
Kasungu|TA Kapelula|Laison
Kasungu|TA Kapelula|Lalilangwe
Kasungu|TA Kapelula|Laston Kanyinga
Kasungu|TA Kapelula|Lebiati
Kasungu|TA Kapelula|Lumwila
Kasungu|TA Kapelula|Lungu
Kasungu|TA Kapelula|Madzi
Kasungu|TA Kapelula|Mangwale
Kasungu|TA Kapelula|Mankhamba
Kasungu|TA Kapelula|Mankhambila
Kasungu|TA Kapelula|Mapango Estate
Kasungu|TA Kapelula|Marko
Kasungu|TA Kapelula|Masasa
Kasungu|TA Kapelula|Mashala
Kasungu|TA Kapelula|Masitala
Kasungu|TA Kapelula|Mateyu
Kasungu|TA Kapelula|Mayenje
Kasungu|TA Kapelula|Mbendeka
Kasungu|TA Kapelula|Mbila
Kasungu|TA Kapelula|Mbobo
Kasungu|TA Kapelula|Mbondo
Kasungu|TA Kapelula|Mchemani
Kasungu|TA Kapelula|Mchemba Estate
Kasungu|TA Kapelula|Mchizamphete Estate
Kasungu|TA Kapelula|Mdoni Trading Centre
Kasungu|TA Kapelula|Mdunga
Kasungu|TA Kapelula|Mdunga Trading Centre
Kasungu|TA Kapelula|Mgungu
Kasungu|TA Kapelula|Milongo
Kasungu|TA Kapelula|Mjombwa
Kasungu|TA Kapelula|Mkango
Kasungu|TA Kapelula|Mkwenya
Kasungu|TA Kapelula|Mnkhokwe
Kasungu|TA Kapelula|M''nundwe Chibwana
Kasungu|TA Kapelula|Mnunkhi
Kasungu|TA Kapelula|Mnyanja
Kasungu|TA Kapelula|Mphamba
Kasungu|TA Kapelula|Mphanda
Kasungu|TA Kapelula|Mphatso Estate
Kasungu|TA Kapelula|Mpholopolo
Kasungu|TA Kapelula|Mphonda
Kasungu|TA Kapelula|Mphwamphwa
Kasungu|TA Kapelula|Mputeni
Kasungu|TA Kapelula|Msalanyama
Kasungu|TA Kapelula|Msambanyama Estate
Kasungu|TA Kapelula|Msambanyama Farm
Kasungu|TA Kapelula|Msonda Estate
Kasungu|TA Kapelula|Mtambalika
Kasungu|TA Kapelula|Mtonga
Kasungu|TA Kapelula|Mveve
Kasungu|TA Kapelula|Mwalo
Kasungu|TA Kapelula|Mwancheka
Kasungu|TA Kapelula|Mwarinyo
Kasungu|TA Kapelula|Mwasankhula Estate
Kasungu|TA Kapelula|Mzalira
Kasungu|TA Kapelula|Mzingo
Kasungu|TA Kapelula|Nawambe
Kasungu|TA Kapelula|Ndonda
Kasungu|TA Kapelula|Newa
Kasungu|TA Kapelula|Ngoleka
Kasungu|TA Kapelula|Ng''ombe
Kasungu|TA Kapelula|Ngozo
Kasungu|TA Kapelula|Ngwata
Kasungu|TA Kapelula|Njirimanga
Kasungu|TA Kapelula|Nkhale
Kasungu|TA Kapelula|Nkhandwe
Kasungu|TA Kapelula|Nkhokwe
Kasungu|TA Kapelula|Nkholoweka
Kasungu|TA Kapelula|Nkwaseka Estate
Kasungu|TA Kapelula|Nthuluzi Chikulu
Kasungu|TA Kapelula|Nyalugwe
Kasungu|TA Kapelula|Nyanda Damalekani
Kasungu|TA Kapelula|Nyikwilili
Kasungu|TA Kapelula|Payera
Kasungu|TA Kapelula|Pelete
Kasungu|TA Kapelula|Phangala
Kasungu|TA Kapelula|Rodrick
Kasungu|TA Kapelula|Sadza
Kasungu|TA Kapelula|Salimoni
Kasungu|TA Kapelula|Sapuloni
Kasungu|TA Kapelula|Savumbu Estate
Kasungu|TA Kapelula|Sengwa
Kasungu|TA Kapelula|Simani
Kasungu|TA Kapelula|Simembe
Kasungu|TA Kapelula|Tambala
Kasungu|TA Kapelula|Thete Estate
Kasungu|TA Kapelula|Thindwi Estate
Kasungu|TA Kapelula|Thinthima Estate
Kasungu|TA Kapelula|Thole
Kasungu|TA Kapelula|Ulemu Estate
Kasungu|TA Kapelula|Vigambo Estate
Kasungu|TA Kapelula|Vrombo Kachembere
Kasungu|TA Kapelula|Yosefe Zinthambila
Kasungu|TA Kapelula|Zondani
Kasungu|TA Kapelula|Zyalambe
Kasungu|TA Kawamba|Allan
Kasungu|TA Kawamba|ALLIANCE LISANDWA I ESTATE
Kasungu|TA Kawamba|ALLIANCE LISANDWA II ESTATE
Kasungu|TA Kawamba|APATSAMOSIYANA FARM
Kasungu|TA Kawamba|Bazale
Kasungu|TA Kawamba|Bema
Kasungu|TA Kawamba|Bikoko
Kasungu|TA Kawamba|Bintoni [Semu]
Kasungu|TA Kawamba|Bongwe
Kasungu|TA Kawamba|Bowa
Kasungu|TA Kawamba|Bwemba
Kasungu|TA Kawamba|Chaenda VH Kachenje
Kasungu|TA Kawamba|CHAFU
Kasungu|TA Kawamba|CHAIPA ESTATE
Kasungu|TA Kawamba|Chakhala
Kasungu|TA Kawamba|CHAKHOZI ESTATE
Kasungu|TA Kawamba|CHAKWAWA FARM
Kasungu|TA Kawamba|CHAMATETE ESTATE
Kasungu|TA Kawamba|CHAMATETE FARM
Kasungu|TA Kawamba|CHANDAWE FARM
Kasungu|TA Kawamba|CHANDAWE I ESTATE
Kasungu|TA Kawamba|Changaluwa
Kasungu|TA Kawamba|Changaluwa [Vumbu]
Kasungu|TA Kawamba|Changulu
Kasungu|TA Kawamba|Chankhauta
Kasungu|TA Kawamba|Chapenya
Kasungu|TA Kawamba|Chapsyinja
Kasungu|TA Kawamba|Chayanika
Kasungu|TA Kawamba|CHIBVALIRA ESTATE
Kasungu|TA Kawamba|Chidelezi
Kasungu|TA Kawamba|Chidongo
Kasungu|TA Kawamba|CHIDYAWIMA ESTATE
Kasungu|TA Kawamba|CHIDZUMBI ESTATE
Kasungu|TA Kawamba|Chifipo
Kasungu|TA Kawamba|Chigawa
Kasungu|TA Kawamba|CHIGUMUKIRE ESTATE
Kasungu|TA Kawamba|Chigwenembe
Kasungu|TA Kawamba|Chikasamba
Kasungu|TA Kawamba|CHIKHO FARM
Kasungu|TA Kawamba|Chikuasa
Kasungu|TA Kawamba|Chikukula
Kasungu|TA Kawamba|CHIKWANKHWA ESTATE
Kasungu|TA Kawamba|CHIKWEWA FARM
Kasungu|TA Kawamba|Chilowa
Kasungu|TA Kawamba|Chilumpha
Kasungu|TA Kawamba|Chimatila
Kasungu|TA Kawamba|Chimdidi
Kasungu|TA Kawamba|Chimelela
Kasungu|TA Kawamba|Chimsiku II
Kasungu|TA Kawamba|Chimsuku
Kasungu|TA Kawamba|Chimtengo
Kasungu|TA Kawamba|Chimungu
Kasungu|TA Kawamba|Chimunthu [VH Kantukungwa]
Kasungu|TA Kawamba|Chimutse [VH Magantha]
Kasungu|TA Kawamba|CHIMWANKHUKU ESTATE
Kasungu|TA Kawamba|Chingala
Kasungu|TA Kawamba|Chingayipe
Kasungu|TA Kawamba|Chinkhande
Kasungu|TA Kawamba|Chinthuta
Kasungu|TA Kawamba|Chinzanda
Kasungu|TA Kawamba|CHIOLE FARM
Kasungu|TA Kawamba|Chipaza
Kasungu|TA Kawamba|CHIPAZA ESTATE
Kasungu|TA Kawamba|Chipembere
Kasungu|TA Kawamba|CHIPSYE ESTATE
Kasungu|TA Kawamba|Chiputu
Kasungu|TA Kawamba|CHIPUTU ESTATE
Kasungu|TA Kawamba|Chisamba [A]
Kasungu|TA Kawamba|Chisi
Kasungu|TA Kawamba|CHITIMBE ESTATE
Kasungu|TA Kawamba|Chitukwi
Kasungu|TA Kawamba|Chiuzeni
Kasungu|TA Kawamba|Chiwinga
Kasungu|TA Kawamba|Chiyimba
Kasungu|TA Kawamba|CHIZOZO ESTATE
Kasungu|TA Kawamba|Chomola
Kasungu|TA Kawamba|Chomola Trading Centre
Kasungu|TA Kawamba|Diwala
Kasungu|TA Kawamba|Dulire
Kasungu|TA Kawamba|Efu
Kasungu|TA Kawamba|Esaya
Kasungu|TA Kawamba|Fungwe
Kasungu|TA Kawamba|Gama
Kasungu|TA Kawamba|GANDAILE ESTATE
Kasungu|TA Kawamba|Gideon
Kasungu|TA Kawamba|GRACE ESTATE
Kasungu|TA Kawamba|Gundani
Kasungu|TA Kawamba|Jafeti
Kasungu|TA Kawamba|Kabibi
Kasungu|TA Kawamba|KABUNYU ESTATE
Kasungu|TA Kawamba|Kabuwe
Kasungu|TA Kawamba|Kabvinya
Kasungu|TA Kawamba|Kachenje
Kasungu|TA Kawamba|KACHERE ESTATE
Kasungu|TA Kawamba|KACHETECHETE FARM
Kasungu|TA Kawamba|Kachikopa
Kasungu|TA Kawamba|Kachisachi
Kasungu|TA Kawamba|Kadeluka
Kasungu|TA Kawamba|Kadzuwa
Kasungu|TA Kawamba|Kafere
Kasungu|TA Kawamba|KAISA ESTATE
Kasungu|TA Kawamba|Kakwatire
Kasungu|TA Kawamba|Kalambule
Kasungu|TA Kawamba|KALANGA ESTATE
Kasungu|TA Kawamba|Kalanga Trading Centre
Kasungu|TA Kawamba|Kalembajasi
Kasungu|TA Kawamba|Kaliati
Kasungu|TA Kawamba|Kalima [Koloniya]
Kasungu|TA Kawamba|Kalolo
Kasungu|TA Kawamba|Kalubvi
Kasungu|TA Kawamba|Kaluma
Kasungu|TA Kawamba|Kalumphila
Kasungu|TA Kawamba|Kambona
Kasungu|TA Kawamba|Kambona Trading Centre
Kasungu|TA Kawamba|Kamboni
Kasungu|TA Kawamba|Kamboni Trading Centre
Kasungu|TA Kawamba|Kambulira
Kasungu|TA Kawamba|Kambuwe
Kasungu|TA Kawamba|Kamchenga
Kasungu|TA Kawamba|Kamphungu
Kasungu|TA Kawamba|KAMSALU ESTATE
Kasungu|TA Kawamba|Kamutu
Kasungu|TA Kawamba|KAMWALA ESTATE
Kasungu|TA Kawamba|KAMWANKHUKU ESTATE
Kasungu|TA Kawamba|KANG'OMA ESTATE
Kasungu|TA Kawamba|Kangulu
Kasungu|TA Kawamba|Kankhumbwa
Kasungu|TA Kawamba|Kantukungwa
Kasungu|TA Kawamba|Kanyera
Kasungu|TA Kawamba|Kanyerere Estate
Kasungu|TA Kawamba|KANYERERE FARM
Kasungu|TA Kawamba|Kapalamula [VH Kadeluka]
Kasungu|TA Kawamba|Kapatuka
Kasungu|TA Kawamba|Kaphale
Kasungu|TA Kawamba|Kaphandila
Kasungu|TA Kawamba|Kapichira
Kasungu|TA Kawamba|Kapili
Kasungu|TA Kawamba|KAPOLO AZAKHALA MFULU ESTAT
Kasungu|TA Kawamba|Kaputwa
Kasungu|TA Kawamba|Kapwata
Kasungu|TA Kawamba|Kasakula
Kasungu|TA Kawamba|Kasalika
Kasungu|TA Kawamba|KASAMBA FARM
Kasungu|TA Kawamba|Kasawala
Kasungu|TA Kawamba|Kasera
Kasungu|TA Kawamba|Kasera Trading Centre
Kasungu|TA Kawamba|Kasika
Kasungu|TA Kawamba|Kasiyamo
Kasungu|TA Kawamba|KATCHUKA ESTATE
Kasungu|TA Kawamba|KATETE ESTATE
Kasungu|TA Kawamba|Kathewera
Kasungu|TA Kawamba|KATONDO ESTATE
Kasungu|TA Kawamba|Kaulasoni [Mkhoma]
Kasungu|TA Kawamba|KAULAULA ESTATE
Kasungu|TA Kawamba|Kawamba Misozi
Kasungu|TA Kawamba|Kawamba Mwale
Kasungu|TA Kawamba|Kawamba Trading Centre
Kasungu|TA Kawamba|KAWILUWILU FARM
Kasungu|TA Kawamba|Kayedzeka
Kasungu|TA Kawamba|Kayesa [TA Lukwa]
Kasungu|TA Kawamba|Kayesa Trading Centre
Kasungu|TA Kawamba|KAYIGUMBE FARM
Kasungu|TA Kawamba|Kayimbi
Kasungu|TA Kawamba|Khadzu
Kasungu|TA Kawamba|Kunduma
Kasungu|TA Kawamba|Kwindani
Kasungu|TA Kawamba|Leza
Kasungu|TA Kawamba|LIKAOMBAOTHELATU ESTATE
Kasungu|TA Kawamba|Likho
Kasungu|TA Kawamba|Luwanda
Kasungu|TA Kawamba|Madzi
Kasungu|TA Kawamba|MADZIAYELA ESTATE
Kasungu|TA Kawamba|Magantha
Kasungu|TA Kawamba|Makuluni
Kasungu|TA Kawamba|Malasa
Kasungu|TA Kawamba|Malepera
Kasungu|TA Kawamba|Malepera Trading Centre
Kasungu|TA Kawamba|Malunje
Kasungu|TA Kawamba|Manjalera
Kasungu|TA Kawamba|Mankhambira
Kasungu|TA Kawamba|Manyika
Kasungu|TA Kawamba|Masakamika
Kasungu|TA Kawamba|Masakati
Kasungu|TA Kawamba|MASAUTSO FARM
Kasungu|TA Kawamba|Mataka
Kasungu|TA Kawamba|Matunduluzi [VH Nthunduwala
Kasungu|TA Kawamba|MAWUALEMETSA ESTATE
Kasungu|TA Kawamba|Mayani
Kasungu|TA Kawamba|MAYENJE FARM
Kasungu|TA Kawamba|Mayola [VH Magantha]
Kasungu|TA Kawamba|Mazenga
Kasungu|TA Kawamba|Mbeza
Kasungu|TA Kawamba|Mcheleka
Kasungu|TA Kawamba|MCHENGA FARM
Kasungu|TA Kawamba|Mchepa
Kasungu|TA Kawamba|MDAGULA FARM
Kasungu|TA Kawamba|Michembo
Kasungu|TA Kawamba|Mikobo
Kasungu|TA Kawamba|MISENZA II ESTATE
Kasungu|TA Kawamba|MKALAZI ESTATE
Kasungu|TA Kawamba|Mkamacha
Kasungu|TA Kawamba|Mkanakufa
Kasungu|TA Kawamba|Mkholwe
Kasungu|TA Kawamba|Mkhoma
Kasungu|TA Kawamba|MKULAMPHUNO FARM
Kasungu|TA Kawamba|MKULAMPHUNO I ESTATE
Kasungu|TA Kawamba|MKUMBALEZA ESTATE
Kasungu|TA Kawamba|Mkwantha
Kasungu|TA Kawamba|Mkwayaya
Kasungu|TA Kawamba|Mkwesa
Kasungu|TA Kawamba|Mlauli
Kasungu|TA Kawamba|Mnkhata
Kasungu|TA Kawamba|MPANGANENJI FARM
Kasungu|TA Kawamba|Mphamba
Kasungu|TA Kawamba|Mphambanya
Kasungu|TA Kawamba|Mphaza [VH Kasakula]
Kasungu|TA Kawamba|Mphonde
Kasungu|TA Kawamba|Mphonde [VH Kasera
Kasungu|TA Kawamba|MPONDATSOKA FARM
Kasungu|TA Kawamba|Msalanyama
Kasungu|TA Kawamba|Msewu
Kasungu|TA Kawamba|Msisita
Kasungu|TA Kawamba|Msulu
Kasungu|TA Kawamba|Msulu Kalima
Kasungu|TA Kawamba|MSUNDULUZI FARM
Kasungu|TA Kawamba|Mtanila
Kasungu|TA Kawamba|Mtema
Kasungu|TA Kawamba|MTENDERE FARM
Kasungu|TA Kawamba|MTHIRAKUWIRI FARM
Kasungu|TA Kawamba|MTISUNGE ESTATE
Kasungu|TA Kawamba|Mtukuke
Kasungu|TA Kawamba|Mtukule
Kasungu|TA Kawamba|MTUMBA I ESTATE
Kasungu|TA Kawamba|MTUMBA II ESTATE
Kasungu|TA Kawamba|Munye
Kasungu|TA Kawamba|MUSALEKA ESTATE
Kasungu|TA Kawamba|MWALAMTONDO ESTATE
Kasungu|TA Kawamba|MWANDIOLAPO ESTATE
Kasungu|TA Kawamba|Mwenda
Kasungu|TA Kawamba|Mwendo Jozeke
Kasungu|TA Kawamba|Mwimba
Kasungu|TA Kawamba|MWIMBA ESTATE
Kasungu|TA Kawamba|Mwimba Farm Institute
Kasungu|TA Kawamba|MWITHA FARM
Kasungu|TA Kawamba|MYOMBO ESTATE
Kasungu|TA Kawamba|Mziliji
Kasungu|TA Kawamba|Mziraphondo
Kasungu|TA Kawamba|Namseta
Kasungu|TA Kawamba|NAPILIRA ESTATE
Kasungu|TA Kawamba|NDAKOMA ESTATE
Kasungu|TA Kawamba|NDALIMBA FARM
Kasungu|TA Kawamba|NDANGALI ESTATE
Kasungu|TA Kawamba|NDILEKENI FARM
Kasungu|TA Kawamba|Ng'ombe
Kasungu|TA Kawamba|Ng'ombeyayela [VH Kachenje]
Kasungu|TA Kawamba|Ngulumba
Kasungu|TA Kawamba|Nitani
Kasungu|TA Kawamba|Nkhoma
Kasungu|TA Kawamba|Nkhondowera
Kasungu|TA Kawamba|Nkhulika
Kasungu|TA Kawamba|Nkhungwi
Kasungu|TA Kawamba|Nkhupa
Kasungu|TA Kawamba|NTHAKALAVU ESTATE
Kasungu|TA Kawamba|NTHANTHWE ESTATE
Kasungu|TA Kawamba|Nthunduwala
Kasungu|TA Kawamba|Nthunduwala Trading Centre
Kasungu|TA Kawamba|Pensulo
Kasungu|TA Kawamba|Saikala
Kasungu|TA Kawamba|SALONA ESTATE
Kasungu|TA Kawamba|Samalani
Kasungu|TA Kawamba|Sandilesi
Kasungu|TA Kawamba|SANGWANI ESTATE
Kasungu|TA Kawamba|Sangwani Trading Centre
Kasungu|TA Kawamba|Selenje
Kasungu|TA Kawamba|Sendeza
Kasungu|TA Kawamba|Simphasi
Kasungu|TA Kawamba|TAWIRI FARM
Kasungu|TA Kawamba|Tchaile
Kasungu|TA Kawamba|Tembo
Kasungu|TA Kawamba|Tenje
Kasungu|TA Kawamba|TIONEPO ESTATE
Kasungu|TA Kawamba|TISAIWALE FARM
Kasungu|TA Kawamba|TITANI ESTATE
Kasungu|TA Kawamba|TITHOKOZE ABAMBO ESTATE
Kasungu|TA Kawamba|TIYESE CHANTHULI FARM
Kasungu|TA Kawamba|TIYESE ESTATE
Kasungu|TA Kawamba|TIYESEKO ESTATE
Kasungu|TA Kawamba|TIYESENAWO FARM
Kasungu|TA Kawamba|Tsoka
Kasungu|TA Kawamba|TULOTIPATSANJI ESTATE
Kasungu|TA Kawamba|Unkhata
Kasungu|TA Kawamba|Valako
Kasungu|TA Kawamba|Vikwati
Kasungu|TA Kawamba|Vinthenga
Kasungu|TA Kawamba|WOIPASAKONZEKA FARM
Kasungu|TA Kawamba|Yeletsani
Kasungu|TA Kawamba|Zaya
Kasungu|TA Kawamba|Zepete
Kasungu|TA Kawamba|Zifo
Kasungu|TA Kawamba|Zikhole
Kasungu|TA Kawamba|Zilikha
Kasungu|TA Kawamba|Zimtambira
Kasungu|TA Kawamba|ZITHE ESTATE
Kasungu|TA Kawamba|Zumani
Kasungu|TA Kawamba|ZYAYELA ESTATE
Kasungu|TA Santhe|ABALESAKONDWERA   FARM
Kasungu|TA Santhe|Basikolo
Kasungu|TA Santhe|Beula
Kasungu|TA Santhe|BILIZAWO   FARM
Kasungu|TA Santhe|Bimphi
Kasungu|TA Santhe|BINDU   ESTATE
Kasungu|TA Santhe|Bonongwe
Kasungu|TA Santhe|Bowa
Kasungu|TA Santhe|BUA   KATUNGWI   FARM
Kasungu|TA Santhe|Butawo
Kasungu|TA Santhe|Bvumbwe
Kasungu|TA Santhe|Bwemba
Kasungu|TA Santhe|Bwereke
Kasungu|TA Santhe|Chabvinda
Kasungu|TA Santhe|CHAFISI ESTATE I
Kasungu|TA Santhe|Chafumbulura
Kasungu|TA Santhe|Chafungwe Iestate
Kasungu|TA Santhe|Chagwaphwata
Kasungu|TA Santhe|Chaima
Kasungu|TA Santhe|Chaima Trading Centre
Kasungu|TA Santhe|Chakhalira
Kasungu|TA Santhe|CHAKHUWI Estate
Kasungu|TA Santhe|Chalembeka
Kasungu|TA Santhe|Chamkoma I
Kasungu|TA Santhe|Chamkoma II
Kasungu|TA Santhe|Champhoyo Estate
Kasungu|TA Santhe|Changamile
Kasungu|TA Santhe|Changeya
Kasungu|TA Santhe|Chang'ombwe  Estate
Kasungu|TA Santhe|Chankhula
Kasungu|TA Santhe|CHANKHUWI Estate
Kasungu|TA Santhe|Chankhwa
Kasungu|TA Santhe|CHANTHOCHI Farm
Kasungu|TA Santhe|Chatanga
Kasungu|TA Santhe|Chavula
Kasungu|TA Santhe|Chaza Sinde
Kasungu|TA Santhe|Chesepo
Kasungu|TA Santhe|Chibekete
Kasungu|TA Santhe|CHIBWE Farm
Kasungu|TA Santhe|Chibweza
Kasungu|TA Santhe|Chidakwa
Kasungu|TA Santhe|Chidambo(VH Mkoma)
Kasungu|TA Santhe|CHIDOLA  Farm
Kasungu|TA Santhe|Chidzuma
Kasungu|TA Santhe|CHIFISI  Estate
Kasungu|TA Santhe|CHIGODI Farm
Kasungu|TA Santhe|CHIGWE   I   FARM
Kasungu|TA Santhe|Chikapa( Zoto)
Kasungu|TA Santhe|Chikoko
Kasungu|TA Santhe|Chikomola
Kasungu|TA Santhe|CHIKONDI  Estate
Kasungu|TA Santhe|Chikulo
Kasungu|TA Santhe|Chikungu
Kasungu|TA Santhe|Chikuni
Kasungu|TA Santhe|Chikwiwu
Kasungu|TA Santhe|Chilembwe
Kasungu|TA Santhe|Chilemera
Kasungu|TA Santhe|CHILIMA   ESTATE
Kasungu|TA Santhe|CHILIMTHAKA ESTATE
Kasungu|TA Santhe|Chilolo Trading Centre
Kasungu|TA Santhe|Chilombo
Kasungu|TA Santhe|Chilongosola
Kasungu|TA Santhe|Chilusa
Kasungu|TA Santhe|Chiluwe
Kasungu|TA Santhe|Chimangeni
Kasungu|TA Santhe|Chimatira ( VH Ndaula)
Kasungu|TA Santhe|Chimbalame
Kasungu|TA Santhe|Chimbalu
Kasungu|TA Santhe|Chimkute
Kasungu|TA Santhe|Chimombo
Kasungu|TA Santhe|Chimphampha
Kasungu|TA Santhe|Chimphaninji
Kasungu|TA Santhe|Chimpima Estate
Kasungu|TA Santhe|Chimtengo
Kasungu|TA Santhe|Chimutu
Kasungu|TA Santhe|CHIMWANJIWA Farm
Kasungu|TA Santhe|CHINGADZI   FARM
Kasungu|TA Santhe|Chingalande
Kasungu|TA Santhe|Chintolo
Kasungu|TA Santhe|Chiolanga
Kasungu|TA Santhe|Chipatuka
Kasungu|TA Santhe|Chiphazi
Kasungu|TA Santhe|Chipisa
Kasungu|TA Santhe|Chiponde
Kasungu|TA Santhe|Chipoza
Kasungu|TA Santhe|Chipozi
Kasungu|TA Santhe|Chipozi Nkhono
Kasungu|TA Santhe|Chipozi Trading Centre
Kasungu|TA Santhe|CHIPUTA  Estate
Kasungu|TA Santhe|Chiputa Farm
Kasungu|TA Santhe|CHIPUTU ETSTATE
Kasungu|TA Santhe|Chiputula
Kasungu|TA Santhe|Chipwaila
Kasungu|TA Santhe|Chisauka
Kasungu|TA Santhe|Chisela
Kasungu|TA Santhe|CHISELE  II  FARM
Kasungu|TA Santhe|Chisinga
Kasungu|TA Santhe|Chitakwala (VH Chamkoma I)
Kasungu|TA Santhe|CHITIPI FARM
Kasungu|TA Santhe|CHITU   ESTATE
Kasungu|TA Santhe|CHIWANGA Farm
Kasungu|TA Santhe|CHIWATSI ESTATE
Kasungu|TA Santhe|Chiyenda
Kasungu|TA Santhe|Chizimazima
Kasungu|TA Santhe|CHIZINGA ESTATE
Kasungu|TA Santhe|Chizumba
Kasungu|TA Santhe|Cholwe
Kasungu|TA Santhe|Choma Etate
Kasungu|TA Santhe|CHUNI   ESTATE
Kasungu|TA Santhe|Chuzu (VH Longwe)
Kasungu|TA Santhe|Dabwi
Kasungu|TA Santhe|Daimoni
Kasungu|TA Santhe|DALITSO  Farm
Kasungu|TA Santhe|Demba
Kasungu|TA Santhe|Dickson
Kasungu|TA Santhe|Dime
Kasungu|TA Santhe|Divai
Kasungu|TA Santhe|Dumbo
Kasungu|TA Santhe|DWENDO ESTATE
Kasungu|TA Santhe|Dyuku
Kasungu|TA Santhe|Dzama(VH Longwe)
Kasungu|TA Santhe|Elizabeth
Kasungu|TA Santhe|Gadama
Kasungu|TA Santhe|GENERAL FARMING (ESTSTE 61)
Kasungu|TA Santhe|GENERAL FARMING (ESTSTE 62)
Kasungu|TA Santhe|GENERAL FARMING (ESTSTE 63)
Kasungu|TA Santhe|GENERAL FARMING (ESTSTE 64)
Kasungu|TA Santhe|GENERAL FARMING (ESTSTE 66)
Kasungu|TA Santhe|GENERAL FARMING (ESTSTE 67)
Kasungu|TA Santhe|Gogolo
Kasungu|TA Santhe|Goldreck
Kasungu|TA Santhe|Golide
Kasungu|TA Santhe|GOLONGA FARM
Kasungu|TA Santhe|Guma
Kasungu|TA Santhe|Gwawa (VH Chafumbulura
Kasungu|TA Santhe|Gwengwe (VH Longwe)
Kasungu|TA Santhe|IMFAYAKO  FARM
Kasungu|TA Santhe|IMPALA FARMING (NYALA ESTAT
Kasungu|TA Santhe|Jaji
Kasungu|TA Santhe|James
Kasungu|TA Santhe|Jere
Kasungu|TA Santhe|JIMIKA FARM
Kasungu|TA Santhe|Julius (VH Bwemba)
Kasungu|TA Santhe|Kabvumbire
Kasungu|TA Santhe|KABVUMBIRE ESTSTE
Kasungu|TA Santhe|Kachenje
Kasungu|TA Santhe|Kachere (VH Adam Mphonde)
Kasungu|TA Santhe|Kachibade
Kasungu|TA Santhe|Kachipapa
Kasungu|TA Santhe|Kachiwala
Kasungu|TA Santhe|KADAKATERE   FARM
Kasungu|TA Santhe|Kadiso
Kasungu|TA Santhe|KADYAMBANGA  FARM
Kasungu|TA Santhe|KAESNGWA  Farm
Kasungu|TA Santhe|Kainja
Kasungu|TA Santhe|Kajintchi
Kasungu|TA Santhe|Kakhosi
Kasungu|TA Santhe|Kakowa
Kasungu|TA Santhe|KAKUYU FARM
Kasungu|TA Santhe|KAKWALE  I   ESTATE
Kasungu|TA Santhe|Kalaka (VH Kaudzu)
Kasungu|TA Santhe|Kalakwi
Kasungu|TA Santhe|Kalambo
Kasungu|TA Santhe|Kalimanjira
Kasungu|TA Santhe|Kalimila
Kasungu|TA Santhe|Kalimila  Trading Centre
Kasungu|TA Santhe|Kalipande
Kasungu|TA Santhe|Kaliwomba
Kasungu|TA Santhe|Kaliwombo
Kasungu|TA Santhe|Kaliza
Kasungu|TA Santhe|Kaloole
Kasungu|TA Santhe|Kalowa
Kasungu|TA Santhe|Kalowela
Kasungu|TA Santhe|Kalowera
Kasungu|TA Santhe|Kalumba
Kasungu|TA Santhe|KALUMBI  III  ESTATE
Kasungu|TA Santhe|Kamange
Kasungu|TA Santhe|Kamathengo
Kasungu|TA Santhe|Kambila
Kasungu|TA Santhe|Kambobo
Kasungu|TA Santhe|Kambuli (VH Longwe)
Kasungu|TA Santhe|Kambulire
Kasungu|TA Santhe|KAMCHEDZERA ESTATE
Kasungu|TA Santhe|Kamchila (VH Nyaza)
Kasungu|TA Santhe|Kamchiuno
Kasungu|TA Santhe|Kamdziaka
Kasungu|TA Santhe|Kameta
Kasungu|TA Santhe|Kamila
Kasungu|TA Santhe|KAMPANJE ESTATE
Kasungu|TA Santhe|Kamphako
Kasungu|TA Santhe|Kamphapa
Kasungu|TA Santhe|Kampinga
Kasungu|TA Santhe|Kamsiyamu
Kasungu|TA Santhe|Kamtsotso
Kasungu|TA Santhe|Kamuona
Kasungu|TA Santhe|Kamwendo
Kasungu|TA Santhe|KANDAULA  Estate 73
Kasungu|TA Santhe|KANEKHA FARM
Kasungu|TA Santhe|Kankhomba
Kasungu|TA Santhe|Kantantho
Kasungu|TA Santhe|KANTHUNKHAMA   FARM
Kasungu|TA Santhe|Kantimbo
Kasungu|TA Santhe|Kanyanda
Kasungu|TA Santhe|Kanyatula
Kasungu|TA Santhe|Kanyemba
Kasungu|TA Santhe|KANYERERE   ESTATE
Kasungu|TA Santhe|Kanyinji
Kasungu|TA Santhe|KANYONDO ESTATE
Kasungu|TA Santhe|Kaomba
Kasungu|TA Santhe|Kapado
Kasungu|TA Santhe|Kapala
Kasungu|TA Santhe|KAPANJE Estate
Kasungu|TA Santhe|KAPENI ESTATE
Kasungu|TA Santhe|KAPENU FARM
Kasungu|TA Santhe|Kapeta
Kasungu|TA Santhe|KAPHIRIKADOTHI ESTATE
Kasungu|TA Santhe|KAPHIRINTIWA ESTATE
Kasungu|TA Santhe|Kaphwanya
Kasungu|TA Santhe|Kapichira
Kasungu|TA Santhe|Kapocholo (VH Nyaza)
Kasungu|TA Santhe|Kapundu
Kasungu|TA Santhe|Kapwata
Kasungu|TA Santhe|Kasamba
Kasungu|TA Santhe|Kasamila
Kasungu|TA Santhe|Kasanduliza
Kasungu|TA Santhe|Kashoni
Kasungu|TA Santhe|KASUZA
Kasungu|TA Santhe|Katambo
Kasungu|TA Santhe|katambo 2
Kasungu|TA Santhe|Katema
Kasungu|TA Santhe|Katema (VH Chamkoma II)
Kasungu|TA Santhe|Katenje
Kasungu|TA Santhe|Katenje Trading Centre
Kasungu|TA Santhe|KATETE  I  ESTATE
Kasungu|TA Santhe|KATETE I
Kasungu|TA Santhe|kathanja (VH Longwe)
Kasungu|TA Santhe|KATONDO ESTATE
Kasungu|TA Santhe|Katondo TC
Kasungu|TA Santhe|Katukula
Kasungu|TA Santhe|KATUMBI  II  ESTATE
Kasungu|TA Santhe|Kaudzu
Kasungu|TA Santhe|Kauma
Kasungu|TA Santhe|Kaundama
Kasungu|TA Santhe|Kaundama (VH Chamkom I)
Kasungu|TA Santhe|KAVANA   ESTATE
Kasungu|TA Santhe|KAVUWA ESTATE
Kasungu|TA Santhe|Kawaza
Kasungu|TA Santhe|KAZINGILA FARM
Kasungu|TA Santhe|Kazonda
Kasungu|TA Santhe|Kazoto (VH Nyaza)
Kasungu|TA Santhe|Kazuwa (Nyaza)
Kasungu|TA Santhe|Khalamdzulu(VH M'bangﾗmbe)
Kasungu|TA Santhe|khalaumba
Kasungu|TA Santhe|KHANDA  ESTATE
Kasungu|TA Santhe|Khinda
Kasungu|TA Santhe|Kholo
Kasungu|TA Santhe|Khongoni
Kasungu|TA Santhe|Khwathali [Kadumbo]
Kasungu|TA Santhe|Kondwerani
Kasungu|TA Santhe|Kulimbika Farm
Kasungu|TA Santhe|Kunkhulire
Kasungu|TA Santhe|Lalimkama
Kasungu|TA Santhe|Lesta
Kasungu|TA Santhe|Likhoto
Kasungu|TA Santhe|Limbanga
Kasungu|TA Santhe|LISANDWA ESTATE
Kasungu|TA Santhe|Longwe
Kasungu|TA Santhe|Longwe Trading Centre
Kasungu|TA Santhe|Lumwirla
Kasungu|TA Santhe|MACHETE FARM
Kasungu|TA Santhe|MADYULI Farm
Kasungu|TA Santhe|MADZIMAELA   FARM
Kasungu|TA Santhe|Mafubya
Kasungu|TA Santhe|Magwero farm
Kasungu|TA Santhe|Majamanda
Kasungu|TA Santhe|Majomeka
Kasungu|TA Santhe|Makanda
Kasungu|TA Santhe|Makhaza
Kasungu|TA Santhe|Makina
Kasungu|TA Santhe|Makwale
Kasungu|TA Santhe|Makwelero
Kasungu|TA Santhe|Makwembe
Kasungu|TA Santhe|Malenga Sinde
Kasungu|TA Santhe|Malili
Kasungu|TA Santhe|Malima
Kasungu|TA Santhe|Malima Farm
Kasungu|TA Santhe|MALIRONKULIRANA FARM
Kasungu|TA Santhe|Malo
Kasungu|TA Santhe|MALOMBE
Kasungu|TA Santhe|MAMNDALIZA ESTATE
Kasungu|TA Santhe|Mandevu (Nyaza)
Kasungu|TA Santhe|Mangadzi
Kasungu|TA Santhe|Mangani
Kasungu|TA Santhe|Mangulu
Kasungu|TA Santhe|Mankhaka
Kasungu|TA Santhe|Manyenje
Kasungu|TA Santhe|MASA   ESTATE
Kasungu|TA Santhe|Masache
Kasungu|TA Santhe|Masula
Kasungu|TA Santhe|Masumba
Kasungu|TA Santhe|MATAYA   ESTATE
Kasungu|TA Santhe|Mataya (VH Kasanduliza)
Kasungu|TA Santhe|Matondo
Kasungu|TA Santhe|Maula
Kasungu|TA Santhe|Mawili Farm
Kasungu|TA Santhe|MAYALI   ESTATE
Kasungu|TA Santhe|Mazi
Kasungu|TA Santhe|Mazinga
Kasungu|TA Santhe|Mazuwa
Kasungu|TA Santhe|Mbemu (VH Kalakwi)
Kasungu|TA Santhe|Mbuluma
Kasungu|TA Santhe|MBUZIYADULA   ESTATE
Kasungu|TA Santhe|MBWABWA   ESTATE
Kasungu|TA Santhe|Mbwati
Kasungu|TA Santhe|Mcheleka
Kasungu|TA Santhe|MCHENGA   FARM
Kasungu|TA Santhe|Mchetana
Kasungu|TA Santhe|Mchiswe
Kasungu|TA Santhe|Mchitabwino
Kasungu|TA Santhe|MCHIZAMDOTHI FARM
Kasungu|TA Santhe|Mchupa
Kasungu|TA Santhe|MDIMA Estate
Kasungu|TA Santhe|MDZAONA   ESTATE
Kasungu|TA Santhe|Mdzibwa
Kasungu|TA Santhe|Mdzipasula
Kasungu|TA Santhe|Mdzunda
Kasungu|TA Santhe|Mgumila
Kasungu|TA Santhe|Migeu (VH Chaima)
Kasungu|TA Santhe|Mikuwa
Kasungu|TA Santhe|Milimbo (VH Chamkoma I)
Kasungu|TA Santhe|Milimbo (VH Chamkoma I) Farm
Kasungu|TA Santhe|Minjolo Chaima
Kasungu|TA Santhe|MKOKO   II  FARM
Kasungu|TA Santhe|Mkolokolo
Kasungu|TA Santhe|Mkoma Chilolo
Kasungu|TA Santhe|MKOMACHIPUNGU   ESTATE
Kasungu|TA Santhe|MKULUNGU   FARM
Kasungu|TA Santhe|Mlangali
Kasungu|TA Santhe|Mnduwa (Adamu)
Kasungu|TA Santhe|Mnkhaka
Kasungu|TA Santhe|MNKHWANGWI  FARM
Kasungu|TA Santhe|Mnkhwazo
Kasungu|TA Santhe|MOYOMCHUMA FARM
Kasungu|TA Santhe|MPALASOLO   FARM
Kasungu|TA Santhe|Mphamba
Kasungu|TA Santhe|MPHANGA   FARM
Kasungu|TA Santhe|MPHANZI FARM
Kasungu|TA Santhe|MPHATSO FARM
Kasungu|TA Santhe|Mphedzenga
Kasungu|TA Santhe|Mphepo
Kasungu|TA Santhe|Mphere
Kasungu|TA Santhe|Mphonde
Kasungu|TA Santhe|MPITA   ESTATE
Kasungu|TA Santhe|MSEKAMULEMA FARM
Kasungu|TA Santhe|MSEZA FARM
Kasungu|TA Santhe|Msosa
Kasungu|TA Santhe|Msulu
Kasungu|TA Santhe|Mtambo
Kasungu|TA Santhe|MTAPO ESTATE
Kasungu|TA Santhe|Mtapu Farm
Kasungu|TA Santhe|Mtelelezi
Kasungu|TA Santhe|Mthawira
Kasungu|TA Santhe|Mthawira Malambo
Kasungu|TA Santhe|Mthuzi
Kasungu|TA Santhe|MTISUNGE ESTATE
Kasungu|TA Santhe|Mtolo
Kasungu|TA Santhe|Mtoso
Kasungu|TA Santhe|Mtsindo
Kasungu|TA Santhe|Mtsiro
Kasungu|TA Santhe|Mtukuwa
Kasungu|TA Santhe|MTUNDUWATHA FARM
Kasungu|TA Santhe|MUNDDELANJI FARM
Kasungu|TA Santhe|Muta
Kasungu|TA Santhe|MVALAMIMBA   FARM
Kasungu|TA Santhe|Mvuto
Kasungu|TA Santhe|Mwachilira
Kasungu|TA Santhe|Mwachimaza
Kasungu|TA Santhe|MWANJE   ESTATE
Kasungu|TA Santhe|Mwanjela
Kasungu|TA Santhe|MWAYI SALANDANA ESTATE
Kasungu|TA Santhe|Mwezi
Kasungu|TA Santhe|Mzalali
Kasungu|TA Santhe|Mzalila
Kasungu|TA Santhe|MZERUMCHUMA FARM
Kasungu|TA Santhe|Mzibwa
Kasungu|TA Santhe|MZIMUNDILINDE ESTATE
Kasungu|TA Santhe|Mzingwazi
Kasungu|TA Santhe|NAMUKU   FARM
Kasungu|TA Santhe|Nankhoma (VH Chafumbulura)
Kasungu|TA Santhe|Nankumba
Kasungu|TA Santhe|Ncheteka
Kasungu|TA Santhe|Ndaula
Kasungu|TA Santhe|NDAZIYAMBADALA FARM
Kasungu|TA Santhe|NDEKHA FARM
Kasungu|TA Santhe|Ndevuzamwai
Kasungu|TA Santhe|Ndidza
Kasungu|TA Santhe|NDIZOTAONA   FARM
Kasungu|TA Santhe|Ndodo
Kasungu|TA Santhe|Ng'anjo
Kasungu|TA Santhe|Ng'ombeyagwada
Kasungu|TA Santhe|Njelengo
Kasungu|TA Santhe|Njerengo
Kasungu|TA Santhe|Njoka
Kasungu|TA Santhe|Njuchi Chaima
Kasungu|TA Santhe|Nkhako
Kasungu|TA Santhe|Nkhoma
Kasungu|TA Santhe|NKHONDONDIANANSI   FARM
Kasungu|TA Santhe|NKOKO FARM
Kasungu|TA Santhe|Nsegede
Kasungu|TA Santhe|Nsipu
Kasungu|TA Santhe|Ntchentche
Kasungu|TA Santhe|Nthala (VH Longwe)
Kasungu|TA Santhe|NTHEU FARM
Kasungu|TA Santhe|NYAMAYAO   FARM
Kasungu|TA Santhe|Nyamula
Kasungu|TA Santhe|Nyanga
Kasungu|TA Santhe|Nyankhwaya
Kasungu|TA Santhe|Nyaza (A)
Kasungu|TA Santhe|Nyemba
Kasungu|TA Santhe|Nzira
Kasungu|TA Santhe|OKOMA ATANI   FARM
Kasungu|TA Santhe|Phaka
Kasungu|TA Santhe|PILIRANI   FARM
Kasungu|TA Santhe|Pute Jackson
Kasungu|TA Santhe|RABECCA ESTATE
Kasungu|TA Santhe|Sadalaki
Kasungu|TA Santhe|Saenda
Kasungu|TA Santhe|Saiko
Kasungu|TA Santhe|Sakala
Kasungu|TA Santhe|SANDUMWALA FARM
Kasungu|TA Santhe|SANDWANI FARM
Kasungu|TA Santhe|Sang'aza
Kasungu|TA Santhe|SANG'AZA ESTATE
Kasungu|TA Santhe|Scale
Kasungu|TA Santhe|SICHI   ESTATE
Kasungu|TA Santhe|Sikanadze
Kasungu|TA Santhe|Sikanaoni
Kasungu|TA Santhe|SIKANAONI FARM
Kasungu|TA Santhe|Simba
Kasungu|TA Santhe|Simphasi
Kasungu|TA Santhe|Sinde
Kasungu|TA Santhe|Sinumbe
Kasungu|TA Santhe|Siwiti
Kasungu|TA Santhe|Sosochi
Kasungu|TA Santhe|SOZOWA FARM
Kasungu|TA Santhe|SUNGAMA  ESTATE
Kasungu|TA Santhe|SUNGANI FARM
Kasungu|TA Santhe|Sungwi Farm
Kasungu|TA Santhe|Tambala
Kasungu|TA Santhe|Tchile Chiyenda
Kasungu|TA Santhe|THALE   ESTATE
Kasungu|TA Santhe|Thanthwe
Kasungu|TA Santhe|Thasa
Kasungu|TA Santhe|Thasa (VH Chamkoma II)
Kasungu|TA Santhe|Thengo
Kasungu|TA Santhe|Thomu (VH Longwe)
Kasungu|TA Santhe|TIKOMA FARM
Kasungu|TA Santhe|Tinkenawo Farm
Kasungu|TA Santhe|TIYESE   ESTATE
Kasungu|TA Santhe|Tonga
Kasungu|TA Santhe|Tongozala
Kasungu|TA Santhe|Tongwe
Kasungu|TA Santhe|Town
Kasungu|TA Santhe|Tsabango
Kasungu|TA Santhe|Tswatswata
Kasungu|TA Santhe|Tumbwe
Kasungu|TA Santhe|two shilling
Kasungu|TA Santhe|ULALO FARM
Kasungu|TA Santhe|Uledi Wangwe
Kasungu|TA Santhe|Vunyatsi
Kasungu|TA Santhe|Wangwe
Kasungu|TA Santhe|Wanyala
Kasungu|TA Santhe|Wezulo
Kasungu|TA Santhe|Zakeyo
Kasungu|TA Santhe|Zaya
Kasungu|TA Santhe|Zefaniya
Kasungu|TA Santhe|Zimchetela
Kasungu|TA Santhe|Zombo
Kasungu|TA Santhe|Zotere
Kasungu|TA Wimbe|Alesi Mwandipeza Farm
Kasungu|TA Wimbe|Biwi
Kasungu|TA Wimbe|Bondo
Kasungu|TA Wimbe|Bongo Estate
Kasungu|TA Wimbe|Boti
Kasungu|TA Wimbe|Botomani
Kasungu|TA Wimbe|Bowa
Kasungu|TA Wimbe|Bwerani Farm
Kasungu|TA Wimbe|Chakutola
Kasungu|TA Wimbe|Chamama
Kasungu|TA Wimbe|Chambambu Estate
Kasungu|TA Wimbe|Chambukira Estate
Kasungu|TA Wimbe|Champhumi
Kasungu|TA Wimbe|Chanduzi
Kasungu|TA Wimbe|Changamatuwa
Kasungu|TA Wimbe|Chanjowa
Kasungu|TA Wimbe|Chankhwa
Kasungu|TA Wimbe|Chaphatiro
Kasungu|TA Wimbe|Chapuma
Kasungu|TA Wimbe|Chasambe Estate
Kasungu|TA Wimbe|Chasato Estate
Kasungu|TA Wimbe|Chaseya
Kasungu|TA Wimbe|Chatsalira
Kasungu|TA Wimbe|Chavwelema
Kasungu|TA Wimbe|Chawiza Farm
Kasungu|TA Wimbe|Chawiza II
Kasungu|TA Wimbe|Chaziza Estate
Kasungu|TA Wimbe|Chekacheka
Kasungu|TA Wimbe|Chenemba
Kasungu|TA Wimbe|Chewadi
Kasungu|TA Wimbe|Chibisa
Kasungu|TA Wimbe|Chidambo
Kasungu|TA Wimbe|Chidiso
Kasungu|TA Wimbe|Chidyaki
Kasungu|TA Wimbe|Chigumba
Kasungu|TA Wimbe|Chiipanthenga
Kasungu|TA Wimbe|Chikalema
Kasungu|TA Wimbe|Chikanda
Kasungu|TA Wimbe|Chikantheni
Kasungu|TA Wimbe|Chikaola
Kasungu|TA Wimbe|Chikho
Kasungu|TA Wimbe|Chikhoza
Kasungu|TA Wimbe|Chikulima
Kasungu|TA Wimbe|Chilembwe
Kasungu|TA Wimbe|Chilipachipala Estate
Kasungu|TA Wimbe|Chimanda
Kasungu|TA Wimbe|Chimbalame
Kasungu|TA Wimbe|Chimbaye
Kasungu|TA Wimbe|Chimbiya
Kasungu|TA Wimbe|Chimbudzi
Kasungu|TA Wimbe|Chimbunga
Kasungu|TA Wimbe|Chimdidi
Kasungu|TA Wimbe|Chimkoko
Kasungu|TA Wimbe|Chimpamba
Kasungu|TA Wimbe|Chimsasa
Kasungu|TA Wimbe|Chimwang'ombe Estate
Kasungu|TA Wimbe|Chimwaye
Kasungu|TA Wimbe|Chinduzi
Kasungu|TA Wimbe|Ching'ombe
Kasungu|TA Wimbe|Chinkhokwe
Kasungu|TA Wimbe|Chinkhombo
Kasungu|TA Wimbe|Chinkhwanga
Kasungu|TA Wimbe|Chinsale
Kasungu|TA Wimbe|Chinthunzi
Kasungu|TA Wimbe|Chintumbila
Kasungu|TA Wimbe|Chinyama
Kasungu|TA Wimbe|Chipango
Kasungu|TA Wimbe|Chipanthenga
Kasungu|TA Wimbe|Chipeni
Kasungu|TA Wimbe|Chipoka
Kasungu|TA Wimbe|Chipuku
Kasungu|TA Wimbe|Chipukunya
Kasungu|TA Wimbe|Chipumba
Kasungu|TA Wimbe|Chisauka
Kasungu|TA Wimbe|Chisausau
Kasungu|TA Wimbe|Chisepo Nelson
Kasungu|TA Wimbe|Chisi
Kasungu|TA Wimbe|Chiso Estate
Kasungu|TA Wimbe|Chisokola
Kasungu|TA Wimbe|Chitawe
Kasungu|TA Wimbe|Chitekwele
Kasungu|TA Wimbe|Chitembeya
Kasungu|TA Wimbe|Chitete
Kasungu|TA Wimbe|Chithumba
Kasungu|TA Wimbe|Chitseko
Kasungu|TA Wimbe|Chitsiru
Kasungu|TA Wimbe|Chiwera
Kasungu|TA Wimbe|Chiwete Farm
Kasungu|TA Wimbe|Chonkhwa
Kasungu|TA Wimbe|Chota
Kasungu|TA Wimbe|Dankeni
Kasungu|TA Wimbe|Dekaninawo
Kasungu|TA Wimbe|Dende
Kasungu|TA Wimbe|Divala
Kasungu|TA Wimbe|Dothi
Kasungu|TA Wimbe|Dudu
Kasungu|TA Wimbe|Dukwa
Kasungu|TA Wimbe|Duwaluwa Estate
Kasungu|TA Wimbe|Fwifwi
Kasungu|TA Wimbe|Gawanani
Kasungu|TA Wimbe|General Farming 89
Kasungu|TA Wimbe|General Farming Estate 15
Kasungu|TA Wimbe|General Farming Estate 16
Kasungu|TA Wimbe|General Farming Estate 17
Kasungu|TA Wimbe|General Farming Estate 18
Kasungu|TA Wimbe|General Farming Estate 21
Kasungu|TA Wimbe|General Farming Estate 24
Kasungu|TA Wimbe|General Farming Estate 25
Kasungu|TA Wimbe|General Farming Estate 27
Kasungu|TA Wimbe|General Farming Estate 29
Kasungu|TA Wimbe|General Farming Estate 30
Kasungu|TA Wimbe|General Farming Estate 31
Kasungu|TA Wimbe|General Farming Estate 32
Kasungu|TA Wimbe|General Farming Estate 33
Kasungu|TA Wimbe|General Farming Estate 34
Kasungu|TA Wimbe|General Farming Estate 35
Kasungu|TA Wimbe|General Farming Estate 38
Kasungu|TA Wimbe|General Farming Estate 39
Kasungu|TA Wimbe|General Farming estate 41
Kasungu|TA Wimbe|General Farming Estate 87
Kasungu|TA Wimbe|General Farming Estate 88
Kasungu|TA Wimbe|General Farming Estate No. 17
Kasungu|TA Wimbe|General Farming Estate No. 36
Kasungu|TA Wimbe|Govati
Kasungu|TA Wimbe|Grace Phembe Estate
Kasungu|TA Wimbe|Gwede
Kasungu|TA Wimbe|Gwireni
Kasungu|TA Wimbe|Hanyezi
Kasungu|TA Wimbe|Hussen
Kasungu|TA Wimbe|Jambulani
Kasungu|TA Wimbe|Jembe
Kasungu|TA Wimbe|Jemusi
Kasungu|TA Wimbe|Jere
Kasungu|TA Wimbe|John Kamiza
Kasungu|TA Wimbe|Jonasi
Kasungu|TA Wimbe|Josafati
Kasungu|TA Wimbe|Joveni
Kasungu|TA Wimbe|Kabudula
Kasungu|TA Wimbe|Kabuma Estate
Kasungu|TA Wimbe|Kabuzi Farm
Kasungu|TA Wimbe|Kabwilamungu
Kasungu|TA Wimbe|Kachakawo
Kasungu|TA Wimbe|Kachala
Kasungu|TA Wimbe|Kachibundi
Kasungu|TA Wimbe|Kachigunda
Kasungu|TA Wimbe|Kachilima
Kasungu|TA Wimbe|Kachule
Kasungu|TA Wimbe|Kadammanja
Kasungu|TA Wimbe|Kadansana Estate
Kasungu|TA Wimbe|Kadazi
Kasungu|TA Wimbe|Kadiso
Kasungu|TA Wimbe|Kadyalumba Estate
Kasungu|TA Wimbe|Kadyeretu
Kasungu|TA Wimbe|Kafoteka
Kasungu|TA Wimbe|Kafunse Estate
Kasungu|TA Wimbe|Kakomwa
Kasungu|TA Wimbe|Kalamata
Kasungu|TA Wimbe|Kalasa (Mbunduma)
Kasungu|TA Wimbe|Kalenga
Kasungu|TA Wimbe|Kalenga Estate
Kasungu|TA Wimbe|Kalimambeta Estate
Kasungu|TA Wimbe|Kalimbuka
Kasungu|TA Wimbe|Kaliombo
Kasungu|TA Wimbe|Kalisha
Kasungu|TA Wimbe|Kalufu
Kasungu|TA Wimbe|Kalulu Farm
Kasungu|TA Wimbe|Kalumbwana
Kasungu|TA Wimbe|Kamanga
Kasungu|TA Wimbe|Kamatenda
Kasungu|TA Wimbe|Kambango
Kasungu|TA Wimbe|Kambila Farm
Kasungu|TA Wimbe|Kambira
Kasungu|TA Wimbe|Kamende
Kasungu|TA Wimbe|Kamimina Farm
Kasungu|TA Wimbe|Kamlemba
Kasungu|TA Wimbe|Kamndalilo
Kasungu|TA Wimbe|Kamphepete
Kasungu|TA Wimbe|Kamtanda Estate
Kasungu|TA Wimbe|Kamtano Farm
Kasungu|TA Wimbe|Kamtsirika
Kasungu|TA Wimbe|Kamuputa
Kasungu|TA Wimbe|Kamwala
Kasungu|TA Wimbe|Kamwamba
Kasungu|TA Wimbe|Kanamatemba
Kasungu|TA Wimbe|Kanamwali
Kasungu|TA Wimbe|Kanchacha
Kasungu|TA Wimbe|Kandaliya
Kasungu|TA Wimbe|Kandezo Farm
Kasungu|TA Wimbe|Kandomo
Kasungu|TA Wimbe|Kanjiwale
Kasungu|TA Wimbe|Kankhwenda
Kasungu|TA Wimbe|Kantambo Farm
Kasungu|TA Wimbe|Kantole
Kasungu|TA Wimbe|Kanyama
Kasungu|TA Wimbe|Kanyoka
Kasungu|TA Wimbe|Kanyumba
Kasungu|TA Wimbe|Kanzegaru
Kasungu|TA Wimbe|Kanzota VH. Chipumba
Kasungu|TA Wimbe|Kapelula
Kasungu|TA Wimbe|Kapeta
Kasungu|TA Wimbe|Kaphaizi
Kasungu|TA Wimbe|Kaphiza
Kasungu|TA Wimbe|Kapinya
Kasungu|TA Wimbe|Kapito
Kasungu|TA Wimbe|Kaponda
Kasungu|TA Wimbe|Kapondasoka
Kasungu|TA Wimbe|Kapululu
Kasungu|TA Wimbe|Kapunguwe
Kasungu|TA Wimbe|Kapwaye
Kasungu|TA Wimbe|Kapyanga
Kasungu|TA Wimbe|Kasenjere Estate
Kasungu|TA Wimbe|Kasiya
Kasungu|TA Wimbe|Kasonjole Estate
Kasungu|TA Wimbe|Katondo
Kasungu|TA Wimbe|Kaulasisi Estate
Kasungu|TA Wimbe|Kauta
Kasungu|TA Wimbe|Kavindungu Farm
Kasungu|TA Wimbe|Kavipepu Estate
Kasungu|TA Wimbe|Kawaka
Kasungu|TA Wimbe|Kawamba
Kasungu|TA Wimbe|Kayembe
Kasungu|TA Wimbe|Kayeya
Kasungu|TA Wimbe|Kazembe
Kasungu|TA Wimbe|Kazikitira
Kasungu|TA Wimbe|Kazimbuka
Kasungu|TA Wimbe|Kazingatchire
Kasungu|TA Wimbe|Khoza
Kasungu|TA Wimbe|Kolowole
Kasungu|TA Wimbe|Kubondo
Kasungu|TA Wimbe|Kutondo
Kasungu|TA Wimbe|Limamba FARM
Kasungu|TA Wimbe|Limbani Estate
Kasungu|TA Wimbe|Linthipe Estate 22
Kasungu|TA Wimbe|Livwezi Estate
Kasungu|TA Wimbe|Liziri Estate
Kasungu|TA Wimbe|Lombwa
Kasungu|TA Wimbe|Longwe Amosi
Kasungu|TA Wimbe|Lupafya
Kasungu|TA Wimbe|Machinyira
Kasungu|TA Wimbe|Madando
Kasungu|TA Wimbe|Madzi
Kasungu|TA Wimbe|Madziayera Estate
Kasungu|TA Wimbe|Madzidzi
Kasungu|TA Wimbe|Mafoleka
Kasungu|TA Wimbe|Mafuta
Kasungu|TA Wimbe|Magalasi
Kasungu|TA Wimbe|Magwalangwa
Kasungu|TA Wimbe|Majamanda
Kasungu|TA Wimbe|Makanda
Kasungu|TA Wimbe|Makhula
Kasungu|TA Wimbe|Makwani
Kasungu|TA Wimbe|Malama
Kasungu|TA Wimbe|Malekano Farm
Kasungu|TA Wimbe|Malidadi
Kasungu|TA Wimbe|Maluzi
Kasungu|TA Wimbe|Manena Estate
Kasungu|TA Wimbe|Mankhalala
Kasungu|TA Wimbe|Mantcheza Estate
Kasungu|TA Wimbe|Manyenye
Kasungu|TA Wimbe|Maonga
Kasungu|TA Wimbe|Masakandevu
Kasungu|TA Wimbe|Masasa
Kasungu|TA Wimbe|Masitela
Kasungu|TA Wimbe|Maswana
Kasungu|TA Wimbe|Mateyu
Kasungu|TA Wimbe|Mawundi
Kasungu|TA Wimbe|Mbalame
Kasungu|TA Wimbe|Mbewa
Kasungu|TA Wimbe|Mbonekera Farm
Kasungu|TA Wimbe|Mchenje
Kasungu|TA Wimbe|Mchuchu
Kasungu|TA Wimbe|Mdima
Kasungu|TA Wimbe|Mdoliro Linde
Kasungu|TA Wimbe|Mdunga
Kasungu|TA Wimbe|Mdungo
Kasungu|TA Wimbe|Minala  Estate
Kasungu|TA Wimbe|Misuku
Kasungu|TA Wimbe|Mkando
Kasungu|TA Wimbe|Mkanye Estate
Kasungu|TA Wimbe|Mkowana
Kasungu|TA Wimbe|Mkungula
Kasungu|TA Wimbe|Mkweche
Kasungu|TA Wimbe|Mkwenya
Kasungu|TA Wimbe|Mkweza
Kasungu|TA Wimbe|Mlambe
Kasungu|TA Wimbe|Mndewe
Kasungu|TA Wimbe|Mnundwe
Kasungu|TA Wimbe|Mnyanja
Kasungu|TA Wimbe|Mnyanja II
Kasungu|TA Wimbe|Mondoma
Kasungu|TA Wimbe|Mozesi
Kasungu|TA Wimbe|Mpamira
Kasungu|TA Wimbe|Mphepo
Kasungu|TA Wimbe|Mphonongo
Kasungu|TA Wimbe|Msekamulema Estate
Kasungu|TA Wimbe|Msiwa
Kasungu|TA Wimbe|Msiwa Farm
Kasungu|TA Wimbe|Mtafya
Kasungu|TA Wimbe|Mtamayani Farm
Kasungu|TA Wimbe|Mtanda
Kasungu|TA Wimbe|Mtandaza
Kasungu|TA Wimbe|Mthiko
Kasungu|TA Wimbe|Mtitha
Kasungu|TA Wimbe|Mtonga
Kasungu|TA Wimbe|Mtunthama
Kasungu|TA Wimbe|Musona
Kasungu|TA Wimbe|Mwainkhama Estate
Kasungu|TA Wimbe|Mwamila
Kasungu|TA Wimbe|Mzumara
Kasungu|TA Wimbe|Nakocha
Kasungu|TA Wimbe|Namasina
Kasungu|TA Wimbe|Nambamba
Kasungu|TA Wimbe|Nankhumbo
Kasungu|TA Wimbe|Nchima
Kasungu|TA Wimbe|Ndaipalero
Kasungu|TA Wimbe|Ndatsalapati Estate
Kasungu|TA Wimbe|Ndavutika Farm
Kasungu|TA Wimbe|Ndengani Estate
Kasungu|TA Wimbe|Ndeule
Kasungu|TA Wimbe|Ndiwo
Kasungu|TA Wimbe|Nduwa
Kasungu|TA Wimbe|Ngolokoto
Kasungu|TA Wimbe|Ng'ombe II
Kasungu|TA Wimbe|Ngongonda
Kasungu|TA Wimbe|Ngowe
Kasungu|TA Wimbe|Njanje
Kasungu|TA Wimbe|Njati
Kasungu|TA Wimbe|Njobvu
Kasungu|TA Wimbe|Nkate
Kasungu|TA Wimbe|Nkhondondianasi Farm
Kasungu|TA Wimbe|Nolezyani Farm
Kasungu|TA Wimbe|Nowa
Kasungu|TA Wimbe|Ntenthera Farm
Kasungu|TA Wimbe|Nthamanje farm
Kasungu|TA Wimbe|Nyambo
Kasungu|TA Wimbe|Nyanda
Kasungu|TA Wimbe|Nyangu
Kasungu|TA Wimbe|Nyondo
Kasungu|TA Wimbe|Nyundo
Kasungu|TA Wimbe|Pelete
Kasungu|TA Wimbe|Phaka
Kasungu|TA Wimbe|Phiko
Kasungu|TA Wimbe|Photola
Kasungu|TA Wimbe|Piringu
Kasungu|TA Wimbe|Saidi
Kasungu|TA Wimbe|Salima
Kasungu|TA Wimbe|Sambani
Kasungu|TA Wimbe|Siliuka
Kasungu|TA Wimbe|Sizinile
Kasungu|TA Wimbe|Stelia Estate
Kasungu|TA Wimbe|Sulamoyo
Kasungu|TA Wimbe|Sundwe
Kasungu|TA Wimbe|Sungani
Kasungu|TA Wimbe|Tambala
Kasungu|TA Wimbe|Tambila
Kasungu|TA Wimbe|Tchezelani
Kasungu|TA Wimbe|Thulula
Kasungu|TA Wimbe|Thunga
Kasungu|TA Wimbe|Tithe  Farm
Kasungu|TA Wimbe|Tithe Estate
Kasungu|TA Wimbe|Tiyamike (Chidoola) Farm
Kasungu|TA Wimbe|Tiyese Farm
Kasungu|TA Wimbe|Tiyesele Farm
Kasungu|TA Wimbe|Tongole
Kasungu|TA Wimbe|Tsambankole Estate
Kasungu|TA Wimbe|Vindevu
Kasungu|TA Wimbe|Vipingo
Kasungu|TA Wimbe|Wimbe
Kasungu|TA Wimbe|Yamwala
Kasungu|TA Wimbe|Zamba
Kasungu|TA Wimbe|Zuma VH. Fwifwi
Kasungu|TA Wimbe|Zuze
Kasungu|TA Wimbe|Zyamamba
Likoma|Mkumpha|Chalunda
Likoma|Mkumpha|Chamba
Likoma|Mkumpha|Chipyela Trading Centre
Likoma|Mkumpha|Edward Nkhwemba
Likoma|Mkumpha|kabuthu
Likoma|Mkumpha|Khuyu
Likoma|Mkumpha|Makungulu
Likoma|Mkumpha|Mbamba
Likoma|Mkumpha|Mdima (Chimbuzi)
Likoma|Mkumpha|Michael Mwase
Likoma|Mkumpha|Mtaye
Likoma|Mkumpha|Musalowa
Likoma|Mkumpha|Nicholas
Lilongwe|Chadza|Andireya
Lilongwe|Chadza|Bakasa
Lilongwe|Chadza|Balakasi
Lilongwe|Chadza|Bangali
Lilongwe|Chadza|Binda
Lilongwe|Chadza|Bisiwasi
Lilongwe|Chadza|Bodza
Lilongwe|Chadza|Bowa
Lilongwe|Chadza|Bunda Farm
Lilongwe|Chadza|Bwemba
Lilongwe|Chadza|Chabyobya
Lilongwe|Chadza|Chadabwa
Lilongwe|Chadza|Chadabwa Trading Centre
Lilongwe|Chadza|Chadula
Lilongwe|Chadza|Chadza
Lilongwe|Chadza|Chadza Trading Centre
Lilongwe|Chadza|Chaguluka
Lilongwe|Chadza|Chaima
Lilongwe|Chadza|Chakula
Lilongwe|Chadza|Chakwawa
Lilongwe|Chadza|Chamadenga
Lilongwe|Chadza|Chambadzana
Lilongwe|Chadza|Chamdaza
Lilongwe|Chadza|Champha
Lilongwe|Chadza|Champitira
Lilongwe|Chadza|Chamsinde
Lilongwe|Chadza|Chanangulu
Lilongwe|Chadza|Chang'ana
Lilongwe|Chadza|Changata
Lilongwe|Chadza|Chanika
Lilongwe|Chadza|Chantupira
Lilongwe|Chadza|Chapata
Lilongwe|Chadza|Chapata Chikungu
Lilongwe|Chadza|Chaponda
Lilongwe|Chadza|Chaseta
Lilongwe|Chadza|Chaseta (Kadyandawa)
Lilongwe|Chadza|Chatupa
Lilongwe|Chadza|Chauta
Lilongwe|Chadza|Chawala
Lilongwe|Chadza|Chawila
Lilongwe|Chadza|Chawuwa
Lilongwe|Chadza|Chayera
Lilongwe|Chadza|Chazungulira
Lilongwe|Chadza|Cheletsa
Lilongwe|Chadza|Chezuzila
Lilongwe|Chadza|Chibowa
Lilongwe|Chadza|Chibudula
Lilongwe|Chadza|Chibungwe
Lilongwe|Chadza|Chibwila
Lilongwe|Chadza|Chidambayila
Lilongwe|Chadza|Chidangwe
Lilongwe|Chadza|Chidede
Lilongwe|Chadza|Chidothi (Nsangu)
Lilongwe|Chadza|Chifumbi
Lilongwe|Chadza|Chigalu
Lilongwe|Chadza|Chigoneka
Lilongwe|Chadza|Chigulugulu
Lilongwe|Chadza|Chikalusa
Lilongwe|Chadza|Chikanga
Lilongwe|Chadza|Chikaonda
Lilongwe|Chadza|Chikazakuwani
Lilongwe|Chadza|Chikhambi
Lilongwe|Chadza|Chikhasu
Lilongwe|Chadza|Chikhawo
Lilongwe|Chadza|Chikome
Lilongwe|Chadza|Chikufikani(Nsabwe)
Lilongwe|Chadza|Chikumba
Lilongwe|Chadza|Chikuni
Lilongwe|Chadza|Chikwekwe
Lilongwe|Chadza|Chilalo
Lilongwe|Chadza|Chilamba
Lilongwe|Chadza|Chilanga
Lilongwe|Chadza|Chilawula
Lilongwe|Chadza|Chilembwe
Lilongwe|Chadza|Chilenga
Lilongwe|Chadza|Chilinde
Lilongwe|Chadza|Chiliza
Lilongwe|Chadza|Chilombo
Lilongwe|Chadza|Chilowa
Lilongwe|Chadza|Chilu
Lilongwe|Chadza|Chilunje
Lilongwe|Chadza|Chimanazo
Lilongwe|Chadza|Chimawa
Lilongwe|Chadza|Chimdidi
Lilongwe|Chadza|Chimdima
Lilongwe|Chadza|Chimkumbwe
Lilongwe|Chadza|Chimkwinya
Lilongwe|Chadza|Chimombo
Lilongwe|Chadza|Chimpesa
Lilongwe|Chadza|Chimphanga
Lilongwe|Chadza|Chimuti
Lilongwe|Chadza|Chimutu
Lilongwe|Chadza|Chimwala
Lilongwe|Chadza|Chimwandere
Lilongwe|Chadza|Chimwenje
Lilongwe|Chadza|Chimzimu
Lilongwe|Chadza|Chindenga
Lilongwe|Chadza|Chingadze
Lilongwe|Chadza|Chingaele
Lilongwe|Chadza|Chingalangala
Lilongwe|Chadza|Ching'amba
Lilongwe|Chadza|Chinganji
Lilongwe|Chadza|Ching'oma
Lilongwe|Chadza|Ching'ombe
Lilongwe|Chadza|Chingondo
Lilongwe|Chadza|Chingowe
Lilongwe|Chadza|Chinjala
Lilongwe|Chadza|Chinkhowe
Lilongwe|Chadza|Chinkhowe II
Lilongwe|Chadza|Chinthu
Lilongwe|Chadza|Chinungu
Lilongwe|Chadza|Chinyama
Lilongwe|Chadza|Chinzeti
Lilongwe|Chadza|Chipalanjila
Lilongwe|Chadza|Chipambwe
Lilongwe|Chadza|Chipasula
Lilongwe|Chadza|Chipembere
Lilongwe|Chadza|Chipeni
Lilongwe|Chadza|Chiphaka
Lilongwe|Chadza|Chiphanga
Lilongwe|Chadza|Chipoka Trading Centre
Lilongwe|Chadza|Chiponda
Lilongwe|Chadza|Chipoto
Lilongwe|Chadza|Chipoto II
Lilongwe|Chadza|Chipula
Lilongwe|Chadza|Chipwa
Lilongwe|Chadza|Chipwika
Lilongwe|Chadza|Chisalika
Lilongwe|Chadza|Chisalipo
Lilongwe|Chadza|Chisamba
Lilongwe|Chadza|Chisangwi
Lilongwe|Chadza|Chisauka
Lilongwe|Chadza|Chisemphere
Lilongwe|Chadza|Chisendera
Lilongwe|Chadza|Chisindo
Lilongwe|Chadza|Chithamkanda
Lilongwe|Chadza|Chithankwa
Lilongwe|Chadza|Chitsala
Lilongwe|Chadza|Chiumphazi
Lilongwe|Chadza|Chiunjika
Lilongwe|Chadza|Chiwala
Lilongwe|Chadza|Chiwanga
Lilongwe|Chadza|Chiweza
Lilongwe|Chadza|Chiwoko
Lilongwe|Chadza|Chiwoko Trading Centre
Lilongwe|Chadza|Chiwondo
Lilongwe|Chadza|Chiwowa
Lilongwe|Chadza|Chiwumba
Lilongwe|Chadza|Chiyenda
Lilongwe|Chadza|Chizinga
Lilongwe|Chadza|Choma
Lilongwe|Chadza|Chomwele
Lilongwe|Chadza|Chopi
Lilongwe|Chadza|Dambo
Lilongwe|Chadza|Davide
Lilongwe|Chadza|Dawe
Lilongwe|Chadza|Dilawo
Lilongwe|Chadza|Dooko
Lilongwe|Chadza|Dunde
Lilongwe|Chadza|Dzanjalimodzi
Lilongwe|Chadza|Dzanzi Estate
Lilongwe|Chadza|Dzanzi Trading Centre
Lilongwe|Chadza|Dziwe
Lilongwe|Chadza|Dzoole
Lilongwe|Chadza|Dzundi
Lilongwe|Chadza|Eperesoni
Lilongwe|Chadza|Fuchi
Lilongwe|Chadza|Galunkhuwa
Lilongwe|Chadza|Gamitoni
Lilongwe|Chadza|Gangani
Lilongwe|Chadza|Goko
Lilongwe|Chadza|Golombe
Lilongwe|Chadza|Gome
Lilongwe|Chadza|Gonkho
Lilongwe|Chadza|Gonthi
Lilongwe|Chadza|Guliguli
Lilongwe|Chadza|Gumbi
Lilongwe|Chadza|Guzani
Lilongwe|Chadza|Gwirize
Lilongwe|Chadza|Imphwa
Lilongwe|Chadza|Jasele
Lilongwe|Chadza|Jasi
Lilongwe|Chadza|Jawudala
Lilongwe|Chadza|Jeremiya
Lilongwe|Chadza|Jeremiya (Dooko)
Lilongwe|Chadza|Jolamu
Lilongwe|Chadza|Jonatani
Lilongwe|Chadza|Jonathan (Chonde)
Lilongwe|Chadza|Julius
Lilongwe|Chadza|Kabadwa
Lilongwe|Chadza|Kabanga
Lilongwe|Chadza|Kabota
Lilongwe|Chadza|Kabweweta
Lilongwe|Chadza|Kachale Trading Centre
Lilongwe|Chadza|Kacheta
Lilongwe|Chadza|Kachikho
Lilongwe|Chadza|Kachikoti
Lilongwe|Chadza|Kachingwe
Lilongwe|Chadza|Kachipenga
Lilongwe|Chadza|Kachono
Lilongwe|Chadza|Kachule
Lilongwe|Chadza|Kadango
Lilongwe|Chadza|Kadangwe
Lilongwe|Chadza|Kadapempha
Lilongwe|Chadza|Kadzakumanja
Lilongwe|Chadza|Kafere
Lilongwe|Chadza|Kafula
Lilongwe|Chadza|Kafulukuta
Lilongwe|Chadza|Kafumbula
Lilongwe|Chadza|Kagwada
Lilongwe|Chadza|Kainja
Lilongwe|Chadza|Kakhombo
Lilongwe|Chadza|Kakhombwe
Lilongwe|Chadza|Kakwele
Lilongwe|Chadza|Kalambule
Lilongwe|Chadza|Kalanzi
Lilongwe|Chadza|Kalengamadzi
Lilongwe|Chadza|Kalima
Lilongwe|Chadza|Kalimba
Lilongwe|Chadza|Kalinde
Lilongwe|Chadza|Kalino
Lilongwe|Chadza|Kaliyani
Lilongwe|Chadza|Kaliyati
Lilongwe|Chadza|Kalonga
Lilongwe|Chadza|Kalongosola
Lilongwe|Chadza|Kalonjeka
Lilongwe|Chadza|Kalulu
Lilongwe|Chadza|Kalulu (Kalindiyani)
Lilongwe|Chadza|Kalumba
Lilongwe|Chadza|Kalumbi
Lilongwe|Chadza|Kalumbu
Lilongwe|Chadza|Kalumo
Lilongwe|Chadza|Kamba
Lilongwe|Chadza|Kambona
Lilongwe|Chadza|Kambudzi
Lilongwe|Chadza|Kambuzuma
Lilongwe|Chadza|Kamchedzera
Lilongwe|Chadza|Kamganga
Lilongwe|Chadza|Kamguda
Lilongwe|Chadza|Kam'gumbwa
Lilongwe|Chadza|Kamkuzi
Lilongwe|Chadza|Kamnanje
Lilongwe|Chadza|Kamowa
Lilongwe|Chadza|Kamphinda
Lilongwe|Chadza|Kampira
Lilongwe|Chadza|Kamtigidi
Lilongwe|Chadza|Kamundi
Lilongwe|Chadza|Kamunga
Lilongwe|Chadza|Kamutu
Lilongwe|Chadza|Kamwana
Lilongwe|Chadza|Kanduna
Lilongwe|Chadza|Kanduna I
Lilongwe|Chadza|Kangumbwe
Lilongwe|Chadza|Kanjema
Lilongwe|Chadza|Kanjeza
Lilongwe|Chadza|Kanjeza I
Lilongwe|Chadza|Kanjeza II
Lilongwe|Chadza|Kankangﾇ
Lilongwe|Chadza|Kansamilo
Lilongwe|Chadza|Kansampha
Lilongwe|Chadza|Kanseche
Lilongwe|Chadza|Kansengwa
Lilongwe|Chadza|Kanseza
Lilongwe|Chadza|Kansinzila
Lilongwe|Chadza|Kanthanga
Lilongwe|Chadza|Kanthiti
Lilongwe|Chadza|Kanumbwe
Lilongwe|Chadza|Kanyama
Lilongwe|Chadza|Kanyani
Lilongwe|Chadza|Kanyenda
Lilongwe|Chadza|Kapachika
Lilongwe|Chadza|Kapatuka
Lilongwe|Chadza|Kapazila
Lilongwe|Chadza|Kaphala
Lilongwe|Chadza|Kaphamitengo
Lilongwe|Chadza|Kaphuka
Lilongwe|Chadza|Kaphwete
Lilongwe|Chadza|Karonga
Lilongwe|Chadza|Kasauka
Lilongwe|Chadza|Kasekela
Lilongwe|Chadza|Kasese
Lilongwe|Chadza|Kasikizi
Lilongwe|Chadza|Kasinzila
Lilongwe|Chadza|kasokoneza
Lilongwe|Chadza|Kasompho
Lilongwe|Chadza|Kasonda
Lilongwe|Chadza|Kasuze
Lilongwe|Chadza|Katembo
Lilongwe|Chadza|Katola
Lilongwe|Chadza|Katsabola
Lilongwe|Chadza|Katsalanza
Lilongwe|Chadza|Katswatswata
Lilongwe|Chadza|Katulutse
Lilongwe|Chadza|Katunga
Lilongwe|Chadza|Katute
Lilongwe|Chadza|Katwanila
Lilongwe|Chadza|Kaunda
Lilongwe|Chadza|Kaundama
Lilongwe|Chadza|Kavunganya
Lilongwe|Chadza|Kawale(Sitima)
Lilongwe|Chadza|Kawande
Lilongwe|Chadza|Kawanga
Lilongwe|Chadza|Kawele
Lilongwe|Chadza|Kawulalo
Lilongwe|Chadza|Kayabwa
Lilongwe|Chadza|Kayesera
Lilongwe|Chadza|Kazangazika
Lilongwe|Chadza|Kazika
Lilongwe|Chadza|Kazonga
Lilongwe|Chadza|Kendekeza
Lilongwe|Chadza|Kendekeze
Lilongwe|Chadza|Ketulo
Lilongwe|Chadza|Khomani
Lilongwe|Chadza|Khombe
Lilongwe|Chadza|Khombe Trading Centre
Lilongwe|Chadza|Khombe(wakumusi)
Lilongwe|Chadza|Khongo
Lilongwe|Chadza|Khonthi
Lilongwe|Chadza|Khote
Lilongwe|Chadza|Kokolo
Lilongwe|Chadza|Kuchilumba
Lilongwe|Chadza|Kuchipela
Lilongwe|Chadza|Kudambo
Lilongwe|Chadza|Kudowa
Lilongwe|Chadza|Kudzula
Lilongwe|Chadza|Kukhola
Lilongwe|Chadza|Kulinga
Lilongwe|Chadza|Kulinkama
Lilongwe|Chadza|Kumankhamba
Lilongwe|Chadza|Kumchenga
Lilongwe|Chadza|Kumikuyu
Lilongwe|Chadza|Kumisu
Lilongwe|Chadza|Kumitondo
Lilongwe|Chadza|Kumlaka
Lilongwe|Chadza|Kumlira
Lilongwe|Chadza|Kumlomba
Lilongwe|Chadza|Kumpata
Lilongwe|Chadza|Kumpola
Lilongwe|Chadza|Kumsinja
Lilongwe|Chadza|Kumsumala
Lilongwe|Chadza|Kumtamula
Lilongwe|Chadza|Kumunda
Lilongwe|Chadza|Kumva
Lilongwe|Chadza|Kumwala
Lilongwe|Chadza|Kumwandama
Lilongwe|Chadza|Kumzinda
Lilongwe|Chadza|Kunkhongo
Lilongwe|Chadza|Kunsunga
Lilongwe|Chadza|Kuntanga
Lilongwe|Chadza|Kunyande
Lilongwe|Chadza|Kunzama
Lilongwe|Chadza|Kuphala
Lilongwe|Chadza|Kwadakwacha
Lilongwe|Chadza|Kwakuchera
Lilongwe|Chadza|Kwasila
Lilongwe|Chadza|Laitoni
Lilongwe|Chadza|Lemesi
Lilongwe|Chadza|Ligowe
Lilongwe|Chadza|Lipanjwe
Lilongwe|Chadza|Lipenga
Lilongwe|Chadza|Lisunguzi Estate
Lilongwe|Chadza|Liwilo
Lilongwe|Chadza|Liwonde
Lilongwe|Chadza|Lomani
Lilongwe|Chadza|Lombwa
Lilongwe|Chadza|Lowe
Lilongwe|Chadza|Lukutu
Lilongwe|Chadza|Lumbe
Lilongwe|Chadza|Lunguzi
Lilongwe|Chadza|Machilika
Lilongwe|Chadza|Madetsa
Lilongwe|Chadza|Magalamula
Lilongwe|Chadza|Magalasi
Lilongwe|Chadza|Magodi
Lilongwe|Chadza|Majomeka
Lilongwe|Chadza|Makanga
Lilongwe|Chadza|Makombadza
Lilongwe|Chadza|Makopola
Lilongwe|Chadza|Makowa
Lilongwe|Chadza|Makwale
Lilongwe|Chadza|Makwelero
Lilongwe|Chadza|Makwenda
Lilongwe|Chadza|Mala
Lilongwe|Chadza|Malembo
Lilongwe|Chadza|Malenga
Lilongwe|Chadza|Malili
Lilongwe|Chadza|Malimbwe
Lilongwe|Chadza|Maliseche
Lilongwe|Chadza|Maluwa
Lilongwe|Chadza|Maluwa Trading Centre
Lilongwe|Chadza|Maluwani
Lilongwe|Chadza|Mandolo
Lilongwe|Chadza|Manjenje
Lilongwe|Chadza|Manjondo
Lilongwe|Chadza|Mankhokwe
Lilongwe|Chadza|Mankhupete
Lilongwe|Chadza|March
Lilongwe|Chadza|Masantchi
Lilongwe|Chadza|Masenga
Lilongwe|Chadza|Masula
Lilongwe|Chadza|Matambo
Lilongwe|Chadza|Mataya
Lilongwe|Chadza|Matewere
Lilongwe|Chadza|Matseka
Lilongwe|Chadza|Maye
Lilongwe|Chadza|Mazanga
Lilongwe|Chadza|Mbalame
Lilongwe|Chadza|Mbalame Trading Centre
Lilongwe|Chadza|M'bang'ombe
Lilongwe|Chadza|Mbatata
Lilongwe|Chadza|Mbazuwale
Lilongwe|Chadza|Mbedza
Lilongwe|Chadza|Mbelengambelenga
Lilongwe|Chadza|Mbewa
Lilongwe|Chadza|Mbilakula
Lilongwe|Chadza|Mbimbi
Lilongwe|Chadza|Mbolongwe
Lilongwe|Chadza|Mbuna
Lilongwe|Chadza|M'bweche
Lilongwe|Chadza|Mchepa
Lilongwe|Chadza|Mchepa Trading Centre
Lilongwe|Chadza|Mchindiuza
Lilongwe|Chadza|Mchizampheta
Lilongwe|Chadza|Mcholo
Lilongwe|Chadza|Mcholoma
Lilongwe|Chadza|Mchonkhwe
Lilongwe|Chadza|Mchuchu
Lilongwe|Chadza|Mdabwi
Lilongwe|Chadza|Mdabwi Kutchemba
Lilongwe|Chadza|Mdelakuyenda
Lilongwe|Chadza|Mdondwe
Lilongwe|Chadza|Mdzapale
Lilongwe|Chadza|Mdzeka
Lilongwe|Chadza|Mdzeza
Lilongwe|Chadza|Mdzumira
Lilongwe|Chadza|Mfuti
Lilongwe|Chadza|Mgawi
Lilongwe|Chadza|Mgaye
Lilongwe|Chadza|Mgayi
Lilongwe|Chadza|Mgombe
Lilongwe|Chadza|Mgombe(Chapaza)
Lilongwe|Chadza|Mgulula
Lilongwe|Chadza|Mingu
Lilongwe|Chadza|Misanjo
Lilongwe|Chadza|Mkakaula
Lilongwe|Chadza|Mkalema
Lilongwe|Chadza|Mkanda
Lilongwe|Chadza|Mkanthama
Lilongwe|Chadza|Mkapha
Lilongwe|Chadza|Mkatula
Lilongwe|Chadza|Mkhalachina
Lilongwe|Chadza|Mkhomo
Lilongwe|Chadza|Mkkhunzi
Lilongwe|Chadza|Mkoche
Lilongwe|Chadza|Mkombe
Lilongwe|Chadza|Mkomela
Lilongwe|Chadza|Mkozomba
Lilongwe|Chadza|Mkulo
Lilongwe|Chadza|Mkungwi
Lilongwe|Chadza|Mkuwazi
Lilongwe|Chadza|Mkuzi
Lilongwe|Chadza|Mkweche
Lilongwe|Chadza|Mkwela
Lilongwe|Chadza|Mlambwa
Lilongwe|Chadza|Mlinga I
Lilongwe|Chadza|Mlinga II
Lilongwe|Chadza|Mnanganiza
Lilongwe|Chadza|Mndole
Lilongwe|Chadza|Mngola
Lilongwe|Chadza|Mngola Trading Centre
Lilongwe|Chadza|Mng'omba
Lilongwe|Chadza|Mnjeza I
Lilongwe|Chadza|Mnjeza II
Lilongwe|Chadza|Mnlera
Lilongwe|Chadza|Mnng'omba
Lilongwe|Chadza|Mnongwa
Lilongwe|Chadza|Mnthambala
Lilongwe|Chadza|Mnthende
Lilongwe|Chadza|Mnyangale
Lilongwe|Chadza|Mnyotho
Lilongwe|Chadza|Mola
Lilongwe|Chadza|Monga
Lilongwe|Chadza|Mongo
Lilongwe|Chadza|Mpalata
Lilongwe|Chadza|Mpandula
Lilongwe|Chadza|Mpangaza
Lilongwe|Chadza|Mpangilana
Lilongwe|Chadza|Mphamba
Lilongwe|Chadza|Mphamba ya chimimba
Lilongwe|Chadza|Mphangwe
Lilongwe|Chadza|Mphanje
Lilongwe|Chadza|Mphenzi
Lilongwe|Chadza|Mphepo
Lilongwe|Chadza|Mphere
Lilongwe|Chadza|Mphete
Lilongwe|Chadza|Mphonde
Lilongwe|Chadza|Mphunzi
Lilongwe|Chadza|Mpingidzo
Lilongwe|Chadza|Mpokosa
Lilongwe|Chadza|Mpombeza
Lilongwe|Chadza|Mpoto
Lilongwe|Chadza|Mpozela
Lilongwe|Chadza|Mpundi
Lilongwe|Chadza|Msabvula
Lilongwe|Chadza|Msako
Lilongwe|Chadza|Msambaimfa
Lilongwe|Chadza|Msambayila
Lilongwe|Chadza|Msampha I
Lilongwe|Chadza|Msana
Lilongwe|Chadza|Msandula
Lilongwe|Chadza|Msendere
Lilongwe|Chadza|Msimanjira
Lilongwe|Chadza|Msimbo
Lilongwe|Chadza|Msomokela
Lilongwe|Chadza|Msukwa
Lilongwe|Chadza|Msumbuzula
Lilongwe|Chadza|Mtalimanja
Lilongwe|Chadza|Mtambwa
Lilongwe|Chadza|Mtande
Lilongwe|Chadza|Mtapika
Lilongwe|Chadza|Mtapo
Lilongwe|Chadza|Mtata
Lilongwe|Chadza|Mtema
Lilongwe|Chadza|Mtembe
Lilongwe|Chadza|Mtenje
Lilongwe|Chadza|Mtepa
Lilongwe|Chadza|Mthandiza
Lilongwe|Chadza|Mthethe
Lilongwe|Chadza|Mthiko
Lilongwe|Chadza|Mthobwa
Lilongwe|Chadza|Mthunzi
Lilongwe|Chadza|Mtibu
Lilongwe|Chadza|Mtika
Lilongwe|Chadza|Mtima
Lilongwe|Chadza|Mtimaulenga
Lilongwe|Chadza|Mtiza
Lilongwe|Chadza|Mtomondo
Lilongwe|Chadza|Mtonda
Lilongwe|Chadza|Mtoseni
Lilongwe|Chadza|Mtukula
Lilongwe|Chadza|Mtukulunga
Lilongwe|Chadza|Mtukwanika
Lilongwe|Chadza|Mtunga
Lilongwe|Chadza|Mudza
Lilongwe|Chadza|Musauke
Lilongwe|Chadza|Muula
Lilongwe|Chadza|Muunguzana
Lilongwe|Chadza|Mwabvu
Lilongwe|Chadza|Mwachilala
Lilongwe|Chadza|Mwachilaza
Lilongwe|Chadza|Mwadzungu
Lilongwe|Chadza|Mwalawulomwe Trading Centre
Lilongwe|Chadza|Mwamatengeza
Lilongwe|Chadza|Mwandiko
Lilongwe|Chadza|Mwangulema
Lilongwe|Chadza|Mwanja
Lilongwe|Chadza|Mwanjema
Lilongwe|Chadza|Mwansambo
Lilongwe|Chadza|Mwasambo
Lilongwe|Chadza|Mwase
Lilongwe|Chadza|Mwasiya
Lilongwe|Chadza|Mwataya
Lilongwe|Chadza|Mwatibu
Lilongwe|Chadza|Mwedzeka
Lilongwe|Chadza|Mwenda I
Lilongwe|Chadza|Mwenda I Trading Centre
Lilongwe|Chadza|Mwenda II
Lilongwe|Chadza|Mweselele
Lilongwe|Chadza|Mwinimudzi
Lilongwe|Chadza|Mzukwa
Lilongwe|Chadza|Mzumanzi
Lilongwe|Chadza|Naferanji
Lilongwe|Chadza|Nakulenga
Lilongwe|Chadza|Nakuswaya
Lilongwe|Chadza|Nakutumba
Lilongwe|Chadza|Nakuyele
Lilongwe|Chadza|Namakho
Lilongwe|Chadza|Namithiko
Lilongwe|Chadza|Namkumba
Lilongwe|Chadza|Namkwichi
Lilongwe|Chadza|Namphate
Lilongwe|Chadza|Namtsetse
Lilongwe|Chadza|Nankhumbi
Lilongwe|Chadza|Natchichi
Lilongwe|Chadza|Nayele Trading Centre
Lilongwe|Chadza|Ndakula
Lilongwe|Chadza|Ndevu
Lilongwe|Chadza|Ngaladzuka
Lilongwe|Chadza|Ngomacheza
Lilongwe|Chadza|Nguluwe
Lilongwe|Chadza|Ngumbe
Lilongwe|Chadza|Njalayalela
Lilongwe|Chadza|Njiwa
Lilongwe|Chadza|Njoka
Lilongwe|Chadza|Njuwala
Lilongwe|Chadza|Nkhambo
Lilongwe|Chadza|Nkhonkha
Lilongwe|Chadza|Nkhosa
Lilongwe|Chadza|Nkhuku
Lilongwe|Chadza|Nkhulungo
Lilongwe|Chadza|Nsabwe
Lilongwe|Chadza|Nsabwe(Sululu)
Lilongwe|Chadza|Nsanjamila
Lilongwe|Chadza|Nsanje Akumwala
Lilongwe|Chadza|Nsanje wakumaheji
Lilongwe|Chadza|Nsiwa
Lilongwe|Chadza|Nsulira
Lilongwe|Chadza|Ntende
Lilongwe|Chadza|Nthache
Lilongwe|Chadza|Nthambala
Lilongwe|Chadza|Nthanga
Lilongwe|Chadza|Nyale
Lilongwe|Chadza|Nyama
Lilongwe|Chadza|Nyamazani
Lilongwe|Chadza|Nyangu
Lilongwe|Chadza|Nyanje
Lilongwe|Chadza|Nyemba
Lilongwe|Chadza|Nyundo
Lilongwe|Chadza|Nzeweza
Lilongwe|Chadza|Ofesi (Kalumbu)
Lilongwe|Chadza|Padambe
Lilongwe|Chadza|Padzuwa
Lilongwe|Chadza|Pansi Nkhono
Lilongwe|Chadza|Pelete
Lilongwe|Chadza|Pemba
Lilongwe|Chadza|Petro
Lilongwe|Chadza|Phale
Lilongwe|Chadza|Phantha
Lilongwe|Chadza|Phatha
Lilongwe|Chadza|Phula I
Lilongwe|Chadza|Phula II
Lilongwe|Chadza|Potolani
Lilongwe|Chadza|Pwitika
Lilongwe|Chadza|Saela
Lilongwe|Chadza|Samayili
Lilongwe|Chadza|Samson
Lilongwe|Chadza|Santhe
Lilongwe|Chadza|Sasa
Lilongwe|Chadza|Sele
Lilongwe|Chadza|Shamboko
Lilongwe|Chadza|Sikelo
Lilongwe|Chadza|Sinda
Lilongwe|Chadza|Solomoni
Lilongwe|Chadza|Sulubwa
Lilongwe|Chadza|Tchelelo
Lilongwe|Chadza|Thugwalugwa
Lilongwe|Chadza|Tiluka
Lilongwe|Chadza|Tokoma
Lilongwe|Chadza|Tombo
Lilongwe|Chadza|Tsankhulani
Lilongwe|Chadza|Tsekani
Lilongwe|Chadza|Tsetseleke
Lilongwe|Chadza|Tsinkha
Lilongwe|Chadza|Tsoka
Lilongwe|Chadza|Tulo
Lilongwe|Chadza|Undi
Lilongwe|Chadza|Undi Chinthibule
Lilongwe|Chadza|Wanipeni
Lilongwe|Chadza|Yafeti
Lilongwe|Chadza|Yesaya
Lilongwe|Chadza|Yotamu
Lilongwe|Chadza|Zalaka
Lilongwe|Chadza|Zamalala
Lilongwe|Chadza|Zidze
Lilongwe|Chadza|Zigwetsa
Lilongwe|Chadza|Zipendo
Lilongwe|Chimutu|Akumayani
Lilongwe|Chimutu|Binji
Lilongwe|Chimutu|Bvibvi
Lilongwe|Chimutu|Bvumbwe
Lilongwe|Chimutu|Chabula
Lilongwe|Chimutu|Chaima
Lilongwe|Chimutu|Chambukira
Lilongwe|Chimutu|Champitila
Lilongwe|Chimutu|Chandamata
Lilongwe|Chimutu|Chandawila
Lilongwe|Chimutu|Chang'ombe
Lilongwe|Chimutu|Changwe
Lilongwe|Chimutu|Chapatamdebele
Lilongwe|Chimutu|Chidembo
Lilongwe|Chimutu|Chidzaye
Lilongwe|Chimutu|Chigadabu
Lilongwe|Chimutu|Chigumula
Lilongwe|Chimutu|Chigundu
Lilongwe|Chimutu|Chigwe
Lilongwe|Chimutu|Chikanda II
Lilongwe|Chimutu|Chikawonda
Lilongwe|Chimutu|Chikhombe
Lilongwe|Chimutu|Chikhosi
Lilongwe|Chimutu|Chilamba
Lilongwe|Chimutu|Chilima (Mkokota Branch)
Lilongwe|Chimutu|Chiluzi
Lilongwe|Chimutu|Chimera
Lilongwe|Chimutu|Chimlodzi
Lilongwe|Chimutu|Chimombo
Lilongwe|Chimutu|Chimpasi
Lilongwe|Chimutu|Chimphuno
Lilongwe|Chimutu|Chimpukutu
Lilongwe|Chimutu|Chimutu
Lilongwe|Chimutu|Chinoko-Kawenga
Lilongwe|Chimutu|Chinthankhwa
Lilongwe|Chimutu|Chinzezeta
Lilongwe|Chimutu|Chinzezeta Kumani
Lilongwe|Chimutu|Chiola
Lilongwe|Chimutu|Chipasula
Lilongwe|Chimutu|Chiponde
Lilongwe|Chimutu|Chiponde Trading Centre
Lilongwe|Chimutu|Chipumba
Lilongwe|Chimutu|Chisachang'oma
Lilongwe|Chimutu|Chitawa
Lilongwe|Chimutu|Chitekwe (Joseph)
Lilongwe|Chimutu|Chitimbe
Lilongwe|Chimutu|Chitukuta
Lilongwe|Chimutu|Chiwoko
Lilongwe|Chimutu|Damba
Lilongwe|Chimutu|Galundani
Lilongwe|Chimutu|Golombe
Lilongwe|Chimutu|Gongolo
Lilongwe|Chimutu|Guwa
Lilongwe|Chimutu|Joseph
Lilongwe|Chimutu|Jumpha
Lilongwe|Chimutu|Kachimanga
Lilongwe|Chimutu|Kachinga
Lilongwe|Chimutu|Kadzanja
Lilongwe|Chimutu|Kafula
Lilongwe|Chimutu|Kafundu
Lilongwe|Chimutu|Kalanzi
Lilongwe|Chimutu|Kalengamadzi
Lilongwe|Chimutu|Kalila
Lilongwe|Chimutu|Kalimapanjira
Lilongwe|Chimutu|Kaliwanya
Lilongwe|Chimutu|Kaliwanya Estate
Lilongwe|Chimutu|Kalonga
Lilongwe|Chimutu|Kaluluma
Lilongwe|Chimutu|Kalumanthaka
Lilongwe|Chimutu|Kamkuzi
Lilongwe|Chimutu|Kamphambe
Lilongwe|Chimutu|Kamphata
Lilongwe|Chimutu|Kamphinda
Lilongwe|Chimutu|Kampido
Lilongwe|Chimutu|Kamtunda
Lilongwe|Chimutu|Kanguwo
Lilongwe|Chimutu|Kankhwangwa
Lilongwe|Chimutu|Kankunzi
Lilongwe|Chimutu|Kanongwa
Lilongwe|Chimutu|Kanzota
Lilongwe|Chimutu|Kaphuka
Lilongwe|Chimutu|Kapiye
Lilongwe|Chimutu|Kapulula
Lilongwe|Chimutu|Kasamba
Lilongwe|Chimutu|Kasandulika
Lilongwe|Chimutu|Katera
Lilongwe|Chimutu|Katete
Lilongwe|Chimutu|Katete Trading Centre
Lilongwe|Chimutu|Kathumba
Lilongwe|Chimutu|Katsano
Lilongwe|Chimutu|Katuta
Lilongwe|Chimutu|Kavalansaza
Lilongwe|Chimutu|Kawanza
Lilongwe|Chimutu|Khadzu
Lilongwe|Chimutu|Khongo
Lilongwe|Chimutu|Khwanya
Lilongwe|Chimutu|Kubinga Nyakwawa
Lilongwe|Chimutu|Kukhola
Lilongwe|Chimutu|Kulacha
Lilongwe|Chimutu|Kumani Sadalaki
Lilongwe|Chimutu|Kumbuyo
Lilongwe|Chimutu|Kumlira
Lilongwe|Chimutu|Kwendakwanjoka
Lilongwe|Chimutu|Lester
Lilongwe|Chimutu|Madzikankhana
Lilongwe|Chimutu|Madzikankhana Trading Centre
Lilongwe|Chimutu|Mafunthe
Lilongwe|Chimutu|Magodi
Lilongwe|Chimutu|Magolonga
Lilongwe|Chimutu|Majomeka
Lilongwe|Chimutu|Makosana
Lilongwe|Chimutu|Makwandu
Lilongwe|Chimutu|Makwenda
Lilongwe|Chimutu|Malemia
Lilongwe|Chimutu|Malumbira
Lilongwe|Chimutu|Masompha
Lilongwe|Chimutu|Masompha Estate
Lilongwe|Chimutu|Mawoti
Lilongwe|Chimutu|Mbala
Lilongwe|Chimutu|Mbalame
Lilongwe|Chimutu|Mbalame Trading Centre
Lilongwe|Chimutu|Mbeza
Lilongwe|Chimutu|Mbuka
Lilongwe|Chimutu|Mbuka Trading Centre
Lilongwe|Chimutu|Mdima
Lilongwe|Chimutu|Mdolilo
Lilongwe|Chimutu|Mdondo
Lilongwe|Chimutu|Mjipi
Lilongwe|Chimutu|Mjogo
Lilongwe|Chimutu|Mkhamba
Lilongwe|Chimutu|Mkhomo (Chitukula)
Lilongwe|Chimutu|Mkongolo
Lilongwe|Chimutu|Mndolo
Lilongwe|Chimutu|Mnjale
Lilongwe|Chimutu|Mnjira
Lilongwe|Chimutu|Mphachi
Lilongwe|Chimutu|Mphangwe
Lilongwe|Chimutu|Mphepo
Lilongwe|Chimutu|Mphungu
Lilongwe|Chimutu|Msambo
Lilongwe|Chimutu|Msambo (Elias)
Lilongwe|Chimutu|Msambo Trading Centre
Lilongwe|Chimutu|Mseche
Lilongwe|Chimutu|Msinkhuupuza
Lilongwe|Chimutu|Msukuma
Lilongwe|Chimutu|Mtapika
Lilongwe|Chimutu|Mtengano
Lilongwe|Chimutu|Mtengosengani
Lilongwe|Chimutu|Mtengosengani Trading Centre
Lilongwe|Chimutu|Mtongola
Lilongwe|Chimutu|Mwinimudzi
Lilongwe|Chimutu|Mzela
Lilongwe|Chimutu|Nachibo
Lilongwe|Chimutu|Namphite
Lilongwe|Chimutu|Ndawala
Lilongwe|Chimutu|Ndebvu
Lilongwe|Chimutu|Njande
Lilongwe|Chimutu|Njoka
Lilongwe|Chimutu|Nkhapansula
Lilongwe|Chimutu|Nkhulukudzu
Lilongwe|Chimutu|Nyakhu
Lilongwe|Chimutu|Nyama
Lilongwe|Chimutu|Palawo
Lilongwe|Chimutu|Phatitsa
Lilongwe|Chimutu|Pondani
Lilongwe|Chimutu|Sajiwa
Lilongwe|Chimutu|Salambula
Lilongwe|Chimutu|Sosola
Lilongwe|Chimutu|Suzumile
Lilongwe|Chimutu|Thunga
Lilongwe|Chimutu|Tindi
Lilongwe|Chimutu|Tsokaliyenda
Lilongwe|Chimutu|Undi
Lilongwe|Chimutu|Velemu
Lilongwe|Chimutu|Zamula
Lilongwe|Chimutu|Zugulira
Lilongwe|Chiseka|Alimitamba
Lilongwe|Chiseka|Austeni
Lilongwe|Chiseka|Babele
Lilongwe|Chiseka|Bakuku
Lilongwe|Chiseka|Balani
Lilongwe|Chiseka|Balila
Lilongwe|Chiseka|Balu
Lilongwe|Chiseka|Bandali
Lilongwe|Chiseka|Bandawe
Lilongwe|Chiseka|Baudala
Lilongwe|Chiseka|Bauleni
Lilongwe|Chiseka|Benadi
Lilongwe|Chiseka|Beni
Lilongwe|Chiseka|Betchani
Lilongwe|Chiseka|Bezai
Lilongwe|Chiseka|Bikiele
Lilongwe|Chiseka|Bilimoni
Lilongwe|Chiseka|Bisenti
Lilongwe|Chiseka|Biwi
Lilongwe|Chiseka|Bizi
Lilongwe|Chiseka|Bobo
Lilongwe|Chiseka|Bokosi
Lilongwe|Chiseka|Bongwe
Lilongwe|Chiseka|Bowa
Lilongwe|Chiseka|Bvulumula
Lilongwe|Chiseka|Bvumbwe
Lilongwe|Chiseka|Bwakatantha
Lilongwe|Chiseka|Bwanali
Lilongwe|Chiseka|Bwemba
Lilongwe|Chiseka|Bweya
Lilongwe|Chiseka|Chabuka
Lilongwe|Chiseka|Chadula
Lilongwe|Chiseka|Chadza
Lilongwe|Chiseka|Chafikira
Lilongwe|Chiseka|Chagamukila
Lilongwe|Chiseka|Chagona
Lilongwe|Chiseka|Chakwela
Lilongwe|Chiseka|Chalunda
Lilongwe|Chiseka|Chamkoma
Lilongwe|Chiseka|Chamveka
Lilongwe|Chiseka|Chanikoma
Lilongwe|Chiseka|Chanza
Lilongwe|Chiseka|Chaoza
Lilongwe|Chiseka|Chapalapata
Lilongwe|Chiseka|Chapanikiza
Lilongwe|Chiseka|Chapendeka
Lilongwe|Chiseka|Chaphuka
Lilongwe|Chiseka|Chaponda
Lilongwe|Chiseka|Chapsyinja
Lilongwe|Chiseka|Chapuma
Lilongwe|Chiseka|Chapundima
Lilongwe|Chiseka|Chasanza
Lilongwe|Chiseka|Chasawa
Lilongwe|Chiseka|Chasowa
Lilongwe|Chiseka|Chatewa
Lilongwe|Chiseka|Chauma
Lilongwe|Chiseka|Chawala
Lilongwe|Chiseka|Chayala
Lilongwe|Chiseka|Chazondoka
Lilongwe|Chiseka|Chazungulira
Lilongwe|Chiseka|Chengwesa
Lilongwe|Chiseka|Chibuula
Lilongwe|Chiseka|Chibvuta Farm
Lilongwe|Chiseka|Chibwasasa
Lilongwe|Chiseka|Chidende
Lilongwe|Chiseka|Chidula
Lilongwe|Chiseka|Chidzela
Lilongwe|Chiseka|Chidziwana
Lilongwe|Chiseka|Chidzulumbi
Lilongwe|Chiseka|Chidzuma
Lilongwe|Chiseka|Chieretsa
Lilongwe|Chiseka|Chifisi
Lilongwe|Chiseka|Chifukwa
Lilongwe|Chiseka|Chifungo
Lilongwe|Chiseka|Chigaga
Lilongwe|Chiseka|Chigombe
Lilongwe|Chiseka|Chigoneka
Lilongwe|Chiseka|Chikaduleni
Lilongwe|Chiseka|Chikadza
Lilongwe|Chiseka|Chikafa
Lilongwe|Chiseka|Chikamvala
Lilongwe|Chiseka|Chikanda
Lilongwe|Chiseka|Chikavumba
Lilongwe|Chiseka|Chikhanda
Lilongwe|Chiseka|Chikho
Lilongwe|Chiseka|Chikhokho
Lilongwe|Chiseka|Chikhuntha
Lilongwe|Chiseka|Chikokombe
Lilongwe|Chiseka|Chikosa
Lilongwe|Chiseka|Chikuni
Lilongwe|Chiseka|Chikunkhiro
Lilongwe|Chiseka|Chikuse
Lilongwe|Chiseka|Chikuta
Lilongwe|Chiseka|Chikwelo
Lilongwe|Chiseka|Chilambi
Lilongwe|Chiseka|Chilanda
Lilongwe|Chiseka|Chilangwe
Lilongwe|Chiseka|Chileke
Lilongwe|Chiseka|Chilemba
Lilongwe|Chiseka|Chileme
Lilongwe|Chiseka|Chilenga
Lilongwe|Chiseka|Chilibale
Lilongwe|Chiseka|Chilikhuma
Lilongwe|Chiseka|Chilima
Lilongwe|Chiseka|Chilomo
Lilongwe|Chiseka|Chiluli
Lilongwe|Chiseka|Chiluwa
Lilongwe|Chiseka|Chiluwe
Lilongwe|Chiseka|Chimanazo
Lilongwe|Chiseka|Chimbalame
Lilongwe|Chiseka|Chimbalanga
Lilongwe|Chiseka|Chimbowa
Lilongwe|Chiseka|Chimela
Lilongwe|Chiseka|Chimgoneka
Lilongwe|Chiseka|Chimleka
Lilongwe|Chiseka|Chimlozi
Lilongwe|Chiseka|Chimpakati
Lilongwe|Chiseka|Chimphangu
Lilongwe|Chiseka|Chimtali
Lilongwe|Chiseka|Chimtengo
Lilongwe|Chiseka|Chimtuwa
Lilongwe|Chiseka|Chimuda
Lilongwe|Chiseka|Chimungulu
Lilongwe|Chiseka|Chimuonenji
Lilongwe|Chiseka|Chimutu
Lilongwe|Chiseka|Chimvuwu
Lilongwe|Chiseka|Chimwendo
Lilongwe|Chiseka|Chindoko
Lilongwe|Chiseka|Chingala
Lilongwe|Chiseka|Chingﾇnula
Lilongwe|Chiseka|Chinganyama
Lilongwe|Chiseka|Chingira
Lilongwe|Chiseka|Chingﾗma
Lilongwe|Chiseka|Chinguwo
Lilongwe|Chiseka|Chinkhadze
Lilongwe|Chiseka|Chinkundi (Piki)
Lilongwe|Chiseka|Chinkunzu
Lilongwe|Chiseka|Chinomwe
Lilongwe|Chiseka|Chinsera
Lilongwe|Chiseka|Chinthale
Lilongwe|Chiseka|Chinthope
Lilongwe|Chiseka|Chinthuchi
Lilongwe|Chiseka|Chintondo
Lilongwe|Chiseka|Chinyama
Lilongwe|Chiseka|Chipalasa
Lilongwe|Chiseka|Chipeni
Lilongwe|Chiseka|Chiphangu
Lilongwe|Chiseka|Chiphe
Lilongwe|Chiseka|Chiphubu
Lilongwe|Chiseka|Chiphwanya
Lilongwe|Chiseka|Chipochongo
Lilongwe|Chiseka|Chipsye
Lilongwe|Chiseka|Chisamba
Lilongwe|Chiseka|Chisauka
Lilongwe|Chiseka|Chiseche
Lilongwe|Chiseka|Chiseka
Lilongwe|Chiseka|Chiseka Trading Centre
Lilongwe|Chiseka|Chiseko
Lilongwe|Chiseka|Chisemphere
Lilongwe|Chiseka|Chisese
Lilongwe|Chiseka|Chitambo
Lilongwe|Chiseka|Chitedze
Lilongwe|Chiseka|Chitekwele
Lilongwe|Chiseka|Chitengenji
Lilongwe|Chiseka|Chithako
Lilongwe|Chiseka|Chithonje
Lilongwe|Chiseka|Chitini
Lilongwe|Chiseka|Chitonde
Lilongwe|Chiseka|Chitsanthi
Lilongwe|Chiseka|Chitsulo
Lilongwe|Chiseka|Chiukhwakhwa
Lilongwe|Chiseka|Chiulungo Trading Centre
Lilongwe|Chiseka|Chiumula
Lilongwe|Chiseka|Chiunjiza
Lilongwe|Chiseka|Chiunjiza Trading Centre
Lilongwe|Chiseka|Chiwala
Lilongwe|Chiseka|Chiwala I
Lilongwe|Chiseka|Chiwale
Lilongwe|Chiseka|Chiwanda
Lilongwe|Chiseka|Chiwanga
Lilongwe|Chiseka|Chiweza
Lilongwe|Chiseka|Chiwoko
Lilongwe|Chiseka|Chiwoza
Lilongwe|Chiseka|Chiwozela
Lilongwe|Chiseka|Chiwuyawuya
Lilongwe|Chiseka|Chiyanika
Lilongwe|Chiseka|Chiyende
Lilongwe|Chiseka|Chizombo
Lilongwe|Chiseka|Chizondo
Lilongwe|Chiseka|Chizula
Lilongwe|Chiseka|Chombwa
Lilongwe|Chiseka|Chombwe
Lilongwe|Chiseka|Chule
Lilongwe|Chiseka|Daimon
Lilongwe|Chiseka|Dambo
Lilongwe|Chiseka|Dambolachepa
Lilongwe|Chiseka|Dambuleni
Lilongwe|Chiseka|Dandauleni
Lilongwe|Chiseka|Dangalira
Lilongwe|Chiseka|Daniel
Lilongwe|Chiseka|Dengu
Lilongwe|Chiseka|Dickson
Lilongwe|Chiseka|Dickson Trading Centre
Lilongwe|Chiseka|Difula
Lilongwe|Chiseka|Dolo
Lilongwe|Chiseka|Dolola
Lilongwe|Chiseka|Dooko
Lilongwe|Chiseka|Dzabwa Trading Centre
Lilongwe|Chiseka|Dzalanyama Forest Camp
Lilongwe|Chiseka|Dzalanyama Ranch Camp No. 1
Lilongwe|Chiseka|Dzalanyama Ranch Camp No. 2
Lilongwe|Chiseka|Dzalanyama Ranch Chiunjiza Camp
Lilongwe|Chiseka|Dzama
Lilongwe|Chiseka|Dzanja
Lilongwe|Chiseka|Dzodzwe
Lilongwe|Chiseka|Dzoole
Lilongwe|Chiseka|Dzuma
Lilongwe|Chiseka|Edward
Lilongwe|Chiseka|Fifitini
Lilongwe|Chiseka|Fisi
Lilongwe|Chiseka|Futsani
Lilongwe|Chiseka|Gadama
Lilongwe|Chiseka|Gaulani
Lilongwe|Chiseka|Gibson
Lilongwe|Chiseka|Gomadi
Lilongwe|Chiseka|Gomani
Lilongwe|Chiseka|Gondolo
Lilongwe|Chiseka|Goneku
Lilongwe|Chiseka|Gowera
Lilongwe|Chiseka|Gowoke
Lilongwe|Chiseka|Guma
Lilongwe|Chiseka|Gwande
Lilongwe|Chiseka|Gwengwe
Lilongwe|Chiseka|Gwilize
Lilongwe|Chiseka|Gwira
Lilongwe|Chiseka|Halison
Lilongwe|Chiseka|Inglasi
Lilongwe|Chiseka|Ishmael
Lilongwe|Chiseka|Jabisoni
Lilongwe|Chiseka|Jamu
Lilongwe|Chiseka|Jaweni
Lilongwe|Chiseka|Jeke
Lilongwe|Chiseka|Jeremani
Lilongwe|Chiseka|Jolisi
Lilongwe|Chiseka|Joni
Lilongwe|Chiseka|Julias
Lilongwe|Chiseka|Juni
Lilongwe|Chiseka|Kabambe
Lilongwe|Chiseka|Kabota
Lilongwe|Chiseka|Kabowa
Lilongwe|Chiseka|Kabuthu
Lilongwe|Chiseka|Kabwenzi
Lilongwe|Chiseka|Kabzala
Lilongwe|Chiseka|Kachamba
Lilongwe|Chiseka|Kachigunundu
Lilongwe|Chiseka|Kachipsyede
Lilongwe|Chiseka|Kachira
Lilongwe|Chiseka|Kachule
Lilongwe|Chiseka|Kachuma
Lilongwe|Chiseka|Kachumbe Trading Centre
Lilongwe|Chiseka|Kadakwinda
Lilongwe|Chiseka|Kadam'manja
Lilongwe|Chiseka|Kadise
Lilongwe|Chiseka|Kadombe
Lilongwe|Chiseka|Kadyamaliro
Lilongwe|Chiseka|Kadyankhonde
Lilongwe|Chiseka|Kadzabwino
Lilongwe|Chiseka|Kadzombe
Lilongwe|Chiseka|Kafanikhale
Lilongwe|Chiseka|Kafuwa
Lilongwe|Chiseka|Kagona
Lilongwe|Chiseka|Kakaundu
Lilongwe|Chiseka|Kakhalawekha
Lilongwe|Chiseka|Kalanzi
Lilongwe|Chiseka|Kalata
Lilongwe|Chiseka|Kalemberera
Lilongwe|Chiseka|Kalembo
Lilongwe|Chiseka|Kalinde
Lilongwe|Chiseka|Kalionanji
Lilongwe|Chiseka|Kalisoni
Lilongwe|Chiseka|Kaliwani
Lilongwe|Chiseka|Kalizam'mimba
Lilongwe|Chiseka|Kalonga II
Lilongwe|Chiseka|Kalonga Misinde
Lilongwe|Chiseka|Kaloza
Lilongwe|Chiseka|Kalulu
Lilongwe|Chiseka|Kalumbi
Lilongwe|Chiseka|Kalupsya
Lilongwe|Chiseka|Kaluwila
Lilongwe|Chiseka|Kaluzi
Lilongwe|Chiseka|Kamanga
Lilongwe|Chiseka|Kamangasokoya
Lilongwe|Chiseka|Kamba
Lilongwe|Chiseka|Kambalanje
Lilongwe|Chiseka|Kambale
Lilongwe|Chiseka|Kambanizithe
Lilongwe|Chiseka|Kambanizithe Trading Centre
Lilongwe|Chiseka|Kambanyama Jamu
Lilongwe|Chiseka|Kambanyama Kambuzi
Lilongwe|Chiseka|Kambeu
Lilongwe|Chiseka|Kambewa
Lilongwe|Chiseka|Kambirinya
Lilongwe|Chiseka|Kam'buli
Lilongwe|Chiseka|Kamchembere
Lilongwe|Chiseka|Kamchokele
Lilongwe|Chiseka|Kameta
Lilongwe|Chiseka|Kamgugu
Lilongwe|Chiseka|Kamgwiliro
Lilongwe|Chiseka|Kamitengo
Lilongwe|Chiseka|Kamkamba
Lilongwe|Chiseka|Kamkhwani
Lilongwe|Chiseka|Kamkweche
Lilongwe|Chiseka|Kamndaya
Lilongwe|Chiseka|Kamoto
Lilongwe|Chiseka|Kampangire
Lilongwe|Chiseka|Kamphambe
Lilongwe|Chiseka|Kamphanje
Lilongwe|Chiseka|Kamphiningo
Lilongwe|Chiseka|Kamphonje Trading Centre
Lilongwe|Chiseka|Kampini
Lilongwe|Chiseka|Kampinikasu Nzumira
Lilongwe|Chiseka|Kampolo
Lilongwe|Chiseka|Kampusa
Lilongwe|Chiseka|Kamtayamu
Lilongwe|Chiseka|Kamtchetsa
Lilongwe|Chiseka|Kamtchetsa Trading Centre
Lilongwe|Chiseka|Kamthaphwi
Lilongwe|Chiseka|Kamtosa
Lilongwe|Chiseka|Kamtsitsi
Lilongwe|Chiseka|Kamundi
Lilongwe|Chiseka|Kamundimkwelela
Lilongwe|Chiseka|Kamvike
Lilongwe|Chiseka|Kamwana
Lilongwe|Chiseka|Kamwendo
Lilongwe|Chiseka|Kamwiri
Lilongwe|Chiseka|Kamzimbi
Lilongwe|Chiseka|Kamzimu
Lilongwe|Chiseka|Kanankhwazi
Lilongwe|Chiseka|Kandikole
Lilongwe|Chiseka|Kangadzu
Lilongwe|Chiseka|Kang'ondo
Lilongwe|Chiseka|Kangwera
Lilongwe|Chiseka|Kankhungwe
Lilongwe|Chiseka|Kanongwa
Lilongwe|Chiseka|Kantembela
Lilongwe|Chiseka|Kanyama
Lilongwe|Chiseka|Kanyamakweza
Lilongwe|Chiseka|Kanyang'wa
Lilongwe|Chiseka|Kanyatsa
Lilongwe|Chiseka|Kanyenje
Lilongwe|Chiseka|Kanyumbu
Lilongwe|Chiseka|Kanzozo
Lilongwe|Chiseka|Kapadzanje
Lilongwe|Chiseka|Kapambanya
Lilongwe|Chiseka|Kapanga
Lilongwe|Chiseka|Kapazani
Lilongwe|Chiseka|Kapezi
Lilongwe|Chiseka|Kapingiza
Lilongwe|Chiseka|Kapininga
Lilongwe|Chiseka|Kapininga Trading Centre
Lilongwe|Chiseka|Kapombeza
Lilongwe|Chiseka|Kapondo
Lilongwe|Chiseka|Kaponnda
Lilongwe|Chiseka|Kapululuka
Lilongwe|Chiseka|Kapusi
Lilongwe|Chiseka|Kasisi
Lilongwe|Chiseka|Kasonda
Lilongwe|Chiseka|Kasudze
Lilongwe|Chiseka|Kasumbu
Lilongwe|Chiseka|Kasusu
Lilongwe|Chiseka|Kataira
Lilongwe|Chiseka|Katambalale
Lilongwe|Chiseka|Katawa
Lilongwe|Chiseka|Kathimbilila
Lilongwe|Chiseka|Kathyokamwendo
Lilongwe|Chiseka|Katontha
Lilongwe|Chiseka|Katsabola
Lilongwe|Chiseka|Katsilize
Lilongwe|Chiseka|Katuta
Lilongwe|Chiseka|Kaudzu Forest Camp
Lilongwe|Chiseka|Kauma
Lilongwe|Chiseka|Kauzilira
Lilongwe|Chiseka|Kawaza
Lilongwe|Chiseka|Kaweche
Lilongwe|Chiseka|Kawili
Lilongwe|Chiseka|Kayafa
Lilongwe|Chiseka|Kayankhuleni
Lilongwe|Chiseka|Kazenga
Lilongwe|Chiseka|Khokhwa
Lilongwe|Chiseka|Khomani
Lilongwe|Chiseka|Khombe
Lilongwe|Chiseka|Khombedza
Lilongwe|Chiseka|Khombewoyera
Lilongwe|Chiseka|Khuma
Lilongwe|Chiseka|Khungwa
Lilongwe|Chiseka|Kubale
Lilongwe|Chiseka|Kuchale
Lilongwe|Chiseka|Kuchigodi
Lilongwe|Chiseka|Kuchilanga
Lilongwe|Chiseka|Kuchileka
Lilongwe|Chiseka|Kuchinani
Lilongwe|Chiseka|Kudzikho
Lilongwe|Chiseka|Kugowa
Lilongwe|Chiseka|Kukatete
Lilongwe|Chiseka|Kulinga
Lilongwe|Chiseka|Kululira
Lilongwe|Chiseka|Kumadzi
Lilongwe|Chiseka|Kumagando
Lilongwe|Chiseka|Kumala
Lilongwe|Chiseka|Kumalindi
Lilongwe|Chiseka|Kumankhwazi
Lilongwe|Chiseka|Kumbatata
Lilongwe|Chiseka|Kumikuyu
Lilongwe|Chiseka|Kumitengo
Lilongwe|Chiseka|Kumkamba
Lilongwe|Chiseka|Kumtchetsa
Lilongwe|Chiseka|Kumwambe
Lilongwe|Chiseka|Kunsalula
Lilongwe|Chiseka|Kunsambe
Lilongwe|Chiseka|Kunsanama
Lilongwe|Chiseka|Kupemba
Lilongwe|Chiseka|Kuphika
Lilongwe|Chiseka|Kuphimbi
Lilongwe|Chiseka|Kusamba
Lilongwe|Chiseka|Kuzilira
Lilongwe|Chiseka|Kwananda
Lilongwe|Chiseka|Kwanje
Lilongwe|Chiseka|Kwanji
Lilongwe|Chiseka|Kwela
Lilongwe|Chiseka|Laison
Lilongwe|Chiseka|Lambulira
Lilongwe|Chiseka|Lefani
Lilongwe|Chiseka|Lembani
Lilongwe|Chiseka|Lemesi
Lilongwe|Chiseka|Leza
Lilongwe|Chiseka|Lidiya
Lilongwe|Chiseka|Likuni Estate
Lilongwe|Chiseka|Lisungwi Estate
Lilongwe|Chiseka|Liwewe
Lilongwe|Chiseka|Lundu
Lilongwe|Chiseka|Mabete
Lilongwe|Chiseka|Mabwera
Lilongwe|Chiseka|Machichi III
Lilongwe|Chiseka|Machisawo
Lilongwe|Chiseka|Madumbza
Lilongwe|Chiseka|Madyangﾗmbe
Lilongwe|Chiseka|Madzi
Lilongwe|Chiseka|Mafikeni
Lilongwe|Chiseka|Mafowo
Lilongwe|Chiseka|Mafuka
Lilongwe|Chiseka|Mafuta
Lilongwe|Chiseka|Mailosi
Lilongwe|Chiseka|Majamanda
Lilongwe|Chiseka|Makhanyu
Lilongwe|Chiseka|Makhuwira
Lilongwe|Chiseka|Makoza
Lilongwe|Chiseka|Makule
Lilongwe|Chiseka|Makunnje
Lilongwe|Chiseka|Makwenda
Lilongwe|Chiseka|Malama
Lilongwe|Chiseka|Malanga
Lilongwe|Chiseka|Malata
Lilongwe|Chiseka|Male
Lilongwe|Chiseka|Malekano
Lilongwe|Chiseka|Malingunde Trading Centre
Lilongwe|Chiseka|Maluwa
Lilongwe|Chiseka|Manchichi
Lilongwe|Chiseka|Mande
Lilongwe|Chiseka|Mankhanga I
Lilongwe|Chiseka|Mankhanga II
Lilongwe|Chiseka|Mankhwila
Lilongwe|Chiseka|Manthenga
Lilongwe|Chiseka|Manyenje
Lilongwe|Chiseka|Manyika
Lilongwe|Chiseka|Manzi
Lilongwe|Chiseka|Masanchi
Lilongwe|Chiseka|Masanda
Lilongwe|Chiseka|Masankha
Lilongwe|Chiseka|Masiku
Lilongwe|Chiseka|Masiyano
Lilongwe|Chiseka|Masola
Lilongwe|Chiseka|Masula I
Lilongwe|Chiseka|Masula II
Lilongwe|Chiseka|Masumba
Lilongwe|Chiseka|Masumbankhunda
Lilongwe|Chiseka|Matekenya
Lilongwe|Chiseka|Matewere
Lilongwe|Chiseka|Matiyasi
Lilongwe|Chiseka|Matsimbe
Lilongwe|Chiseka|Maunda
Lilongwe|Chiseka|Mazinga
Lilongwe|Chiseka|Mazombwe
Lilongwe|Chiseka|Mbala
Lilongwe|Chiseka|Mbalame
Lilongwe|Chiseka|Mbatata
Lilongwe|Chiseka|Mbawala
Lilongwe|Chiseka|Mbendela
Lilongwe|Chiseka|Mbetasamba
Lilongwe|Chiseka|Mbewa
Lilongwe|Chiseka|Mbiriyawanda
Lilongwe|Chiseka|Mbofana
Lilongwe|Chiseka|Mbonekera
Lilongwe|Chiseka|Mbowera
Lilongwe|Chiseka|Mboza
Lilongwe|Chiseka|Mbulu
Lilongwe|Chiseka|Mbuna
Lilongwe|Chiseka|Mbuto
Lilongwe|Chiseka|Mbuwa
Lilongwe|Chiseka|Mbuyawo
Lilongwe|Chiseka|Mbuzi yamwana
Lilongwe|Chiseka|Mchayang'oma
Lilongwe|Chiseka|Mchembo
Lilongwe|Chiseka|Mchenza Estate
Lilongwe|Chiseka|Mcheuka
Lilongwe|Chiseka|Mchinjika
Lilongwe|Chiseka|Mchizanda
Lilongwe|Chiseka|Mdimba
Lilongwe|Chiseka|Mdzungwi
Lilongwe|Chiseka|Menya
Lilongwe|Chiseka|Mepezi
Lilongwe|Chiseka|Mesa
Lilongwe|Chiseka|Mgabiza
Lilongwe|Chiseka|Mgombe
Lilongwe|Chiseka|Michembo
Lilongwe|Chiseka|Mika
Lilongwe|Chiseka|Mikolo
Lilongwe|Chiseka|Mitima
Lilongwe|Chiseka|Mitundu
Lilongwe|Chiseka|Mitundu Estate
Lilongwe|Chiseka|Mitundu Trading Centre
Lilongwe|Chiseka|Miyanga Trading Centre
Lilongwe|Chiseka|Mjuzi
Lilongwe|Chiseka|Mkaka
Lilongwe|Chiseka|Mkalema
Lilongwe|Chiseka|Mkaliwafa
Lilongwe|Chiseka|Mkanda
Lilongwe|Chiseka|Mkangamila
Lilongwe|Chiseka|Mkangamila Trading Centre
Lilongwe|Chiseka|Mkapa
Lilongwe|Chiseka|Mkaundu
Lilongwe|Chiseka|Mkazomba
Lilongwe|Chiseka|Mkazomba Trading Centre
Lilongwe|Chiseka|Mkhala
Lilongwe|Chiseka|Mkhaladzulu
Lilongwe|Chiseka|Mkhaya
Lilongwe|Chiseka|Mkoko
Lilongwe|Chiseka|Mkokoto
Lilongwe|Chiseka|Mkombelo
Lilongwe|Chiseka|Mkondawanthu
Lilongwe|Chiseka|Mkowa
Lilongwe|Chiseka|Mkuka
Lilongwe|Chiseka|Mkulumimba
Lilongwe|Chiseka|Mkungula
Lilongwe|Chiseka|Mkungula I
Lilongwe|Chiseka|Mkungula II
Lilongwe|Chiseka|Mkunjeko
Lilongwe|Chiseka|Mkunkhutha
Lilongwe|Chiseka|Mkutamo
Lilongwe|Chiseka|Mkwezalamba
Lilongwe|Chiseka|Mkwichi
Lilongwe|Chiseka|Mkwinda
Lilongwe|Chiseka|Mkwinda Trading Centre
Lilongwe|Chiseka|Mlamba(Chipeni)
Lilongwe|Chiseka|Mlamba(Kango)
Lilongwe|Chiseka|Mlewa
Lilongwe|Chiseka|Mlinde
Lilongwe|Chiseka|Mliu
Lilongwe|Chiseka|Mlomba Trading Centre
Lilongwe|Chiseka|Mlombwa
Lilongwe|Chiseka|Mlomo
Lilongwe|Chiseka|Mlongoti
Lilongwe|Chiseka|Mnalisi
Lilongwe|Chiseka|Mngﾗna
Lilongwe|Chiseka|Mngunilo
Lilongwe|Chiseka|Mninga
Lilongwe|Chiseka|Mningo
Lilongwe|Chiseka|Mnjenura
Lilongwe|Chiseka|Mnkhako
Lilongwe|Chiseka|Mnolo
Lilongwe|Chiseka|Mnolowakunsi
Lilongwe|Chiseka|Mnubza
Lilongwe|Chiseka|Mnusu
Lilongwe|Chiseka|Mnyanga
Lilongwe|Chiseka|Mnyanja
Lilongwe|Chiseka|Mnyese
Lilongwe|Chiseka|Mofati
Lilongwe|Chiseka|Mologeni
Lilongwe|Chiseka|Mowa
Lilongwe|Chiseka|Mpani
Lilongwe|Chiseka|Mpemba Trading Centre
Lilongwe|Chiseka|Mpeniuwawa
Lilongwe|Chiseka|Mphalabungu
Lilongwe|Chiseka|Mphaleidyani
Lilongwe|Chiseka|Mphandamkoko
Lilongwe|Chiseka|Mphanje
Lilongwe|Chiseka|Mpherakuleza
Lilongwe|Chiseka|Mphonde
Lilongwe|Chiseka|Mphondolo
Lilongwe|Chiseka|Mphoyo
Lilongwe|Chiseka|Mphunzi
Lilongwe|Chiseka|Mpokunya
Lilongwe|Chiseka|Mpondachisa
Lilongwe|Chiseka|Msale
Lilongwe|Chiseka|Msamba Farm
Lilongwe|Chiseka|Msambo
Lilongwe|Chiseka|Msampha
Lilongwe|Chiseka|Mselela
Lilongwe|Chiseka|Msenga
Lilongwe|Chiseka|Msinja
Lilongwe|Chiseka|Msosola
Lilongwe|Chiseka|Msuru
Lilongwe|Chiseka|Mtali
Lilongwe|Chiseka|Mtamanja
Lilongwe|Chiseka|Mtande
Lilongwe|Chiseka|Mtanga
Lilongwe|Chiseka|Mtata
Lilongwe|Chiseka|Mtaya
Lilongwe|Chiseka|Mtembe
Lilongwe|Chiseka|Mtenje
Lilongwe|Chiseka|Mthangﾗmbe
Lilongwe|Chiseka|Mthenga
Lilongwe|Chiseka|Mtonda
Lilongwe|Chiseka|Mtosa
Lilongwe|Chiseka|Mtoza
Lilongwe|Chiseka|Mtsingo
Lilongwe|Chiseka|Mtsotsolo
Lilongwe|Chiseka|Mtukanika
Lilongwe|Chiseka|Mtukula
Lilongwe|Chiseka|Mtumodzi
Lilongwe|Chiseka|Mtuwasweka
Lilongwe|Chiseka|Mulinde
Lilongwe|Chiseka|Mumba
Lilongwe|Chiseka|Munyense
Lilongwe|Chiseka|Muwuzayani
Lilongwe|Chiseka|Mwachilala
Lilongwe|Chiseka|Mwadana
Lilongwe|Chiseka|Mwangala
Lilongwe|Chiseka|Mwenjele
Lilongwe|Chiseka|Mwinimudzi
Lilongwe|Chiseka|Mzapenya
Lilongwe|Chiseka|Mzinga
Lilongwe|Chiseka|Mziti
Lilongwe|Chiseka|Mzuze
Lilongwe|Chiseka|Namaguya
Lilongwe|Chiseka|Namkuza
Lilongwe|Chiseka|Nangei
Lilongwe|Chiseka|Nansenjere
Lilongwe|Chiseka|Naombamanja
Lilongwe|Chiseka|Ndaula
Lilongwe|Chiseka|Ndaula Trading Centre
Lilongwe|Chiseka|Ndayang'ombe
Lilongwe|Chiseka|Ndelema
Lilongwe|Chiseka|Ndelemani
Lilongwe|Chiseka|Ndemela
Lilongwe|Chiseka|Ndodo
Lilongwe|Chiseka|Ndono II
Lilongwe|Chiseka|Ndumila I
Lilongwe|Chiseka|Ndumila II
Lilongwe|Chiseka|Nduwaluwa
Lilongwe|Chiseka|Ngalande
Lilongwe|Chiseka|Ngalazuka
Lilongwe|Chiseka|Ngawa
Lilongwe|Chiseka|Ngﾗmbe
Lilongwe|Chiseka|Ngﾗmbe I
Lilongwe|Chiseka|Ng'ona
Lilongwe|Chiseka|Ngwanda
Lilongwe|Chiseka|Nisemphere
Lilongwe|Chiseka|Njaluzi
Lilongwe|Chiseka|Njanje
Lilongwe|Chiseka|Njati
Lilongwe|Chiseka|Njeza
Lilongwe|Chiseka|Njirayamanda
Lilongwe|Chiseka|Njirayamanga
Lilongwe|Chiseka|Njoka
Lilongwe|Chiseka|Njolo
Lilongwe|Chiseka|Nkaliwafa
Lilongwe|Chiseka|Nkhalamba yakondwa
Lilongwe|Chiseka|Nkhalasa
Lilongwe|Chiseka|Nkhamba
Lilongwe|Chiseka|Nkhambo
Lilongwe|Chiseka|Nkhanda
Lilongwe|Chiseka|Nkhasa
Lilongwe|Chiseka|Nkhulachulu
Lilongwe|Chiseka|Nkhumba
Lilongwe|Chiseka|Nkhwakwata
Lilongwe|Chiseka|nkhwewa
Lilongwe|Chiseka|Nkonalino
Lilongwe|Chiseka|Nkukuza
Lilongwe|Chiseka|Nkuwa
Lilongwe|Chiseka|Nsabwemanyazi
Lilongwe|Chiseka|Ntanga II
Lilongwe|Chiseka|Ntchontho
Lilongwe|Chiseka|Nthache
Lilongwe|Chiseka|Nthanga
Lilongwe|Chiseka|Nthenda
Lilongwe|Chiseka|Nthope
Lilongwe|Chiseka|Nthyothyo
Lilongwe|Chiseka|Ntondola
Lilongwe|Chiseka|Ntungwi
Lilongwe|Chiseka|Nyadani
Lilongwe|Chiseka|Nyale
Lilongwe|Chiseka|Nyanga
Lilongwe|Chiseka|Nyanja
Lilongwe|Chiseka|Nyonga
Lilongwe|Chiseka|Nyoni
Lilongwe|Chiseka|Nyundo
Lilongwe|Chiseka|Patsankhondo
Lilongwe|Chiseka|Pedangombe
Lilongwe|Chiseka|Pensulo
Lilongwe|Chiseka|Penye (Chisamba)
Lilongwe|Chiseka|Perekela
Lilongwe|Chiseka|Phalazi
Lilongwe|Chiseka|Phinifolo
Lilongwe|Chiseka|Pimbiri
Lilongwe|Chiseka|Poko
Lilongwe|Chiseka|Psyinjira
Lilongwe|Chiseka|Pundu
Lilongwe|Chiseka|Sabawo
Lilongwe|Chiseka|Sadalaki
Lilongwe|Chiseka|Sagawa
Lilongwe|Chiseka|Saimoni
Lilongwe|Chiseka|Sajeni
Lilongwe|Chiseka|Salima
Lilongwe|Chiseka|Sambani
Lilongwe|Chiseka|Sameta
Lilongwe|Chiseka|Samva
Lilongwe|Chiseka|Saulosi
Lilongwe|Chiseka|Sayineti
Lilongwe|Chiseka|Semphe
Lilongwe|Chiseka|Sevenia
Lilongwe|Chiseka|Shati
Lilongwe|Chiseka|Shawa
Lilongwe|Chiseka|Siliya
Lilongwe|Chiseka|Simalamba
Lilongwe|Chiseka|Simeoni
Lilongwe|Chiseka|Simioni
Lilongwe|Chiseka|Sinyala
Lilongwe|Chiseka|Sinyala Trading Centre
Lilongwe|Chiseka|Sitolo
Lilongwe|Chiseka|Songayabele
Lilongwe|Chiseka|Songwe
Lilongwe|Chiseka|Sonjo
Lilongwe|Chiseka|Suga
Lilongwe|Chiseka|Talekani
Lilongwe|Chiseka|Tambala
Lilongwe|Chiseka|Tandwe
Lilongwe|Chiseka|Tanga
Lilongwe|Chiseka|Tawe
Lilongwe|Chiseka|Tembwe
Lilongwe|Chiseka|Tenje
Lilongwe|Chiseka|Thako
Lilongwe|Chiseka|Thiba Trading Centre
Lilongwe|Chiseka|Thole
Lilongwe|Chiseka|Thungila
Lilongwe|Chiseka|Thuya
Lilongwe|Chiseka|Timalirana
Lilongwe|Chiseka|Timber Plantation Camp
Lilongwe|Chiseka|Timoti
Lilongwe|Chiseka|Timpuza
Lilongwe|Chiseka|Tsache
Lilongwe|Chiseka|Tsalakunja
Lilongwe|Chiseka|Tsangﾗma
Lilongwe|Chiseka|Tsekwere Estate
Lilongwe|Chiseka|Tsekwere Trading Centre
Lilongwe|Chiseka|Tumbwe
Lilongwe|Chiseka|Tundu
Lilongwe|Chiseka|Undi
Lilongwe|Chiseka|Ungwe
Lilongwe|Chiseka|Vulalo
Lilongwe|Chiseka|Waitala
Lilongwe|Chiseka|Waiti
Lilongwe|Chiseka|Walasa
Lilongwe|Chiseka|Wanda
Lilongwe|Chiseka|Wile
Lilongwe|Chiseka|Wintalamu
Lilongwe|Chiseka|Wiskapu
Lilongwe|Chiseka|Wizeman
Lilongwe|Chiseka|Yakobe
Lilongwe|Chiseka|Yalumba
Lilongwe|Chiseka|Yelesi
Lilongwe|Chiseka|Yemba
Lilongwe|Chiseka|Yete
Lilongwe|Chiseka|Yokoniya
Lilongwe|Chiseka|Yotamu
Lilongwe|Chiseka|Yowere
Lilongwe|Chiseka|Yoweri
Lilongwe|Chiseka|Zapheni
Lilongwe|Chiseka|Zikiele
Lilongwe|Chiseka|Zimva
Lilongwe|Chiseka|Ziyendelana
Lilongwe|Chiseka|Zungulira
Lilongwe|Chiseka|Zuwawo
Lilongwe|Chitekwere|Akumakoka
Lilongwe|Chitekwere|Bango
Lilongwe|Chitekwere|Bitiyele
Lilongwe|Chitekwere|Biwi
Lilongwe|Chitekwere|Biwi  III Trading Centre
Lilongwe|Chitekwere|Biwi III
Lilongwe|Chitekwere|Bowa
Lilongwe|Chitekwere|Bwamkuku
Lilongwe|Chitekwere|Chabisa
Lilongwe|Chitekwere|Chabvukuta
Lilongwe|Chitekwere|Chadza
Lilongwe|Chitekwere|Chadza Trading Centre
Lilongwe|Chitekwere|Chagamba
Lilongwe|Chitekwere|Chagwira
Lilongwe|Chitekwere|Chaima
Lilongwe|Chitekwere|Chakwawa
Lilongwe|Chitekwere|Chambakata
Lilongwe|Chitekwere|Chamoto
Lilongwe|Chitekwere|Champitila
Lilongwe|Chitekwere|Changamire
Lilongwe|Chitekwere|Chankwa
Lilongwe|Chitekwere|Chao
Lilongwe|Chitekwere|Chapata
Lilongwe|Chitekwere|Chatambalala
Lilongwe|Chitekwere|Chatanga
Lilongwe|Chitekwere|Chatewa
Lilongwe|Chitekwere|Chawala
Lilongwe|Chitekwere|Chawo
Lilongwe|Chitekwere|Chawola
Lilongwe|Chitekwere|Chawuwa
Lilongwe|Chitekwere|Chembe
Lilongwe|Chitekwere|Chibweya
Lilongwe|Chitekwere|Chidangwe
Lilongwe|Chitekwere|Chidzanja
Lilongwe|Chitekwere|Chidzaye
Lilongwe|Chitekwere|Chidzuma
Lilongwe|Chitekwere|Chifumbi
Lilongwe|Chitekwere|Chigudu
Lilongwe|Chitekwere|Chigwenembe
Lilongwe|Chitekwere|Chikhwamba
Lilongwe|Chitekwere|Chikosa
Lilongwe|Chitekwere|Chikumba
Lilongwe|Chitekwere|Chikwamba
Lilongwe|Chitekwere|Chikwela
Lilongwe|Chitekwere|Chilala
Lilongwe|Chitekwere|Chilamba
Lilongwe|Chitekwere|Chilemba
Lilongwe|Chitekwere|Chilembwe
Lilongwe|Chitekwere|Chilibuno
Lilongwe|Chitekwere|Chilima
Lilongwe|Chitekwere|Chilu
Lilongwe|Chitekwere|Chiludzi
Lilongwe|Chitekwere|Chimaliza
Lilongwe|Chitekwere|Chimbalanga
Lilongwe|Chitekwere|Chimbalanga Trading Centre
Lilongwe|Chitekwere|Chimbowa
Lilongwe|Chitekwere|Chimphangu
Lilongwe|Chitekwere|Chimphezu
Lilongwe|Chitekwere|Chimpsya
Lilongwe|Chitekwere|Chimpsye
Lilongwe|Chitekwere|Chimpye
Lilongwe|Chitekwere|Chimuzu
Lilongwe|Chitekwere|Chimwaye
Lilongwe|Chitekwere|Chimzimu
Lilongwe|Chitekwere|Chindobvu
Lilongwe|Chitekwere|Chingondo
Lilongwe|Chitekwere|Chinguwochawuma
Lilongwe|Chitekwere|Chingwalu
Lilongwe|Chitekwere|Chinkhokwe
Lilongwe|Chitekwere|Chinkhowe
Lilongwe|Chitekwere|Chinyama
Lilongwe|Chitekwere|Chionongera
Lilongwe|Chitekwere|Chiphukusi
Lilongwe|Chitekwere|Chipula
Lilongwe|Chitekwere|Chipwilo
Lilongwe|Chitekwere|Chipye
Lilongwe|Chitekwere|Chisembe
Lilongwe|Chitekwere|Chishango
Lilongwe|Chitekwere|Chitekwele
Lilongwe|Chitekwere|Chitekwele Trading Centre
Lilongwe|Chitekwere|Chitekwere
Lilongwe|Chitekwere|Chithambo
Lilongwe|Chitekwere|Chitukula Trading Centre
Lilongwe|Chitekwere|Chitukuta
Lilongwe|Chitekwere|Chitukwi
Lilongwe|Chitekwere|Chiutsa
Lilongwe|Chitekwere|Chiwala
Lilongwe|Chitekwere|Chiyendamata
Lilongwe|Chitekwere|Chizimba
Lilongwe|Chitekwere|Chizinga
Lilongwe|Chitekwere|Chobwe
Lilongwe|Chitekwere|Debwe
Lilongwe|Chitekwere|Denie
Lilongwe|Chitekwere|Dete
Lilongwe|Chitekwere|Dzidzi
Lilongwe|Chitekwere|Dzimba
Lilongwe|Chitekwere|Dzoole
Lilongwe|Chitekwere|Dzuwa
Lilongwe|Chitekwere|Enock
Lilongwe|Chitekwere|Fane
Lilongwe|Chitekwere|Filijohn
Lilongwe|Chitekwere|Gonile
Lilongwe|Chitekwere|Gonkhontha Wakuda
Lilongwe|Chitekwere|Gwengwe
Lilongwe|Chitekwere|Hackson
Lilongwe|Chitekwere|Kabvala
Lilongwe|Chitekwere|Kachala
Lilongwe|Chitekwere|Kachamba
Lilongwe|Chitekwere|Kacheleko
Lilongwe|Chitekwere|Kachelenga
Lilongwe|Chitekwere|Kachepa
Lilongwe|Chitekwere|Kachigunda
Lilongwe|Chitekwere|Kachikuni
Lilongwe|Chitekwere|Kachingwe
Lilongwe|Chitekwere|Kachitsa
Lilongwe|Chitekwere|Kadula
Lilongwe|Chitekwere|Kadyalunda
Lilongwe|Chitekwere|Kadzidzi
Lilongwe|Chitekwere|Kagona
Lilongwe|Chitekwere|Kaguka
Lilongwe|Chitekwere|Kainja
Lilongwe|Chitekwere|Kalamizu
Lilongwe|Chitekwere|Kalinde
Lilongwe|Chitekwere|Kalino
Lilongwe|Chitekwere|Kalonga
Lilongwe|Chitekwere|Kalowenya
Lilongwe|Chitekwere|Kaluwanya
Lilongwe|Chitekwere|Kamaganga
Lilongwe|Chitekwere|Kamangadazi
Lilongwe|Chitekwere|Kambulire
Lilongwe|Chitekwere|Kambwebweta
Lilongwe|Chitekwere|Kamchewere
Lilongwe|Chitekwere|Kamgumbwe
Lilongwe|Chitekwere|Kamphandira
Lilongwe|Chitekwere|Kamphango
Lilongwe|Chitekwere|Kamphinda
Lilongwe|Chitekwere|Kangazani
Lilongwe|Chitekwere|Kaningile
Lilongwe|Chitekwere|Kanjoloma
Lilongwe|Chitekwere|Kankhuleni
Lilongwe|Chitekwere|Kankhumbwa
Lilongwe|Chitekwere|Kanongwa
Lilongwe|Chitekwere|Kanyenda
Lilongwe|Chitekwere|Kapanda
Lilongwe|Chitekwere|Kapepeya
Lilongwe|Chitekwere|Kapesa
Lilongwe|Chitekwere|Kaphande
Lilongwe|Chitekwere|Kaphiri
Lilongwe|Chitekwere|Kasalika
Lilongwe|Chitekwere|Kasese
Lilongwe|Chitekwere|Kasisi
Lilongwe|Chitekwere|Kasonda
Lilongwe|Chitekwere|Kataeni
Lilongwe|Chitekwere|Katambo
Lilongwe|Chitekwere|Katsiliza
Lilongwe|Chitekwere|Katsobola
Lilongwe|Chitekwere|Katsuntha
Lilongwe|Chitekwere|Katukusa
Lilongwe|Chitekwere|Kavala
Lilongwe|Chitekwere|Kawale
Lilongwe|Chitekwere|Kazengele
Lilongwe|Chitekwere|Kazonde
Lilongwe|Chitekwere|Khokhwa
Lilongwe|Chitekwere|Khombe
Lilongwe|Chitekwere|Khudzu
Lilongwe|Chitekwere|Khute
Lilongwe|Chitekwere|Khuthe
Lilongwe|Chitekwere|Khuwi
Lilongwe|Chitekwere|Khuwi Trading Centre
Lilongwe|Chitekwere|Kubwinja
Lilongwe|Chitekwere|Kuku
Lilongwe|Chitekwere|Kulima
Lilongwe|Chitekwere|Kumchakama
Lilongwe|Chitekwere|Kumisozi
Lilongwe|Chitekwere|Kumtamula
Lilongwe|Chitekwere|Kumwala
Lilongwe|Chitekwere|Kumzinda
Lilongwe|Chitekwere|Kuntona
Lilongwe|Chitekwere|Kusanga
Lilongwe|Chitekwere|Kuukwe
Lilongwe|Chitekwere|Kuwakuwa
Lilongwe|Chitekwere|Kwanjana
Lilongwe|Chitekwere|Kwanji
Lilongwe|Chitekwere|Lemoni
Lilongwe|Chitekwere|Lubeni
Lilongwe|Chitekwere|Lumbe
Lilongwe|Chitekwere|Lundu
Lilongwe|Chitekwere|Machilika
Lilongwe|Chitekwere|Madengele
Lilongwe|Chitekwere|Makokola
Lilongwe|Chitekwere|Makutumula
Lilongwe|Chitekwere|Makwelela
Lilongwe|Chitekwere|Makwenda
Lilongwe|Chitekwere|Malenga
Lilongwe|Chitekwere|Malenzi
Lilongwe|Chitekwere|Malindi Trading Centre
Lilongwe|Chitekwere|Malubya
Lilongwe|Chitekwere|Malunda
Lilongwe|Chitekwere|Maluza
Lilongwe|Chitekwere|Mandowa
Lilongwe|Chitekwere|Mankhambo
Lilongwe|Chitekwere|Mapiko
Lilongwe|Chitekwere|Masinja
Lilongwe|Chitekwere|Masinya
Lilongwe|Chitekwere|Masitara
Lilongwe|Chitekwere|Masula
Lilongwe|Chitekwere|Masula Kumusi
Lilongwe|Chitekwere|Masula Kuphiri
Lilongwe|Chitekwere|Masula Trading Centre
Lilongwe|Chitekwere|Matafale
Lilongwe|Chitekwere|Matakoatuwa
Lilongwe|Chitekwere|Matama
Lilongwe|Chitekwere|Matima
Lilongwe|Chitekwere|Mavule
Lilongwe|Chitekwere|Mawera
Lilongwe|Chitekwere|Mayewakunsi
Lilongwe|Chitekwere|Mazanga
Lilongwe|Chitekwere|Mazengera
Lilongwe|Chitekwere|Mbala
Lilongwe|Chitekwere|Mbalanguzi
Lilongwe|Chitekwere|Mbawa
Lilongwe|Chitekwere|Mchepa
Lilongwe|Chitekwere|Mchunduza
Lilongwe|Chitekwere|Mdakira
Lilongwe|Chitekwere|Mdimba
Lilongwe|Chitekwere|Mdola
Lilongwe|Chitekwere|Mdondo
Lilongwe|Chitekwere|Mdyanyama
Lilongwe|Chitekwere|Mewa
Lilongwe|Chitekwere|Mgawi
Lilongwe|Chitekwere|Mgololo
Lilongwe|Chitekwere|Mgombe
Lilongwe|Chitekwere|Mgona
Lilongwe|Chitekwere|Mgonera (Kagona)
Lilongwe|Chitekwere|Mgunda
Lilongwe|Chitekwere|Mgwede
Lilongwe|Chitekwere|Mhanga
Lilongwe|Chitekwere|Michembo
Lilongwe|Chitekwere|Mkango
Lilongwe|Chitekwere|Mkanthama
Lilongwe|Chitekwere|Mkata I
Lilongwe|Chitekwere|Mkata II
Lilongwe|Chitekwere|Mkaundu
Lilongwe|Chitekwere|Mkulenga
Lilongwe|Chitekwere|Mkwela
Lilongwe|Chitekwere|Mlamba
Lilongwe|Chitekwere|Mlili
Lilongwe|Chitekwere|Mlima
Lilongwe|Chitekwere|Mlinga
Lilongwe|Chitekwere|Mlongoti
Lilongwe|Chitekwere|Mndakila
Lilongwe|Chitekwere|Mnesi
Lilongwe|Chitekwere|Mnomo
Lilongwe|Chitekwere|M'nondola
Lilongwe|Chitekwere|Mnyanga
Lilongwe|Chitekwere|Mpango
Lilongwe|Chitekwere|Mpeya
Lilongwe|Chitekwere|Mpeya Trading Centre
Lilongwe|Chitekwere|Mphamba
Lilongwe|Chitekwere|Mphangwa
Lilongwe|Chitekwere|Mphangwe
Lilongwe|Chitekwere|Mphanza
Lilongwe|Chitekwere|Mphasi
Lilongwe|Chitekwere|Mphidzi
Lilongwe|Chitekwere|Mphidzi Trading Centre
Lilongwe|Chitekwere|Mphonde
Lilongwe|Chitekwere|Mphunzi
Lilongwe|Chitekwere|Mphwenga
Lilongwe|Chitekwere|Mpinganjira
Lilongwe|Chitekwere|Mponda
Lilongwe|Chitekwere|Mposa
Lilongwe|Chitekwere|Msambila
Lilongwe|Chitekwere|Msampha
Lilongwe|Chitekwere|Msampha Kabwinya
Lilongwe|Chitekwere|Msanyama
Lilongwe|Chitekwere|Msonga
Lilongwe|Chitekwere|Msunduza
Lilongwe|Chitekwere|Mtabwa
Lilongwe|Chitekwere|Mthambala
Lilongwe|Chitekwere|Mtheba
Lilongwe|Chitekwere|Mulenga
Lilongwe|Chitekwere|Mulunga Manja
Lilongwe|Chitekwere|Muwula
Lilongwe|Chitekwere|Mvunguti
Lilongwe|Chitekwere|Mwachilala
Lilongwe|Chitekwere|Mwalabu
Lilongwe|Chitekwere|Mwanja
Lilongwe|Chitekwere|Mwansambo
Lilongwe|Chitekwere|Mwanza (Chadika)
Lilongwe|Chitekwere|Mwase
Lilongwe|Chitekwere|Mwinimudzi
Lilongwe|Chitekwere|Mzinga
Lilongwe|Chitekwere|Mzingo
Lilongwe|Chitekwere|Mziyitsa
Lilongwe|Chitekwere|Nachikunga
Lilongwe|Chitekwere|Nakumba
Lilongwe|Chitekwere|Nambaya
Lilongwe|Chitekwere|Namilaza
Lilongwe|Chitekwere|Nankumba
Lilongwe|Chitekwere|Nankuza
Lilongwe|Chitekwere|Nasenjere
Lilongwe|Chitekwere|Ndakila
Lilongwe|Chitekwere|Ndemera
Lilongwe|Chitekwere|Ndevu
Lilongwe|Chitekwere|Ndingo
Lilongwe|Chitekwere|N'ganjo
Lilongwe|Chitekwere|Ngoko
Lilongwe|Chitekwere|Ngulube
Lilongwe|Chitekwere|Njiwa
Lilongwe|Chitekwere|Nkhombe
Lilongwe|Chitekwere|Nkhonde
Lilongwe|Chitekwere|Nkhondoyachepa
Lilongwe|Chitekwere|Nkhosa
Lilongwe|Chitekwere|Nkhwali
Lilongwe|Chitekwere|Ntenje
Lilongwe|Chitekwere|Nyama
Lilongwe|Chitekwere|Nyamayakunsewu
Lilongwe|Chitekwere|Nyamayakusanga
Lilongwe|Chitekwere|Nyamayakuseli
Lilongwe|Chitekwere|Nyamayowamba
Lilongwe|Chitekwere|Nyemba
Lilongwe|Chitekwere|Pilala
Lilongwe|Chitekwere|Sabathini
Lilongwe|Chitekwere|Sache
Lilongwe|Chitekwere|Sadzu
Lilongwe|Chitekwere|Sagawa
Lilongwe|Chitekwere|Salimo
Lilongwe|Chitekwere|Sangambe
Lilongwe|Chitekwere|Seketeni
Lilongwe|Chitekwere|Sikechi
Lilongwe|Chitekwere|Sikedi
Lilongwe|Chitekwere|Simalambo
Lilongwe|Chitekwere|Sitima
Lilongwe|Chitekwere|Tchemba
Lilongwe|Chitekwere|Tembwe
Lilongwe|Chitekwere|Thengo
Lilongwe|Chitekwere|Thunga
Lilongwe|Chitekwere|Tsalije
Lilongwe|Chitekwere|Tsibwi
Lilongwe|Chitekwere|Tsinkha
Lilongwe|Chitekwere|Tsitsi
Lilongwe|Chitekwere|Tsoyo
Lilongwe|Chitekwere|Undi
Lilongwe|Chitekwere|Zembeni
Lilongwe|Chitekwere|Zigwesa
Lilongwe|Chitekwere|Zikiyele
Lilongwe|Chitekwere|Zukwa
Lilongwe|Kalolo|Awezi Trading Centre
Lilongwe|Kalolo|Bandawe
Lilongwe|Kalolo|Bandawe Mchaza
Lilongwe|Kalolo|Bizedi
Lilongwe|Kalolo|Buduke
Lilongwe|Kalolo|Butawo
Lilongwe|Kalolo|Bwemba
Lilongwe|Kalolo|Chadza
Lilongwe|Kalolo|Chafuta
Lilongwe|Kalolo|Chagama
Lilongwe|Kalolo|Chakhutamadzi
Lilongwe|Kalolo|Chakudza
Lilongwe|Kalolo|Chakumbutsa
Lilongwe|Kalolo|Chakuzamutu
Lilongwe|Kalolo|Chakwera
Lilongwe|Kalolo|Chalemba
Lilongwe|Kalolo|Chalimba
Lilongwe|Kalolo|Chalusa
Lilongwe|Kalolo|Chamkondo
Lilongwe|Kalolo|Chamoto
Lilongwe|Kalolo|Chamsanda
Lilongwe|Kalolo|Chaomba
Lilongwe|Kalolo|Chaponda
Lilongwe|Kalolo|Chapota
Lilongwe|Kalolo|Chathewa
Lilongwe|Kalolo|Chatimba
Lilongwe|Kalolo|Chatsa
Lilongwe|Kalolo|Chawala
Lilongwe|Kalolo|Chawantha
Lilongwe|Kalolo|Chawantha Trading Centre
Lilongwe|Kalolo|Chawola
Lilongwe|Kalolo|Chibungo
Lilongwe|Kalolo|Chibungo Trading Centre
Lilongwe|Kalolo|Chibuthu
Lilongwe|Kalolo|Chibweza
Lilongwe|Kalolo|Chicha
Lilongwe|Kalolo|Chidya
Lilongwe|Kalolo|Chidzula
Lilongwe|Kalolo|Chifuka
Lilongwe|Kalolo|Chigugu
Lilongwe|Kalolo|Chigwasa
Lilongwe|Kalolo|Chiipila
Lilongwe|Kalolo|Chiipira Kakoma
Lilongwe|Kalolo|Chikalipo
Lilongwe|Kalolo|Chikankheni
Lilongwe|Kalolo|Chikata
Lilongwe|Kalolo|Chikhudzulire
Lilongwe|Kalolo|Chikhutu
Lilongwe|Kalolo|Chikowela
Lilongwe|Kalolo|Chikudzulire
Lilongwe|Kalolo|Chikunga
Lilongwe|Kalolo|Chikusa
Lilongwe|Kalolo|Chikwata
Lilongwe|Kalolo|Chila
Lilongwe|Kalolo|Chileka Trading Centre
Lilongwe|Kalolo|Chiliko
Lilongwe|Kalolo|Chilima
Lilongwe|Kalolo|Chilowa
Lilongwe|Kalolo|Chilowe
Lilongwe|Kalolo|Chimangamsasa
Lilongwe|Kalolo|Chimbwala
Lilongwe|Kalolo|Chimdidi
Lilongwe|Kalolo|Chimkowelo
Lilongwe|Kalolo|Chimkuyu
Lilongwe|Kalolo|Chimombo
Lilongwe|Kalolo|Chimongo
Lilongwe|Kalolo|Chimono
Lilongwe|Kalolo|Chimphangu
Lilongwe|Kalolo|Chimphaninji
Lilongwe|Kalolo|Chimpumphila
Lilongwe|Kalolo|Chimsolo
Lilongwe|Kalolo|Chimtawila
Lilongwe|Kalolo|Chimwala
Lilongwe|Kalolo|Chimwaza
Lilongwe|Kalolo|Ching'ona
Lilongwe|Kalolo|Chingondo
Lilongwe|Kalolo|Chingondo I
Lilongwe|Kalolo|Chingwakwa
Lilongwe|Kalolo|Chinjoka
Lilongwe|Kalolo|Chinkhunda Kaondo
Lilongwe|Kalolo|Chinkhunda Mkwanila
Lilongwe|Kalolo|Chinsikwa
Lilongwe|Kalolo|Chinsinde
Lilongwe|Kalolo|Chintawa
Lilongwe|Kalolo|Chinthambo
Lilongwe|Kalolo|Chipakapaka
Lilongwe|Kalolo|Chipalamamba
Lilongwe|Kalolo|Chipanga
Lilongwe|Kalolo|Chipeni
Lilongwe|Kalolo|Chiphwanya
Lilongwe|Kalolo|Chiponda
Lilongwe|Kalolo|Chiposhongo
Lilongwe|Kalolo|Chipukwa
Lilongwe|Kalolo|Chipumi
Lilongwe|Kalolo|Chisaka
Lilongwe|Kalolo|Chisaka Trading Centre
Lilongwe|Kalolo|Chisindo
Lilongwe|Kalolo|Chithangire
Lilongwe|Kalolo|Chithyola
Lilongwe|Kalolo|Chituwi
Lilongwe|Kalolo|Chituwi II
Lilongwe|Kalolo|Chiunjila
Lilongwe|Kalolo|Chiwambo
Lilongwe|Kalolo|Chiwete
Lilongwe|Kalolo|Chizala
Lilongwe|Kalolo|Chiziko
Lilongwe|Kalolo|Dama
Lilongwe|Kalolo|Dambo
Lilongwe|Kalolo|Dovu
Lilongwe|Kalolo|Dyuku
Lilongwe|Kalolo|Dzalanyama Forest Camp
Lilongwe|Kalolo|Dzama
Lilongwe|Kalolo|Dzama Trading Centre
Lilongwe|Kalolo|Dzinja
Lilongwe|Kalolo|Dzoole
Lilongwe|Kalolo|Dzuluwanda
Lilongwe|Kalolo|Eliya
Lilongwe|Kalolo|February
Lilongwe|Kalolo|Felankhope
Lilongwe|Kalolo|Fisi
Lilongwe|Kalolo|Folomani
Lilongwe|Kalolo|Gilini
Lilongwe|Kalolo|Goliyati
Lilongwe|Kalolo|Gombe
Lilongwe|Kalolo|Gome
Lilongwe|Kalolo|Gontha
Lilongwe|Kalolo|Guliguli
Lilongwe|Kalolo|Gundatengo
Lilongwe|Kalolo|Gundula
Lilongwe|Kalolo|Gwani
Lilongwe|Kalolo|Impala Estate
Lilongwe|Kalolo|Jabesi
Lilongwe|Kalolo|Jaledi
Lilongwe|Kalolo|Jaloni
Lilongwe|Kalolo|January
Lilongwe|Kalolo|Jeke
Lilongwe|Kalolo|Jelemani
Lilongwe|Kalolo|Jere
Lilongwe|Kalolo|Jolamu
Lilongwe|Kalolo|Jolofani
Lilongwe|Kalolo|Josafina
Lilongwe|Kalolo|Kabala
Lilongwe|Kalolo|Kabungwe
Lilongwe|Kalolo|Kabwana
Lilongwe|Kalolo|Kabyalira
Lilongwe|Kalolo|Kachawa Estate
Lilongwe|Kalolo|Kachawa Estate II
Lilongwe|Kalolo|Kachedwa
Lilongwe|Kalolo|Kachele
Lilongwe|Kalolo|Kachete
Lilongwe|Kalolo|Kachiguya
Lilongwe|Kalolo|Kachila
Lilongwe|Kalolo|Kachingwe
Lilongwe|Kalolo|Kachitini
Lilongwe|Kalolo|Kachitseko
Lilongwe|Kalolo|Kadyankhondo
Lilongwe|Kalolo|Kadyaudzu
Lilongwe|Kalolo|Kadzani
Lilongwe|Kalolo|Kafunde
Lilongwe|Kalolo|Kagona
Lilongwe|Kalolo|Kalata
Lilongwe|Kalolo|Kalazi
Lilongwe|Kalolo|Kalindang'oma
Lilongwe|Kalolo|Kalolo
Lilongwe|Kalolo|Kalonga
Lilongwe|Kalolo|Kalusa
Lilongwe|Kalolo|Kamangafumbi
Lilongwe|Kalolo|Kamangira
Lilongwe|Kalolo|Kamatila
Lilongwe|Kalolo|Kambafodya
Lilongwe|Kalolo|Kamkuwe
Lilongwe|Kalolo|Kamkwete
Lilongwe|Kalolo|Kampala
Lilongwe|Kalolo|Kampaundi
Lilongwe|Kalolo|Kamtsalira
Lilongwe|Kalolo|Kamuloza
Lilongwe|Kalolo|Kamwana
Lilongwe|Kalolo|Kanchile
Lilongwe|Kalolo|Kandaya
Lilongwe|Kalolo|Kango
Lilongwe|Kalolo|Kangulu
Lilongwe|Kalolo|Kanjawala
Lilongwe|Kalolo|Kanjipiti
Lilongwe|Kalolo|Kanjira
Lilongwe|Kalolo|Kansengwa
Lilongwe|Kalolo|Kanyama
Lilongwe|Kalolo|Kanyambwe
Lilongwe|Kalolo|Kanyang'wa
Lilongwe|Kalolo|Kanyumbu
Lilongwe|Kalolo|Kapapa
Lilongwe|Kalolo|Kaphesi
Lilongwe|Kalolo|Kaphila
Lilongwe|Kalolo|Kaphwiyo
Lilongwe|Kalolo|Kapita
Lilongwe|Kalolo|Kaponda
Lilongwe|Kalolo|Kapondanjoka
Lilongwe|Kalolo|Kapudzama
Lilongwe|Kalolo|Kapunula
Lilongwe|Kalolo|Kasanja
Lilongwe|Kalolo|Kasenza
Lilongwe|Kalolo|Kasito
Lilongwe|Kalolo|Katakungwa
Lilongwe|Kalolo|Katambala
Lilongwe|Kalolo|Kathumba
Lilongwe|Kalolo|Katimba
Lilongwe|Kalolo|Katupi
Lilongwe|Kalolo|Kawawa
Lilongwe|Kalolo|Kaya
Lilongwe|Kalolo|Kayange
Lilongwe|Kalolo|Kayembe
Lilongwe|Kalolo|Khanda
Lilongwe|Kalolo|Khokho
Lilongwe|Kalolo|Khombe
Lilongwe|Kalolo|Khoswe
Lilongwe|Kalolo|Khudu
Lilongwe|Kalolo|Khuntha
Lilongwe|Kalolo|Khutankumange
Lilongwe|Kalolo|Khwamba
Lilongwe|Kalolo|Konkhomola
Lilongwe|Kalolo|Kukatondo
Lilongwe|Kalolo|Kumaula
Lilongwe|Kalolo|Kumsongwe
Lilongwe|Kalolo|Kumtsizi
Lilongwe|Kalolo|Kuwani
Lilongwe|Kalolo|Kwenje
Lilongwe|Kalolo|Kwindanguwo
Lilongwe|Kalolo|Laudani
Lilongwe|Kalolo|Layimu
Lilongwe|Kalolo|Lemoni
Lilongwe|Kalolo|Lemwe
Lilongwe|Kalolo|Lemwe Trading Centre
Lilongwe|Kalolo|Likanga
Lilongwe|Kalolo|Likongwe
Lilongwe|Kalolo|Lundu
Lilongwe|Kalolo|Lusha
Lilongwe|Kalolo|Luwinga
Lilongwe|Kalolo|Madzi
Lilongwe|Kalolo|Mafupa
Lilongwe|Kalolo|Mafuta
Lilongwe|Kalolo|Magalasi
Lilongwe|Kalolo|Magombani
Lilongwe|Kalolo|Makala
Lilongwe|Kalolo|Makanga
Lilongwe|Kalolo|Makobola
Lilongwe|Kalolo|Makolola
Lilongwe|Kalolo|Malemia
Lilongwe|Kalolo|Malenya
Lilongwe|Kalolo|Malikebu
Lilongwe|Kalolo|Malingamawa
Lilongwe|Kalolo|Maliwa
Lilongwe|Kalolo|Maliyana
Lilongwe|Kalolo|Malowa Estate
Lilongwe|Kalolo|Malumbila
Lilongwe|Kalolo|Mandala
Lilongwe|Kalolo|Mandevu
Lilongwe|Kalolo|Mangochi
Lilongwe|Kalolo|Manijala
Lilongwe|Kalolo|Manjawira
Lilongwe|Kalolo|Manyasa
Lilongwe|Kalolo|Mapira
Lilongwe|Kalolo|Masekese
Lilongwe|Kalolo|Masula
Lilongwe|Kalolo|Masumba
Lilongwe|Kalolo|Matanga
Lilongwe|Kalolo|Matekwe
Lilongwe|Kalolo|Matenje
Lilongwe|Kalolo|Matunduluzi
Lilongwe|Kalolo|Mbang'ombe
Lilongwe|Kalolo|M'bano
Lilongwe|Kalolo|Mbelenga
Lilongwe|Kalolo|Mbelengo
Lilongwe|Kalolo|M'bvuto
Lilongwe|Kalolo|Mchambo
Lilongwe|Kalolo|Mchawa
Lilongwe|Kalolo|Mchepa
Lilongwe|Kalolo|Mchepela
Lilongwe|Kalolo|Mchiliko
Lilongwe|Kalolo|Mdabwi
Lilongwe|Kalolo|Mdamvayani
Lilongwe|Kalolo|Mdondwe
Lilongwe|Kalolo|Mdzoole
Lilongwe|Kalolo|Mfuti
Lilongwe|Kalolo|Mgulula
Lilongwe|Kalolo|Migodi
Lilongwe|Kalolo|Mizati
Lilongwe|Kalolo|Mjande
Lilongwe|Kalolo|Mkaliwafa
Lilongwe|Kalolo|Mkanda
Lilongwe|Kalolo|Mkanthu
Lilongwe|Kalolo|Mkoko
Lilongwe|Kalolo|Mkoloweka
Lilongwe|Kalolo|Mkumba
Lilongwe|Kalolo|Mkuwamba
Lilongwe|Kalolo|Mkuwila
Lilongwe|Kalolo|Mkuwila Trading Centre
Lilongwe|Kalolo|Mlinga
Lilongwe|Kalolo|Mliu
Lilongwe|Kalolo|Mlizati
Lilongwe|Kalolo|Mndala
Lilongwe|Kalolo|Mndinga
Lilongwe|Kalolo|Mndolilo
Lilongwe|Kalolo|Mneku
Lilongwe|Kalolo|Mng'ongo Trading Centre
Lilongwe|Kalolo|Mngongonda
Lilongwe|Kalolo|Mnjemu
Lilongwe|Kalolo|Mnjeza
Lilongwe|Kalolo|Mnkhaka
Lilongwe|Kalolo|Mnkhonje
Lilongwe|Kalolo|Mnkhozomba
Lilongwe|Kalolo|Mnkutuwa
Lilongwe|Kalolo|Mnyanja
Lilongwe|Kalolo|Mondwe
Lilongwe|Kalolo|Moses
Lilongwe|Kalolo|Moses(Madetsa)
Lilongwe|Kalolo|Mpakiza
Lilongwe|Kalolo|Mpama
Lilongwe|Kalolo|Mpanda
Lilongwe|Kalolo|Mphamba
Lilongwe|Kalolo|Mphandula
Lilongwe|Kalolo|Mphenzi
Lilongwe|Kalolo|Mphoyo
Lilongwe|Kalolo|Mphunda
Lilongwe|Kalolo|Mpingo
Lilongwe|Kalolo|Msampha
Lilongwe|Kalolo|Msangwa
Lilongwe|Kalolo|Msangwa Estate
Lilongwe|Kalolo|Msanyama
Lilongwe|Kalolo|Mseru
Lilongwe|Kalolo|Msichi
Lilongwe|Kalolo|Msipu
Lilongwe|Kalolo|Msokoneza
Lilongwe|Kalolo|Msomphoka
Lilongwe|Kalolo|Msongole
Lilongwe|Kalolo|Msonkhera
Lilongwe|Kalolo|Msundwe
Lilongwe|Kalolo|Msundwe Trading Centre
Lilongwe|Kalolo|Msunza
Lilongwe|Kalolo|Mtali
Lilongwe|Kalolo|Mtambe
Lilongwe|Kalolo|Mtapa
Lilongwe|Kalolo|Mtema
Lilongwe|Kalolo|Mtembe
Lilongwe|Kalolo|Mtete Estate
Lilongwe|Kalolo|Mthunzi
Lilongwe|Kalolo|Mtika
Lilongwe|Kalolo|Mtiwe
Lilongwe|Kalolo|Mtolongo
Lilongwe|Kalolo|Mtondo
Lilongwe|Kalolo|Mtongola
Lilongwe|Kalolo|Mtoso
Lilongwe|Kalolo|Muuzayani
Lilongwe|Kalolo|Muwanga Estate
Lilongwe|Kalolo|Muwelengano
Lilongwe|Kalolo|Muyala
Lilongwe|Kalolo|Mvala
Lilongwe|Kalolo|Mwajuma
Lilongwe|Kalolo|Mwanda
Lilongwe|Kalolo|Mwandauka
Lilongwe|Kalolo|Mwanza
Lilongwe|Kalolo|Mwase
Lilongwe|Kalolo|Mwase Trading Centre
Lilongwe|Kalolo|Mzindo
Lilongwe|Kalolo|Mzingeni
Lilongwe|Kalolo|Mzokoto
Lilongwe|Kalolo|Mzonde
Lilongwe|Kalolo|Nachiwombe
Lilongwe|Kalolo|Namitete Estate
Lilongwe|Kalolo|Namitete Trading Centre
Lilongwe|Kalolo|NamiteteTrading Centre
Lilongwe|Kalolo|Namitondo Trading Centre
Lilongwe|Kalolo|Nathando
Lilongwe|Kalolo|Ndamvayani
Lilongwe|Kalolo|Ndapata
Lilongwe|Kalolo|Ndapata II
Lilongwe|Kalolo|Ndaule
Lilongwe|Kalolo|Ndebvu
Lilongwe|Kalolo|Ndevu
Lilongwe|Kalolo|Nene
Lilongwe|Kalolo|Ngombengo
Lilongwe|Kalolo|Njelesa
Lilongwe|Kalolo|Njoka
Lilongwe|Kalolo|Nkhata
Lilongwe|Kalolo|Nkhozomba
Lilongwe|Kalolo|Nkhungulu
Lilongwe|Kalolo|Nkhwambala
Lilongwe|Kalolo|Nkhwangwa
Lilongwe|Kalolo|Nkhwangwi
Lilongwe|Kalolo|Nsetezani
Lilongwe|Kalolo|Ntchentche
Lilongwe|Kalolo|Ntchisi
Lilongwe|Kalolo|Nthondo
Lilongwe|Kalolo|Nthyothyo
Lilongwe|Kalolo|Nyanda
Lilongwe|Kalolo|Nyangulu
Lilongwe|Kalolo|Nyanja Trading Centre
Lilongwe|Kalolo|Nyemba
Lilongwe|Kalolo|Nyozwe
Lilongwe|Kalolo|Ositeni
Lilongwe|Kalolo|Palimtima
Lilongwe|Kalolo|Patsamphandu
Lilongwe|Kalolo|Patsankhwa
Lilongwe|Kalolo|Phale
Lilongwe|Kalolo|Phewa
Lilongwe|Kalolo|Phulamazira
Lilongwe|Kalolo|Samuti
Lilongwe|Kalolo|Sani
Lilongwe|Kalolo|Sankhulani
Lilongwe|Kalolo|Santhe
Lilongwe|Kalolo|Santhe Trading Centre
Lilongwe|Kalolo|Sekelani
Lilongwe|Kalolo|Semu
Lilongwe|Kalolo|Shangula
Lilongwe|Kalolo|Shumba
Lilongwe|Kalolo|Sichonga
Lilongwe|Kalolo|Sinoya
Lilongwe|Kalolo|Sinumbe
Lilongwe|Kalolo|Sinumbe Trading Centre
Lilongwe|Kalolo|Sosola
Lilongwe|Kalolo|Takondwa
Lilongwe|Kalolo|Tangozala
Lilongwe|Kalolo|Tokole Estate
Lilongwe|Kalolo|Tsabango
Lilongwe|Kalolo|Tsinkha
Lilongwe|Kalolo|Vwala
Lilongwe|Kalolo|William
Lilongwe|Kalolo|Wonga
Lilongwe|Kalolo|Yuda
Lilongwe|Kalolo|Zakaliya
Lilongwe|Kalolo|Zambo
Lilongwe|Kalolo|Zikaonga
Lilongwe|Khongoni|Balaleka
Lilongwe|Khongoni|Bisayi
Lilongwe|Khongoni|Bondo
Lilongwe|Khongoni|Bonongwe
Lilongwe|Khongoni|Bvizimbi
Lilongwe|Khongoni|Bzalani
Lilongwe|Khongoni|Chadaka
Lilongwe|Khongoni|Chadza
Lilongwe|Khongoni|Chaipa
Lilongwe|Khongoni|Chalonga
Lilongwe|Khongoni|Chambala
Lilongwe|Khongoni|Chambalu
Lilongwe|Khongoni|Champhula
Lilongwe|Khongoni|Chandale
Lilongwe|Khongoni|Chapata
Lilongwe|Khongoni|Chapemba
Lilongwe|Khongoni|Chapita
Lilongwe|Khongoni|Chateka
Lilongwe|Khongoni|Chatonda
Lilongwe|Khongoni|Chavungachemba
Lilongwe|Khongoni|Chembe
Lilongwe|Khongoni|Chibondo
Lilongwe|Khongoni|Chibvina
Lilongwe|Khongoni|Chibwalo
Lilongwe|Khongoni|Chichitike
Lilongwe|Khongoni|Chifaya Estate
Lilongwe|Khongoni|Chigowo
Lilongwe|Khongoni|Chigumula
Lilongwe|Khongoni|Chikafa
Lilongwe|Khongoni|Chikakula
Lilongwe|Khongoni|Chikunkhulira
Lilongwe|Khongoni|Chikweteza
Lilongwe|Khongoni|Chilaka
Lilongwe|Khongoni|Chilalo
Lilongwe|Khongoni|Chilemba
Lilongwe|Khongoni|Chilembwe
Lilongwe|Khongoni|Chilowa
Lilongwe|Khongoni|Chilufu
Lilongwe|Khongoni|Chimbale
Lilongwe|Khongoni|Chimimba
Lilongwe|Khongoni|Chimnofu
Lilongwe|Khongoni|Chimphepo
Lilongwe|Khongoni|Chimtolo
Lilongwe|Khongoni|Chimwendo
Lilongwe|Khongoni|Chingamba
Lilongwe|Khongoni|Chingamba Estate
Lilongwe|Khongoni|Chingamba Trading Centre
Lilongwe|Khongoni|Chinkhuli
Lilongwe|Khongoni|Chinkhuta
Lilongwe|Khongoni|Chinthemba
Lilongwe|Khongoni|Chinyama
Lilongwe|Khongoni|Chipelesa
Lilongwe|Khongoni|Chipeni
Lilongwe|Khongoni|Chiphesi
Lilongwe|Khongoni|Chiphwanya
Lilongwe|Khongoni|Chiputu
Lilongwe|Khongoni|Chisumphi
Lilongwe|Khongoni|Chitete
Lilongwe|Khongoni|Chithowa
Lilongwe|Khongoni|Chitindi
Lilongwe|Khongoni|Chitseka
Lilongwe|Khongoni|Chitsiru
Lilongwe|Khongoni|Chiwoko
Lilongwe|Khongoni|Chiwoza
Lilongwe|Khongoni|Chiyani
Lilongwe|Khongoni|Chizumba
Lilongwe|Khongoni|Chola
Lilongwe|Khongoni|Chonde
Lilongwe|Khongoni|Daimoni
Lilongwe|Khongoni|Dembo
Lilongwe|Khongoni|Dick
Lilongwe|Khongoni|Dzuwa
Lilongwe|Khongoni|Galang'ombe
Lilongwe|Khongoni|Gobede
Lilongwe|Khongoni|Goliati
Lilongwe|Khongoni|Gomba
Lilongwe|Khongoni|Gulumba
Lilongwe|Khongoni|Gumulu
Lilongwe|Khongoni|Gwetse
Lilongwe|Khongoni|Gwireni
Lilongwe|Khongoni|Jafati
Lilongwe|Khongoni|Jevani
Lilongwe|Khongoni|Josamu
Lilongwe|Khongoni|Kabanga
Lilongwe|Khongoni|Kabondo
Lilongwe|Khongoni|Kachilikiza
Lilongwe|Khongoni|Kadyalu
Lilongwe|Khongoni|Kadzota
Lilongwe|Khongoni|Kakhuta
Lilongwe|Khongoni|Kakhwesi
Lilongwe|Khongoni|Kakoloweko
Lilongwe|Khongoni|Kalama
Lilongwe|Khongoni|Kalikwala
Lilongwe|Khongoni|Kalokwe Limbe Leaf Estate
Lilongwe|Khongoni|Kalonga
Lilongwe|Khongoni|Kalumbi
Lilongwe|Khongoni|Kalumbizira
Lilongwe|Khongoni|Kalumbwe
Lilongwe|Khongoni|Kamande
Lilongwe|Khongoni|Kamange
Lilongwe|Khongoni|Kambudzi
Lilongwe|Khongoni|Kambuyana
Lilongwe|Khongoni|Kamchira
Lilongwe|Khongoni|Kamkwamba
Lilongwe|Khongoni|Kampezeni
Lilongwe|Khongoni|Kamtengo
Lilongwe|Khongoni|Kamzimbi
Lilongwe|Khongoni|Kanchowa
Lilongwe|Khongoni|Kangala
Lilongwe|Khongoni|Kangunje
Lilongwe|Khongoni|Kanjanja
Lilongwe|Khongoni|Kanjeza
Lilongwe|Khongoni|Kanjeza II
Lilongwe|Khongoni|Kantande
Lilongwe|Khongoni|Kaodzera
Lilongwe|Khongoni|Kapangalika
Lilongwe|Khongoni|Kapazala
Lilongwe|Khongoni|Kapezi
Lilongwe|Khongoni|Kaphiri
Lilongwe|Khongoni|Kaphyitikiza
Lilongwe|Khongoni|Kapichi
Lilongwe|Khongoni|Kapindu
Lilongwe|Khongoni|Kapuzama
Lilongwe|Khongoni|Kapuzuma
Lilongwe|Khongoni|Kapuzuma  Trading Centre
Lilongwe|Khongoni|Kasakula
Lilongwe|Khongoni|Kasalika
Lilongwe|Khongoni|Kasanda
Lilongwe|Khongoni|Kasawa
Lilongwe|Khongoni|Kasiya
Lilongwe|Khongoni|Kasiya Trading Centre
Lilongwe|Khongoni|Kasoni
Lilongwe|Khongoni|Kasonjola Estate
Lilongwe|Khongoni|Katande
Lilongwe|Khongoni|Katenje
Lilongwe|Khongoni|Kathumba
Lilongwe|Khongoni|Katsano
Lilongwe|Khongoni|Kawalika
Lilongwe|Khongoni|Kazingatchire
Lilongwe|Khongoni|Kazumba
Lilongwe|Khongoni|Khadze
Lilongwe|Khongoni|Khasu Estate
Lilongwe|Khongoni|Khoka
Lilongwe|Khongoni|Khombokombo
Lilongwe|Khongoni|Khongoni
Lilongwe|Khongoni|Khunyungwi
Lilongwe|Khongoni|Kosamu
Lilongwe|Khongoni|Kutenthe
Lilongwe|Khongoni|Lamueli
Lilongwe|Khongoni|Levi
Lilongwe|Khongoni|Lombwa
Lilongwe|Khongoni|Lumwila
Lilongwe|Khongoni|Madzi
Lilongwe|Khongoni|Madzimoto
Lilongwe|Khongoni|Majiga Trading Centre
Lilongwe|Khongoni|Makowa
Lilongwe|Khongoni|Makuta
Lilongwe|Khongoni|Makwembe
Lilongwe|Khongoni|Malamula
Lilongwe|Khongoni|Malata
Lilongwe|Khongoni|Malembo
Lilongwe|Khongoni|Manda
Lilongwe|Khongoni|Mangalomba
Lilongwe|Khongoni|Manganasi
Lilongwe|Khongoni|Mangazi
Lilongwe|Khongoni|Mangilira
Lilongwe|Khongoni|Mashanga
Lilongwe|Khongoni|Matekwe
Lilongwe|Khongoni|Mayani
Lilongwe|Khongoni|Mazengela
Lilongwe|Khongoni|Mazinga
Lilongwe|Khongoni|Mazonga
Lilongwe|Khongoni|Mazongoti
Lilongwe|Khongoni|Mbalame
Lilongwe|Khongoni|Mbetayasamba
Lilongwe|Khongoni|Mbewa
Lilongwe|Khongoni|Mbeza
Lilongwe|Khongoni|Mchenje
Lilongwe|Khongoni|Mchere
Lilongwe|Khongoni|Mende
Lilongwe|Khongoni|Mikaeli
Lilongwe|Khongoni|Milala
Lilongwe|Khongoni|Mitala
Lilongwe|Khongoni|Mkalawanda
Lilongwe|Khongoni|Mkamchere
Lilongwe|Khongoni|Mkombe
Lilongwe|Khongoni|Mkungula
Lilongwe|Khongoni|Mkuwila
Lilongwe|Khongoni|Mkuwila 1
Lilongwe|Khongoni|Mkwanda
Lilongwe|Khongoni|Mkwekwete
Lilongwe|Khongoni|Mkweya
Lilongwe|Khongoni|Mkwinda
Lilongwe|Khongoni|Mlamba
Lilongwe|Khongoni|M'mbulu
Lilongwe|Khongoni|Monjo
Lilongwe|Khongoni|Mose
Lilongwe|Khongoni|Mphamba
Lilongwe|Khongoni|Mphangula
Lilongwe|Khongoni|Mphenda
Lilongwe|Khongoni|Mphepe
Lilongwe|Khongoni|Mpheta
Lilongwe|Khongoni|Mpomo
Lilongwe|Khongoni|Mpondamwala
Lilongwe|Khongoni|Msema
Lilongwe|Khongoni|Msilo
Lilongwe|Khongoni|Msopela
Lilongwe|Khongoni|Msungata
Lilongwe|Khongoni|Mtavu
Lilongwe|Khongoni|Mtoso
Lilongwe|Khongoni|Mtsindo
Lilongwe|Khongoni|Mtswati
Lilongwe|Khongoni|Mwadzimbi
Lilongwe|Khongoni|Mwakundi
Lilongwe|Khongoni|Mwanda
Lilongwe|Khongoni|Mwankhundi
Lilongwe|Khongoni|Mwase
Lilongwe|Khongoni|Nabuzi
Lilongwe|Khongoni|Namatamba
Lilongwe|Khongoni|Ndalama
Lilongwe|Khongoni|Ndaya
Lilongwe|Khongoni|Ndinde
Lilongwe|Khongoni|Ngalize
Lilongwe|Khongoni|Nganga
Lilongwe|Khongoni|Njakwa
Lilongwe|Khongoni|Njambilo
Lilongwe|Khongoni|Njolo
Lilongwe|Khongoni|Nkhwangwi
Lilongwe|Khongoni|Nkombe
Lilongwe|Khongoni|Nowa
Lilongwe|Khongoni|Nsakali
Lilongwe|Khongoni|Ntakataka
Lilongwe|Khongoni|Ntauka
Lilongwe|Khongoni|Ntaya
Lilongwe|Khongoni|Ntembe
Lilongwe|Khongoni|Nthala
Lilongwe|Khongoni|Nthondo
Lilongwe|Khongoni|Ntsilo
Lilongwe|Khongoni|Nyanda
Lilongwe|Khongoni|Nyanga
Lilongwe|Khongoni|Nyere
Lilongwe|Khongoni|Ofesi
Lilongwe|Khongoni|Pambwe
Lilongwe|Khongoni|Pathungo
Lilongwe|Khongoni|Paulo
Lilongwe|Khongoni|Phetela
Lilongwe|Khongoni|Salamba
Lilongwe|Khongoni|Salima
Lilongwe|Khongoni|Sambani
Lilongwe|Khongoni|Samson
Lilongwe|Khongoni|Sapulayi
Lilongwe|Khongoni|Sazingwa
Lilongwe|Khongoni|Sewera
Lilongwe|Khongoni|Shawa
Lilongwe|Khongoni|Sikisipesi
Lilongwe|Khongoni|Silombe
Lilongwe|Khongoni|Sitambo
Lilongwe|Khongoni|Tambala
Lilongwe|Khongoni|Tebulo
Lilongwe|Khongoni|Tekateka
Lilongwe|Khongoni|Therere
Lilongwe|Khongoni|Thondo
Lilongwe|Khongoni|Thumba
Lilongwe|Khongoni|Timkweje
Lilongwe|Khongoni|Timoti
Lilongwe|Khongoni|Tomasi
Lilongwe|Khongoni|Tonde
Lilongwe|Khongoni|Tsekwe
Lilongwe|Khongoni|Tumeyo
Lilongwe|Khongoni|Utabwelero
Lilongwe|Khongoni|Vunguti
Lilongwe|Khongoni|Waya
Lilongwe|Khongoni|Zakeyo
Lilongwe|Khongoni|Zenga
Lilongwe|Khongoni|Zokoto
Lilongwe|Mazengera|Abele
Lilongwe|Mazengera|Asukwa
Lilongwe|Mazengera|Bango
Lilongwe|Mazengera|Bilimoni
Lilongwe|Mazengera|Binda
Lilongwe|Mazengera|Binga
Lilongwe|Mazengera|Biwi
Lilongwe|Mazengera|Bokonela
Lilongwe|Mazengera|Bokosi
Lilongwe|Mazengera|Bonzo
Lilongwe|Mazengera|Botomani
Lilongwe|Mazengera|Bowa
Lilongwe|Mazengera|Butsita
Lilongwe|Mazengera|Bwakuonela
Lilongwe|Mazengera|Bwatele
Lilongwe|Mazengera|Chabvuka
Lilongwe|Mazengera|Chabvwamba
Lilongwe|Mazengera|Chabzinda
Lilongwe|Mazengera|Chadzwe
Lilongwe|Mazengera|Chafewa
Lilongwe|Mazengera|Chagaga
Lilongwe|Mazengera|Chagaga Kunseu
Lilongwe|Mazengera|Chakhaza
Lilongwe|Mazengera|Chakunkhulira
Lilongwe|Mazengera|Chakwawa
Lilongwe|Mazengera|Chakwela
Lilongwe|Mazengera|Chalela
Lilongwe|Mazengera|Chalera
Lilongwe|Mazengera|Chalunda
Lilongwe|Mazengera|Chamadenga
Lilongwe|Mazengera|Chamadzanga
Lilongwe|Mazengera|Chambuka
Lilongwe|Mazengera|Chamoto
Lilongwe|Mazengera|Champhwanya
Lilongwe|Mazengera|Changamire
Lilongwe|Mazengera|Changata
Lilongwe|Mazengera|Chapendekeka
Lilongwe|Mazengera|Chaponda
Lilongwe|Mazengera|Chaseta
Lilongwe|Mazengera|Chatambalala
Lilongwe|Mazengera|Chatonda
Lilongwe|Mazengera|Chauta
Lilongwe|Mazengera|Chauwa
Lilongwe|Mazengera|Chaweka
Lilongwe|Mazengera|Chazima
Lilongwe|Mazengera|Chelebwe
Lilongwe|Mazengera|Chembe
Lilongwe|Mazengera|Chemboga
Lilongwe|Mazengera|Chete
Lilongwe|Mazengera|Chibomozi
Lilongwe|Mazengera|Chibungwe
Lilongwe|Mazengera|Chidamula
Lilongwe|Mazengera|Chidawona
Lilongwe|Mazengera|Chidzakombwe
Lilongwe|Mazengera|Chigaga Wakuda
Lilongwe|Mazengera|Chigaga Woyera
Lilongwe|Mazengera|Chigodi
Lilongwe|Mazengera|Chigodi  Trading Centre
Lilongwe|Mazengera|Chigoneka
Lilongwe|Mazengera|Chikadza
Lilongwe|Mazengera|Chikafa
Lilongwe|Mazengera|Chikanda
Lilongwe|Mazengera|Chikandwe
Lilongwe|Mazengera|Chikapaza
Lilongwe|Mazengera|Chikapula
Lilongwe|Mazengera|Chikhadabwa
Lilongwe|Mazengera|Chikhalamba
Lilongwe|Mazengera|Chikhanda
Lilongwe|Mazengera|Chikhokho
Lilongwe|Mazengera|Chikhoswe
Lilongwe|Mazengera|Chikomba
Lilongwe|Mazengera|Chikonkhwe
Lilongwe|Mazengera|Chikungwi
Lilongwe|Mazengera|Chikwela
Lilongwe|Mazengera|Chilanda
Lilongwe|Mazengera|Chilanga
Lilongwe|Mazengera|Chilemba
Lilongwe|Mazengera|Chilembwe
Lilongwe|Mazengera|Chilenje F.R.
Lilongwe|Mazengera|Chiliko
Lilongwe|Mazengera|Chilima
Lilongwe|Mazengera|Chilima Nguwo
Lilongwe|Mazengera|Chilima Nsalu
Lilongwe|Mazengera|Chilimang'ombe
Lilongwe|Mazengera|Chilimbo
Lilongwe|Mazengera|Chilimnyumba
Lilongwe|Mazengera|Chilipansi
Lilongwe|Mazengera|Chilokoche
Lilongwe|Mazengera|Chilunga
Lilongwe|Mazengera|Chilunjwe
Lilongwe|Mazengera|Chiluwe
Lilongwe|Mazengera|Chimangeni
Lilongwe|Mazengera|Chimbowa
Lilongwe|Mazengera|Chimphangu
Lilongwe|Mazengera|Chimphire
Lilongwe|Mazengera|Chimphoka
Lilongwe|Mazengera|Chimphonongo
Lilongwe|Mazengera|Chimphwanya
Lilongwe|Mazengera|Chimteteka
Lilongwe|Mazengera|Chimutu II
Lilongwe|Mazengera|Chimutukamadzi
Lilongwe|Mazengera|Chimutumfula
Lilongwe|Mazengera|Chimwaye
Lilongwe|Mazengera|Chimwaye I
Lilongwe|Mazengera|Chimwaye II
Lilongwe|Mazengera|Chimwenje
Lilongwe|Mazengera|Chindeya
Lilongwe|Mazengera|Chindoole
Lilongwe|Mazengera|Chingondo
Lilongwe|Mazengera|Ching'ondole
Lilongwe|Mazengera|Chinkadze
Lilongwe|Mazengera|Chinkhadze
Lilongwe|Mazengera|Chinkhudze
Lilongwe|Mazengera|Chinkhudzi
Lilongwe|Mazengera|Chinsewu
Lilongwe|Mazengera|Chinthowa
Lilongwe|Mazengera|Chinziri
Lilongwe|Mazengera|Chinzonzi
Lilongwe|Mazengera|Chinzu
Lilongwe|Mazengera|Chionongera
Lilongwe|Mazengera|Chipasula
Lilongwe|Mazengera|Chipezayani
Lilongwe|Mazengera|Chiphangu
Lilongwe|Mazengera|Chiphe
Lilongwe|Mazengera|Chipsye
Lilongwe|Mazengera|Chipsyela
Lilongwe|Mazengera|Chisala
Lilongwe|Mazengera|Chisamba
Lilongwe|Mazengera|Chisani
Lilongwe|Mazengera|Chisindo
Lilongwe|Mazengera|Chisule
Lilongwe|Mazengera|Chitekwele
Lilongwe|Mazengera|Chitembeza
Lilongwe|Mazengera|Chithumbwi
Lilongwe|Mazengera|Chitsala
Lilongwe|Mazengera|Chitsata
Lilongwe|Mazengera|Chitsempha
Lilongwe|Mazengera|Chitsenda
Lilongwe|Mazengera|Chitukwi
Lilongwe|Mazengera|Chitunga
Lilongwe|Mazengera|Chiumilira
Lilongwe|Mazengera|Chiwaka
Lilongwe|Mazengera|Chiwala
Lilongwe|Mazengera|Chiwaya
Lilongwe|Mazengera|Chiwolero
Lilongwe|Mazengera|Chiwondo
Lilongwe|Mazengera|Chiwowa
Lilongwe|Mazengera|Chiwoza
Lilongwe|Mazengera|Chiyenda
Lilongwe|Mazengera|Chizele
Lilongwe|Mazengera|Chizimba
Lilongwe|Mazengera|Chizinga
Lilongwe|Mazengera|Cholamakanda
Lilongwe|Mazengera|Chomwechi
Lilongwe|Mazengera|Choola
Lilongwe|Mazengera|Chowe
Lilongwe|Mazengera|Chulu (V/H Kamwala
Lilongwe|Mazengera|Dambo
Lilongwe|Mazengera|Daniele (Gomba)
Lilongwe|Mazengera|Dete
Lilongwe|Mazengera|Dete II
Lilongwe|Mazengera|Diamphwe
Lilongwe|Mazengera|Diamphwe  Trading Centre
Lilongwe|Mazengera|Diwa
Lilongwe|Mazengera|Donken
Lilongwe|Mazengera|Dzama
Lilongwe|Mazengera|Dzaoneni  Trading Centre
Lilongwe|Mazengera|Dzimba
Lilongwe|Mazengera|Dzinthenga
Lilongwe|Mazengera|Dzonza
Lilongwe|Mazengera|Dzoole
Lilongwe|Mazengera|Dzunda
Lilongwe|Mazengera|Dzundi
Lilongwe|Mazengera|Dzuwa
Lilongwe|Mazengera|Elisa
Lilongwe|Mazengera|Fungani
Lilongwe|Mazengera|Galanga
Lilongwe|Mazengera|Galanga I
Lilongwe|Mazengera|Galeta
Lilongwe|Mazengera|Gomani (Chigugu)
Lilongwe|Mazengera|Gondwa
Lilongwe|Mazengera|Gonkhontha Woyela
Lilongwe|Mazengera|Gonondo
Lilongwe|Mazengera|Guliguli
Lilongwe|Mazengera|Guma
Lilongwe|Mazengera|Gunda Chinziri
Lilongwe|Mazengera|Gunda Kaperera
Lilongwe|Mazengera|Gunda Nkhoma
Lilongwe|Mazengera|Guwe
Lilongwe|Mazengera|Guwende
Lilongwe|Mazengera|Gwede
Lilongwe|Mazengera|Gwenembe
Lilongwe|Mazengera|Jati
Lilongwe|Mazengera|Jati Zidyenji
Lilongwe|Mazengera|Joncho
Lilongwe|Mazengera|Kabawo
Lilongwe|Mazengera|Kabuka
Lilongwe|Mazengera|Kabuntha
Lilongwe|Mazengera|Kabvulunganya
Lilongwe|Mazengera|Kabzela
Lilongwe|Mazengera|Kachala
Lilongwe|Mazengera|Kachamba
Lilongwe|Mazengera|Kachele
Lilongwe|Mazengera|Kachembere
Lilongwe|Mazengera|Kachepa
Lilongwe|Mazengera|Kachikho
Lilongwe|Mazengera|Kachikuni
Lilongwe|Mazengera|Kachilonda
Lilongwe|Mazengera|Kachipewa
Lilongwe|Mazengera|Kachisi
Lilongwe|Mazengera|Kadakungwa
Lilongwe|Mazengera|Kadawoloka
Lilongwe|Mazengera|Kadula
Lilongwe|Mazengera|Kadzikhande
Lilongwe|Mazengera|Kadzomba
Lilongwe|Mazengera|Kadzomba  Trading Centre
Lilongwe|Mazengera|Kafulatila
Lilongwe|Mazengera|Kafumuyaka
Lilongwe|Mazengera|Kafundu
Lilongwe|Mazengera|Kaguka
Lilongwe|Mazengera|Kainja
Lilongwe|Mazengera|Kakhobwe
Lilongwe|Mazengera|Kakhomba
Lilongwe|Mazengera|Kakhome
Lilongwe|Mazengera|Kalambule
Lilongwe|Mazengera|Kalanje
Lilongwe|Mazengera|Kalinde
Lilongwe|Mazengera|Kalitsere
Lilongwe|Mazengera|Kaliza
Lilongwe|Mazengera|Kalodzera
Lilongwe|Mazengera|Kalolo
Lilongwe|Mazengera|Kalombo
Lilongwe|Mazengera|Kalombodza
Lilongwe|Mazengera|Kalonga
Lilongwe|Mazengera|Kalowe
Lilongwe|Mazengera|Kalulu
Lilongwe|Mazengera|Kalulu Wakuchitsime
Lilongwe|Mazengera|Kalulu Wakutchemba
Lilongwe|Mazengera|Kalumba
Lilongwe|Mazengera|Kalumbi
Lilongwe|Mazengera|Kalumikiza
Lilongwe|Mazengera|Kaluzi
Lilongwe|Mazengera|Kambiya
Lilongwe|Mazengera|Kamdondo
Lilongwe|Mazengera|Kamfamveka
Lilongwe|Mazengera|Kamloza
Lilongwe|Mazengera|Kamphandira
Lilongwe|Mazengera|Kamphandira Kunseu
Lilongwe|Mazengera|Kamphanje
Lilongwe|Mazengera|Kamphata
Lilongwe|Mazengera|Kamphata  Trading Centre
Lilongwe|Mazengera|Kamphekete
Lilongwe|Mazengera|Kampwewa
Lilongwe|Mazengera|Kamtema
Lilongwe|Mazengera|Kamtepa
Lilongwe|Mazengera|Kamwala
Lilongwe|Mazengera|Kamwana
Lilongwe|Mazengera|Kangulu
Lilongwe|Mazengera|Kanguwo 1
Lilongwe|Mazengera|Kanguwo II
Lilongwe|Mazengera|Kanongwa
Lilongwe|Mazengera|Kanthenga
Lilongwe|Mazengera|Kanthumba
Lilongwe|Mazengera|Kanthungo
Lilongwe|Mazengera|Kanyangalazi
Lilongwe|Mazengera|Kanyang'wa
Lilongwe|Mazengera|Kanyasa
Lilongwe|Mazengera|Kanyenda
Lilongwe|Mazengera|Kanzinkambani
Lilongwe|Mazengera|Kapalamula
Lilongwe|Mazengera|Kapanda
Lilongwe|Mazengera|Kapaza
Lilongwe|Mazengera|Kaphala
Lilongwe|Mazengera|Kaphala Tchemba
Lilongwe|Mazengera|Kaphalamtambo
Lilongwe|Mazengera|Kaphamtengo
Lilongwe|Mazengera|Kapichira
Lilongwe|Mazengera|Kapunde
Lilongwe|Mazengera|Kapuzira
Lilongwe|Mazengera|Kasakatila
Lilongwe|Mazengera|Kasisi
Lilongwe|Mazengera|Katazika
Lilongwe|Mazengera|Katengeni
Lilongwe|Mazengera|Kathukuta
Lilongwe|Mazengera|Kathumba
Lilongwe|Mazengera|Katondo
Lilongwe|Mazengera|Katsache
Lilongwe|Mazengera|Katukumala
Lilongwe|Mazengera|Katukwana
Lilongwe|Mazengera|Kaundama
Lilongwe|Mazengera|Kaunde
Lilongwe|Mazengera|Kaunthama
Lilongwe|Mazengera|Kauta
Lilongwe|Mazengera|Kawande
Lilongwe|Mazengera|Kawaza
Lilongwe|Mazengera|Kawelama
Lilongwe|Mazengera|Kawelema
Lilongwe|Mazengera|Kawere
Lilongwe|Mazengera|Kayimbe
Lilongwe|Mazengera|Kazigwira
Lilongwe|Mazengera|Kazizira
Lilongwe|Mazengera|Khama
Lilongwe|Mazengera|Khankhanje
Lilongwe|Mazengera|Khokhwa
Lilongwe|Mazengera|Khoko
Lilongwe|Mazengera|Khokwa
Lilongwe|Mazengera|Khokwa I
Lilongwe|Mazengera|Khokwa II
Lilongwe|Mazengera|Khombe
Lilongwe|Mazengera|Khongo
Lilongwe|Mazengera|Khozi
Lilongwe|Mazengera|Khwidzi I
Lilongwe|Mazengera|Khwidzi II
Lilongwe|Mazengera|Kubondo
Lilongwe|Mazengera|Kuchata
Lilongwe|Mazengera|Kuchilu
Lilongwe|Mazengera|Kudemera
Lilongwe|Mazengera|Kudunde
Lilongwe|Mazengera|Kugwira
Lilongwe|Mazengera|Kukachera
Lilongwe|Mazengera|Kukhoche
Lilongwe|Mazengera|Kukhomba
Lilongwe|Mazengera|Kuleza
Lilongwe|Mazengera|Kumala
Lilongwe|Mazengera|Kumayani
Lilongwe|Mazengera|Kumbwaila
Lilongwe|Mazengera|Kumbweza
Lilongwe|Mazengera|Kumchera
Lilongwe|Mazengera|Kumikundi
Lilongwe|Mazengera|Kumitawa
Lilongwe|Mazengera|Kumkama
Lilongwe|Mazengera|Kumnomba
Lilongwe|Mazengera|Kumphenda
Lilongwe|Mazengera|Kumpita
Lilongwe|Mazengera|Kumtosa
Lilongwe|Mazengera|Kundemera
Lilongwe|Mazengera|Kundikiza
Lilongwe|Mazengera|Kunkayika
Lilongwe|Mazengera|Kunkhadze
Lilongwe|Mazengera|Kunthele I
Lilongwe|Mazengera|Kunthele II
Lilongwe|Mazengera|Kunzama
Lilongwe|Mazengera|Kunzonzi
Lilongwe|Mazengera|Kuphenda
Lilongwe|Mazengera|Kuthindi
Lilongwe|Mazengera|Kuthundu
Lilongwe|Mazengera|Kuwakuwa
Lilongwe|Mazengera|Kuwanda
Lilongwe|Mazengera|Kuzula
Lilongwe|Mazengera|Kweteza
Lilongwe|Mazengera|Lemwe
Lilongwe|Mazengera|Limbani
Lilongwe|Mazengera|Lovimbi
Lilongwe|Mazengera|Lowe
Lilongwe|Mazengera|Lumwilawakumtunda
Lilongwe|Mazengera|Lumwilawakumusi
Lilongwe|Mazengera|Lundu
Lilongwe|Mazengera|Lundu (Four  Ways)  Trading Centre
Lilongwe|Mazengera|Lunduwakumbwinja
Lilongwe|Mazengera|Machilika
Lilongwe|Mazengera|Machira
Lilongwe|Mazengera|Machite
Lilongwe|Mazengera|Madesa
Lilongwe|Mazengera|Madetsa
Lilongwe|Mazengera|Madetsa  Trading Centre
Lilongwe|Mazengera|Madetsa Chipeso
Lilongwe|Mazengera|Maduka
Lilongwe|Mazengera|Madula
Lilongwe|Mazengera|Madzizwa
Lilongwe|Mazengera|Maenje
Lilongwe|Mazengera|Mafesa
Lilongwe|Mazengera|Mafuta
Lilongwe|Mazengera|Magomero
Lilongwe|Mazengera|Makale
Lilongwe|Mazengera|Makombe
Lilongwe|Mazengera|Makunja
Lilongwe|Mazengera|Makwenda
Lilongwe|Mazengera|Makwenda (Zunguli)
Lilongwe|Mazengera|Makwinja
Lilongwe|Mazengera|Malama
Lilongwe|Mazengera|Male
Lilongwe|Mazengera|Malenga
Lilongwe|Mazengera|Maludza
Lilongwe|Mazengera|Maluza
Lilongwe|Mazengera|Mambala
Lilongwe|Mazengera|Mamulu
Lilongwe|Mazengera|Mando
Lilongwe|Mazengera|Mangani
Lilongwe|Mazengera|Manjaalera
Lilongwe|Mazengera|Manjalela
Lilongwe|Mazengera|Manjondo
Lilongwe|Mazengera|Manondo
Lilongwe|Mazengera|Mapundi
Lilongwe|Mazengera|Masache
Lilongwe|Mazengera|Maso
Lilongwe|Mazengera|Masoakundi
Lilongwe|Mazengera|Masotuzu
Lilongwe|Mazengera|Masula
Lilongwe|Mazengera|Masula (Chinome)
Lilongwe|Mazengera|Matapang'ombe
Lilongwe|Mazengera|Matapila
Lilongwe|Mazengera|Matapila  Trading Centre
Lilongwe|Mazengera|Matapila Trading Centre
Lilongwe|Mazengera|Matete
Lilongwe|Mazengera|Matima
Lilongwe|Mazengera|Matiya
Lilongwe|Mazengera|Matuta
Lilongwe|Mazengera|Matuta Nguwo
Lilongwe|Mazengera|Mauwa
Lilongwe|Mazengera|Mayani
Lilongwe|Mazengera|Mazengera
Lilongwe|Mazengera|Mazengera Turn Off
Lilongwe|Mazengera|Mazula
Lilongwe|Mazengera|MAZUMBI
Lilongwe|Mazengera|Mbala
Lilongwe|Mazengera|Mbedza
Lilongwe|Mazengera|Mbelengwa
Lilongwe|Mazengera|Mbendela
Lilongwe|Mazengera|Mbuna
Lilongwe|Mazengera|Mbuyawo
Lilongwe|Mazengera|Mbwadzulu
Lilongwe|Mazengera|M'bwano
Lilongwe|Mazengera|Mchenga
Lilongwe|Mazengera|Mchepa
Lilongwe|Mazengera|Mchilala
Lilongwe|Mazengera|Mchilawagalu
Lilongwe|Mazengera|Mchimbo
Lilongwe|Mazengera|Mchinjiriza
Lilongwe|Mazengera|Mchonkhwe
Lilongwe|Mazengera|Mdaula
Lilongwe|Mazengera|Mdazizira
Lilongwe|Mazengera|Mdebza
Lilongwe|Mazengera|Mdindo
Lilongwe|Mazengera|Mdzadziona
Lilongwe|Mazengera|Mdzeka
Lilongwe|Mazengera|Mdzeka  Trading Centre
Lilongwe|Mazengera|Mdzela
Lilongwe|Mazengera|Mdzuma
Lilongwe|Mazengera|Mgola
Lilongwe|Mazengera|Mgombe
Lilongwe|Mazengera|Mgombe Kawanga
Lilongwe|Mazengera|Mgonthi
Lilongwe|Mazengera|Mgototo
Lilongwe|Mazengera|Mgwede
Lilongwe|Mazengera|Misanjo
Lilongwe|Mazengera|Mitambo
Lilongwe|Mazengera|Mjelema
Lilongwe|Mazengera|Mkanda
Lilongwe|Mazengera|Mkathama
Lilongwe|Mazengera|Mkhaka
Lilongwe|Mazengera|Mkhala
Lilongwe|Mazengera|Mkhale
Lilongwe|Mazengera|Mkhosi
Lilongwe|Mazengera|Mkomba
Lilongwe|Mazengera|Mkombelo
Lilongwe|Mazengera|Mkombelo Wakumtunda
Lilongwe|Mazengera|Mkudzu
Lilongwe|Mazengera|Mkungula
Lilongwe|Mazengera|Mkunkutha
Lilongwe|Mazengera|Mkutha
Lilongwe|Mazengera|Mkuwa
Lilongwe|Mazengera|Mkuwazi
Lilongwe|Mazengera|Mkuza  Trading Centre
Lilongwe|Mazengera|Mkuzi
Lilongwe|Mazengera|Mlamba
Lilongwe|Mazengera|Mlembanjira
Lilongwe|Mazengera|Mlikha
Lilongwe|Mazengera|Mlozi
Lilongwe|Mazengera|Mnami
Lilongwe|Mazengera|Mndandawakumtunda
Lilongwe|Mazengera|Mndandawakunsi
Lilongwe|Mazengera|Mneneka
Lilongwe|Mazengera|Mnenga
Lilongwe|Mazengera|Mneno
Lilongwe|Mazengera|Mnesi
Lilongwe|Mazengera|Mng'omba
Lilongwe|Mazengera|Mng'ona
Lilongwe|Mazengera|Mnili
Lilongwe|Mazengera|Mnilo
Lilongwe|Mazengera|Mnjolo
Lilongwe|Mazengera|Mnkuni
Lilongwe|Mazengera|Mnolo
Lilongwe|Mazengera|Mntoza
Lilongwe|Mazengera|Mnulu
Lilongwe|Mazengera|Monga
Lilongwe|Mazengera|Mose
Lilongwe|Mazengera|Moza
Lilongwe|Mazengera|Mpama Kuchiliza
Lilongwe|Mazengera|Mpenu
Lilongwe|Mazengera|Mpepuka
Lilongwe|Mazengera|Mphalapala
Lilongwe|Mazengera|Mphalapala  Trading Centre
Lilongwe|Mazengera|Mphambanya
Lilongwe|Mazengera|Mphangula
Lilongwe|Mazengera|Mphanza
Lilongwe|Mazengera|Mphenzi
Lilongwe|Mazengera|Mphete
Lilongwe|Mazengera|Mphinzi
Lilongwe|Mazengera|Mphonde
Lilongwe|Mazengera|Mpinga
Lilongwe|Mazengera|Mposa (Katemo)
Lilongwe|Mazengera|Msako
Lilongwe|Mazengera|Msaku
Lilongwe|Mazengera|Msanduka
Lilongwe|Mazengera|Msangu
Lilongwe|Mazengera|Mseche
Lilongwe|Mazengera|Mselela
Lilongwe|Mazengera|Msema
Lilongwe|Mazengera|Msodoka
Lilongwe|Mazengera|Msongayabele
Lilongwe|Mazengera|Msonthe
Lilongwe|Mazengera|Msumati
Lilongwe|Mazengera|Mtalimanja
Lilongwe|Mazengera|Mtandika
Lilongwe|Mazengera|Mtanga
Lilongwe|Mazengera|Mtapo
Lilongwe|Mazengera|Mtema
Lilongwe|Mazengera|Mtembe
Lilongwe|Mazengera|Mtende
Lilongwe|Mazengera|Mtengo
Lilongwe|Mazengera|Mtenje
Lilongwe|Mazengera|Mtenthamawa
Lilongwe|Mazengera|Mthiko
Lilongwe|Mazengera|Mtimuni
Lilongwe|Mazengera|Mtindi
Lilongwe|Mazengera|Mtolo
Lilongwe|Mazengera|Mtonda
Lilongwe|Mazengera|Mtongola
Lilongwe|Mazengera|Mtsiliza
Lilongwe|Mazengera|Mtsilizika
Lilongwe|Mazengera|Mtsuko
Lilongwe|Mazengera|Mtukwa
Lilongwe|Mazengera|Mukaundu
Lilongwe|Mazengera|Mulibuu
Lilongwe|Mazengera|Munyontho
Lilongwe|Mazengera|Muula
Lilongwe|Mazengera|Muyowe
Lilongwe|Mazengera|Muzongo
Lilongwe|Mazengera|Muzu
Lilongwe|Mazengera|Mvuwawakunsi
Lilongwe|Mazengera|Mvuwawakutunda
Lilongwe|Mazengera|Mwachilolo
Lilongwe|Mazengera|Mwachisiza
Lilongwe|Mazengera|Mwadzama
Lilongwe|Mazengera|Mwali
Lilongwe|Mazengera|Mwaluzeni
Lilongwe|Mazengera|Mwanamphonda
Lilongwe|Mazengera|Mwanza
Lilongwe|Mazengera|Mwatibuu
Lilongwe|Mazengera|Mwetsebele
Lilongwe|Mazengera|Mzambwe
Lilongwe|Mazengera|Mzanzi
Lilongwe|Mazengera|Mzelembe
Lilongwe|Mazengera|Mzinga
Lilongwe|Mazengera|Mzingwa
Lilongwe|Mazengera|Mziza
Lilongwe|Mazengera|Mzokoto
Lilongwe|Mazengera|Mzongo
Lilongwe|Mazengera|Mzuzi
Lilongwe|Mazengera|Nakhombo
Lilongwe|Mazengera|Namanga
Lilongwe|Mazengera|Namangwe
Lilongwe|Mazengera|Namkwawa
Lilongwe|Mazengera|Namulela
Lilongwe|Mazengera|Namunje I
Lilongwe|Mazengera|Namunje II
Lilongwe|Mazengera|Namwaliaphesa
Lilongwe|Mazengera|Nanganga
Lilongwe|Mazengera|Ndaima
Lilongwe|Mazengera|Ndawala
Lilongwe|Mazengera|Ndelele
Lilongwe|Mazengera|Ndevu
Lilongwe|Mazengera|Ndiliswa
Lilongwe|Mazengera|Ndindi
Lilongwe|Mazengera|Ndiwo
Lilongwe|Mazengera|Ndumbu
Lilongwe|Mazengera|Nduwa
Lilongwe|Mazengera|Neneka
Lilongwe|Mazengera|Ngolomi
Lilongwe|Mazengera|Ng'omacheza
Lilongwe|Mazengera|Ng'ombe Yoyera
Lilongwe|Mazengera|Nguluwe
Lilongwe|Mazengera|Ngwanda
Lilongwe|Mazengera|Njala
Lilongwe|Mazengera|Njatisauka
Lilongwe|Mazengera|Njeko
Lilongwe|Mazengera|Njelema
Lilongwe|Mazengera|Njiwa
Lilongwe|Mazengera|Njovu
Lilongwe|Mazengera|Njuchi
Lilongwe|Mazengera|Nkankheni
Lilongwe|Mazengera|Nkhanga
Lilongwe|Mazengera|Nkhoma  Forest Reserve
Lilongwe|Mazengera|Nkhoma  Trading Centre
Lilongwe|Mazengera|Nkhombe
Lilongwe|Mazengera|Nkhumbwe
Lilongwe|Mazengera|Nkhwangwa
Lilongwe|Mazengera|Nowa
Lilongwe|Mazengera|Nthache
Lilongwe|Mazengera|Nthanda
Lilongwe|Mazengera|Nthepatepa
Lilongwe|Mazengera|Nthumbira
Lilongwe|Mazengera|Nyama
Lilongwe|Mazengera|Nyamayasawuka
Lilongwe|Mazengera|Nyambo
Lilongwe|Mazengera|Nyanda
Lilongwe|Mazengera|Nyanga
Lilongwe|Mazengera|Nyangukutsonokho
Lilongwe|Mazengera|Nyemba
Lilongwe|Mazengera|Nyengere
Lilongwe|Mazengera|Padzuwa
Lilongwe|Mazengera|Palemba
Lilongwe|Mazengera|Pambwe
Lilongwe|Mazengera|Penga
Lilongwe|Mazengera|Pinimbire
Lilongwe|Mazengera|Psyaku
Lilongwe|Mazengera|Pulakwacha
Lilongwe|Mazengera|Saela
Lilongwe|Mazengera|Salali
Lilongwe|Mazengera|Salima
Lilongwe|Mazengera|Sambwaila
Lilongwe|Mazengera|Samson
Lilongwe|Mazengera|Samu
Lilongwe|Mazengera|Santhe
Lilongwe|Mazengera|Saopa
Lilongwe|Mazengera|Sendeza
Lilongwe|Mazengera|Serengo
Lilongwe|Mazengera|Seya
Lilongwe|Mazengera|Singadi
Lilongwe|Mazengera|Sinila
Lilongwe|Mazengera|Sinoya
Lilongwe|Mazengera|Sitima
Lilongwe|Mazengera|Solomoni
Lilongwe|Mazengera|Songwe
Lilongwe|Mazengera|Sosola
Lilongwe|Mazengera|Sumbi
Lilongwe|Mazengera|Tembo
Lilongwe|Mazengera|Tembwe
Lilongwe|Mazengera|Thambalika
Lilongwe|Mazengera|Thangaludzu
Lilongwe|Mazengera|Theka
Lilongwe|Mazengera|Thenge
Lilongwe|Mazengera|Thengezo
Lilongwe|Mazengera|Thhezengwi
Lilongwe|Mazengera|Thofa
Lilongwe|Mazengera|Thukuta
Lilongwe|Mazengera|Thumba
Lilongwe|Mazengera|Thunde
Lilongwe|Mazengera|Tolera I
Lilongwe|Mazengera|Tolera II
Lilongwe|Mazengera|Tsamba
Lilongwe|Mazengera|Tsambe
Lilongwe|Mazengera|Tsanji
Lilongwe|Mazengera|Tsindwi
Lilongwe|Mazengera|Tsindwi Mlamba
Lilongwe|Mazengera|Tsongayankhuni
Lilongwe|Mazengera|Undi
Lilongwe|Mazengera|Ungwe
Lilongwe|Mazengera|Wasombo
Lilongwe|Mazengera|Waya
Lilongwe|Mazengera|Yale
Lilongwe|Mazengera|Zaunda
Lilongwe|Mazengera|Zeze
Lilongwe|Mazengera|Zina (V/H Nkhanga)
Lilongwe|Mazengera|Zionongeka
Lilongwe|Mazengera|Ziyenderana
Lilongwe|Mazengera|Zukutu
Lilongwe|Mazengera|Zuzamutu
Lilongwe City|Area 35|Area 35
Lilongwe City|Area 39|Area 49 Houses
Lilongwe City|Area 39|Area 49 Sector 4 Houses
Lilongwe City|Area 39|Area 49 Trading Centre
Lilongwe City|Area 39|Bagidadi Houses
Lilongwe City|Area 39|Chitimbe Houses
Lilongwe City|Area 39|Dubai [A] Houses
Lilongwe City|Area 39|Dubai [B] Houses
Lilongwe City|Area 39|Dubai [C] Houses
Lilongwe City|Area 39|Dubai Houses
Lilongwe City|Area 39|Dubai Trading Centre
Lilongwe City|Area 39|Fedration Houses
Lilongwe City|Area 39|Gulliver Houses
Lilongwe City|Area 39|Gulliver Trading Centre
Lilongwe City|Area 39|Habitat Houses
Lilongwe City|Area 39|Roman Catholic Convent Houses
Lilongwe City|Area 39|Shire Houses
Lilongwe City|Area 50|Area 50
Lilongwe City|Area 50|Chambu
Lilongwe City|Area 50|Chichaji
Lilongwe City|Area 50|Chimoka
Lilongwe City|Area 50|Mfombe
Lilongwe City|Area 50|Mfumbe Chijachi
Lilongwe City|Area 50|Mwachipha
Lilongwe City|Area 50|Ndolo
Lilongwe City|Area 50|Ng'oma
Lilongwe City|Area 50|N'goma
Lilongwe City|Area 50|Ng'oma Trading  Centre
Lilongwe City|Area 50|Ngomani
Lilongwe City|Area 50|Sato
Lilongwe City|Area 50|Senti
Lilongwe City|Area 50|Senti Trading Centre
Lilongwe City|Area 52|Carmel Farm
Lilongwe City|Area 52|Chikhasu (V.H Nkhalamba)
Lilongwe City|Area 52|Chinkhota
Lilongwe City|Area 52|Dothi
Lilongwe City|Area 52|Kachimela
Lilongwe City|Area 52|Kamlembo
Lilongwe City|Area 52|Lumbadzi Trading Centre
Lilongwe City|Area 52|Mbwindi
Lilongwe City|Area 52|Mchepa
Lilongwe City|Area 52|Mkochera Farm
Lilongwe City|Area 52|Mwalala
Lilongwe City|Area 52|Nkhalamba
Lilongwe City|Area 52|Nyemba
Lilongwe City|Area 53|Admarc Staff Houses
Lilongwe City|Area 53|Bango [A]
Lilongwe City|Area 53|Bango [B]
Lilongwe City|Area 53|Bango [C]
Lilongwe City|Area 53|Chamba
Lilongwe City|Area 53|Chimbalanga
Lilongwe City|Area 53|Chisuzi
Lilongwe City|Area 53|Dzoole
Lilongwe City|Area 53|Funsani
Lilongwe City|Area 53|Kalamula [A]
Lilongwe City|Area 53|Kalamula {A  Orphan
Lilongwe City|Area 53|Kameza
Lilongwe City|Area 53|Katontha (Gelevulo)
Lilongwe City|Area 53|Kawele [B]
Lilongwe City|Area 53|Kulamula [B]
Lilongwe City|Area 53|Ligowe
Lilongwe City|Area 53|Linde
Lilongwe City|Area 53|Lumbadzi
Lilongwe City|Area 53|Lumbadzi Trading Centre
Lilongwe City|Area 53|Matafale
Lilongwe City|Area 53|Mattie
Lilongwe City|Area 53|Mbalame
Lilongwe City|Area 53|Mgalamuka
Lilongwe City|Area 53|Moffat
Lilongwe City|Area 53|Mpenda
Lilongwe City|Area 53|Mtimaukanena
Lilongwe City|Area 53|Mzikiti
Lilongwe City|Area 53|Njovuyalema
Lilongwe City|Area 53|Roberts Lines
Lilongwe City|Area 54|Binala (VH Kamphinda)
Lilongwe City|Area 54|Chalemba I
Lilongwe City|Area 54|Chidziwira
Lilongwe City|Area 54|Chinkhota I
Lilongwe City|Area 54|Chinkhota Nkhwazi
Lilongwe City|Area 54|Gaga (VH Katola)
Lilongwe City|Area 54|Gongweya
Lilongwe City|Area 54|Gumulira
Lilongwe City|Area 54|Jeremani
Lilongwe City|Area 54|Kadzulo
Lilongwe City|Area 54|Kamphinda I
Lilongwe City|Area 54|Kamphinda II
Lilongwe City|Area 54|Katola
Lilongwe City|Area 54|Khongo
Lilongwe City|Area 54|malegela I
Lilongwe City|Area 54|Malegela II
Lilongwe City|Area 54|Maliwa
Lilongwe City|Area 54|Msanyama
Lilongwe City|Area 54|Mtapaonga
Lilongwe City|Area 54|Mwitha
Lilongwe City|Area 54|Ndonda (VH Kamphinda)
Lilongwe City|Area 54|Ngwani
Lilongwe City|Area 54|Sandula
Lilongwe City|Area 54|Siwande (V.H. Gongweya)
Lilongwe City|Area 54|Tungulule
Lilongwe City|Area 55|Central Poultry Farm
Lilongwe City|Area 55|Chalemera
Lilongwe City|Area 55|Chamveka
Lilongwe City|Area 55|Chibade
Lilongwe City|Area 55|Chikanda
Lilongwe City|Area 55|Chikaola
Lilongwe City|Area 55|Chimawo
Lilongwe City|Area 55|Chimombo Wakuda
Lilongwe City|Area 55|Chimombo Woyera
Lilongwe City|Area 55|Chimpumbulu
Lilongwe City|Area 55|Chinkhota
Lilongwe City|Area 55|Chitukula
Lilongwe City|Area 55|Chitukula Trading Centre
Lilongwe City|Area 55|Choto
Lilongwe City|Area 55|Choto T.C.
Lilongwe City|Area 55|Dzama
Lilongwe City|Area 55|Ishmael Farm
Lilongwe City|Area 55|Kalawang'oma
Lilongwe City|Area 55|Kalu
Lilongwe City|Area 55|Kanama
Lilongwe City|Area 55|Kanjira
Lilongwe City|Area 55|Katsukunya
Lilongwe City|Area 55|Kubondo
Lilongwe City|Area 55|Kumongo
Lilongwe City|Area 55|Kuwani
Lilongwe City|Area 55|Machokelo
Lilongwe City|Area 55|Majonga
Lilongwe City|Area 55|Mankhambira
Lilongwe City|Area 55|Mduwa
Lilongwe City|Area 55|Mlambuza
Lilongwe City|Area 55|Mlezi
Lilongwe City|Area 55|Mnkhuntha
Lilongwe City|Area 55|Msanyama
Lilongwe City|Area 55|Msindila
Lilongwe City|Area 55|Msiyani
Lilongwe City|Area 55|Mweso
Lilongwe City|Area 55|Mzondo
Lilongwe City|Area 55|Ngondo
Lilongwe City|Area 55|Tekateka Ndodo
Lilongwe City|Area 55|Temani
Lilongwe City|Area 55|Valley Chicks
Lilongwe City|Area 55|Yepa
Lilongwe City|Area 56|Chamaster
Lilongwe City|Area 56|Chigoneka
Lilongwe City|Area 56|Chilota
Lilongwe City|Area 56|Chimombo
Lilongwe City|Area 56|Friday
Lilongwe City|Area 56|Holly Family Trading Centre
Lilongwe City|Area 56|Kanyenda
Lilongwe City|Area 56|Mtsiliza
Lilongwe City|Area 56|Mudziwapendeka
Lilongwe City|Area 56|Munzu
Lilongwe City|Area 56|Mwenera
Lilongwe City|Area 56|Ntandire
Lilongwe City|Area 56|Ntandire 3
Lilongwe City|Area 56|NtandireTrading Centre
Lilongwe City|Area 56|Piasani
Lilongwe City|Area 56|Piasani Trading Centre
Lilongwe City|Area 56|White
Lilongwe City|Area 57|Area 57
Lilongwe City|Area 57|Area 57 Residential Area
Lilongwe City|Area 57|Chigete
Lilongwe City|Area 57|Chimphangu
Lilongwe City|Area 57|Chinsapo
Lilongwe City|Area 57|Chinsapo 2 Residential Area
Lilongwe City|Area 57|Chinsapo 2 Trading Centre
Lilongwe City|Area 57|Chinsapo I
Lilongwe City|Area 57|Chinsapo Residential Area
Lilongwe City|Area 57|Chipwaila
Lilongwe City|Area 57|Chitseka
Lilongwe City|Area 57|Kalulu
Lilongwe City|Area 57|Kamtedza
Lilongwe City|Area 57|Kaviika
Lilongwe City|Area 57|Kaweche
Lilongwe City|Area 57|Msewa
Lilongwe City|Area 57|Mtumbu
Lilongwe City|Area 57|Mtupa
Lilongwe City|Area 57|Mwale
Lilongwe City|Area 57|Mzikamanda
Lilongwe City|Area 57|Nguluwe
Lilongwe City|Area 58|Agriculture Staff Houses
Lilongwe City|Area 58|Area 48
Lilongwe City|Area 58|Area 58 Residential Houses
Lilongwe City|Area 58|Catia's Residential Area
Lilongwe City|Area 58|Chatambalala
Lilongwe City|Area 58|Chigwirinzano Trading Centre
Lilongwe City|Area 58|Chimwano
Lilongwe City|Area 58|Chinyama
Lilongwe City|Area 58|Chipsinja
Lilongwe City|Area 58|Energy Junior Staff Houses
Lilongwe City|Area 58|Joseph
Lilongwe City|Area 58|Kadewere
Lilongwe City|Area 58|Kakule
Lilongwe City|Area 58|Kampingo
Lilongwe City|Area 58|Kanjawala
Lilongwe City|Area 58|Kantukulo
Lilongwe City|Area 58|Kapanda
Lilongwe City|Area 58|Katsambo
Lilongwe City|Area 58|Kuthindi
Lilongwe City|Area 58|Likuni Staff Houses
Lilongwe City|Area 58|Likuni Trading Centre
Lilongwe City|Area 58|Maliewezi Residence
Lilongwe City|Area 58|Mande
Lilongwe City|Area 58|Matapa
Lilongwe City|Area 58|Mazilo
Lilongwe City|Area 58|Mbeta
Lilongwe City|Area 58|Mbilizi
Lilongwe City|Area 58|Mbwindi
Lilongwe City|Area 58|Mbwindi 1
Lilongwe City|Area 58|Mbwindi 11
Lilongwe City|Area 58|Mchawa
Lilongwe City|Area 58|Mchonkhwe
Lilongwe City|Area 58|Mdola
Lilongwe City|Area 58|Mlinga
Lilongwe City|Area 58|Mpampha
Lilongwe City|Area 58|Mpampha Trading Centre
Lilongwe City|Area 58|Mthumba
Lilongwe City|Area 58|Mulinga
Lilongwe City|Area 58|Mwanamanga
Lilongwe City|Area 58|Nachipi
Lilongwe City|Area 58|Neta
Lilongwe City|Area 58|Njala
Lilongwe City|Area 58|Ntchentche
Lilongwe City|Area 58|Ntomondo
Lilongwe City|Area 58|Nyambo
Lilongwe City|Area 58|Saiti
Lilongwe City|Area 58|Tanganyika
Lilongwe City|Area 58|Zamaere
Lilongwe City|Area 58|Zida
Lilongwe City|Area 81|Gulliver Houses
Lilongwe City|Area 81|M'gona
Machinga|Chamba|Bakali
Machinga|Chamba|Budala
Machinga|Chamba|Bula
Machinga|Chamba|Chamatwa
Machinga|Chamba|Chamba
Machinga|Chamba|Chanja
Machinga|Chamba|Chikwesa
Machinga|Chamba|Chimombo
Machinga|Chamba|Chindenga
Machinga|Chamba|Chipile
Machinga|Chamba|Chisese
Machinga|Chamba|Chitekwe
Machinga|Chamba|Galauseni
Machinga|Chamba|Gowelo
Machinga|Chamba|Imedi
Machinga|Chamba|Kalolo
Machinga|Chamba|Kaluma
Machinga|Chamba|Kapeta Ntunduka
Machinga|Chamba|Katunga
Machinga|Chamba|Kawanula
Machinga|Chamba|Kawanula Mapata
Machinga|Chamba|Kazembe
Machinga|Chamba|Kundecha
Machinga|Chamba|Kuwilu
Machinga|Chamba|Kwitumbi
Machinga|Chamba|Lingoni
Machinga|Chamba|Makata
Machinga|Chamba|Malenga
Machinga|Chamba|Malunda
Machinga|Chamba|Manjawila
Machinga|Chamba|Masimbo
Machinga|Chamba|Matipa
Machinga|Chamba|Matupa
Machinga|Chamba|Maulidi
Machinga|Chamba|Mawimba
Machinga|Chamba|Mbalira
Machinga|Chamba|Mbamba
Machinga|Chamba|Mbuna
Machinga|Chamba|Mdala Chibwana
Machinga|Chamba|Mfundeni
Machinga|Chamba|Mikolonga
Machinga|Chamba|Misewe
Machinga|Chamba|Mitawa
Machinga|Chamba|Miwanga
Machinga|Chamba|Mkakamila
Machinga|Chamba|Mkanda
Machinga|Chamba|Mlewe
Machinga|Chamba|M'Mina
Machinga|Chamba|Mpamba
Machinga|Chamba|Mphamba
Machinga|Chamba|Mpheula
Machinga|Chamba|Mpinda
Machinga|Chamba|Mpita
Machinga|Chamba|Msinji
Machinga|Chamba|Msiyama
Machinga|Chamba|Mtambo
Machinga|Chamba|Mtetera
Machinga|Chamba|Mulunda
Machinga|Chamba|Nanda
Machinga|Chamba|Nchema
Machinga|Chamba|Ndapenya
Machinga|Chamba|Ngunda
Machinga|Chamba|Ngunga
Machinga|Chamba|Njale
Machinga|Chamba|Ntende
Machinga|Chamba|Ntepa
Machinga|Chamba|Ntila
Machinga|Chamba|Peter Grant
Machinga|Chamba|Putheya
Machinga|Chamba|Sawawa
Machinga|Chamba|Selemani
Machinga|Chamba|Sindi
Machinga|Chamba|Sululu
Machinga|Chamba|Tokomana
Machinga|Chamba|Umali
Machinga|Chikweo|Adamson
Machinga|Chikweo|Adamson Trading Centre
Machinga|Chikweo|Alfreck Kamala
Machinga|Chikweo|Atame Estate
Machinga|Chikweo|Balala
Machinga|Chikweo|Bisani
Machinga|Chikweo|Chakhame
Machinga|Chikweo|Chidothi
Machinga|Chikweo|Chiganga
Machinga|Chikweo|Chikomoni Trading Centre
Machinga|Chikweo|Chikweo
Machinga|Chikweo|Chikweo Trading Centre
Machinga|Chikweo|Chilinganile Estate
Machinga|Chikweo|Chilolo
Machinga|Chikweo|Chimwaza
Machinga|Chikweo|Chindamba Estate
Machinga|Chikweo|Chipolonga
Machinga|Chikweo|Chisumbi
Machinga|Chikweo|Chiwawula
Machinga|Chikweo|Chunju
Machinga|Chikweo|Dambo
Machinga|Chikweo|Gowelo
Machinga|Chikweo|Hamela
Machinga|Chikweo|Jakina
Machinga|Chikweo|Jasiteni
Machinga|Chikweo|Jasteni
Machinga|Chikweo|Joni
Machinga|Chikweo|Justin
Machinga|Chikweo|Kachelenga Estate
Machinga|Chikweo|Kaiwe
Machinga|Chikweo|Kalambo
Machinga|Chikweo|Kalonga
Machinga|Chikweo|Kambwiri
Machinga|Chikweo|Kamphwatiwa
Machinga|Chikweo|Kanthiti Estate
Machinga|Chikweo|kasimba
Machinga|Chikweo|Katolokoso
Machinga|Chikweo|Katolokoso Trading Centre
Machinga|Chikweo|Katuli
Machinga|Chikweo|Kawa
Machinga|Chikweo|Kawe
Machinga|Chikweo|Kokoti
Machinga|Chikweo|Kokoti Trading C
Machinga|Chikweo|Koloti
Machinga|Chikweo|Kondoni
Machinga|Chikweo|Kondoni Trading Centre
Machinga|Chikweo|kunsamala
Machinga|Chikweo|kunsamala Trading Centre
Machinga|Chikweo|Kwende
Machinga|Chikweo|Kwisanjala
Machinga|Chikweo|Labukini Trading Centre
Machinga|Chikweo|Langwani
Machinga|Chikweo|Lichelengwe
Machinga|Chikweo|Likambale
Machinga|Chikweo|Likoloma
Machinga|Chikweo|Limamu
Machinga|Chikweo|Limela
Machinga|Chikweo|Lipangani
Machinga|Chikweo|Longo
Machinga|Chikweo|Luanga Trading Centre
Machinga|Chikweo|Lulanga
Machinga|Chikweo|Lusi
Machinga|Chikweo|Macheche
Machinga|Chikweo|Machilinga
Machinga|Chikweo|Machilinga Trading Centre
Machinga|Chikweo|Machina
Machinga|Chikweo|Madi
Machinga|Chikweo|Mahamela
Machinga|Chikweo|Mahata
Machinga|Chikweo|Mahatele
Machinga|Chikweo|Mahisa
Machinga|Chikweo|Majawa
Machinga|Chikweo|Majiga
Machinga|Chikweo|Makacha
Machinga|Chikweo|Makali
Machinga|Chikweo|Makawa
Machinga|Chikweo|Makhaliha
Machinga|Chikweo|Makhaliha Trading Centre
Machinga|Chikweo|Makuche
Machinga|Chikweo|Makuteya
Machinga|Chikweo|Makwemba
Machinga|Chikweo|Makwera Trading Centre
Machinga|Chikweo|Makwinja
Machinga|Chikweo|Malingamoyo Estate
Machinga|Chikweo|Malita
Machinga|Chikweo|Malowa
Machinga|Chikweo|Mangani
Machinga|Chikweo|Mang'ani
Machinga|Chikweo|Maniya
Machinga|Chikweo|Maniya Trading Centre
Machinga|Chikweo|Manja
Machinga|Chikweo|Maonga
Machinga|Chikweo|Mapanje
Machinga|Chikweo|Mapata
Machinga|Chikweo|Masika
Machinga|Chikweo|Mataka
Machinga|Chikweo|Matiya
Machinga|Chikweo|Matola
Machinga|Chikweo|Matope
Machinga|Chikweo|Matwaya
Machinga|Chikweo|Maundu
Machinga|Chikweo|M'bang'ombe
Machinga|Chikweo|M'bang'ombe Trading Centre.
Machinga|Chikweo|Mbaso
Machinga|Chikweo|Mbisa
Machinga|Chikweo|M'bisa
Machinga|Chikweo|M'bwana
Machinga|Chikweo|Mchawa
Machinga|Chikweo|Mchigama
Machinga|Chikweo|Mdima Estate
Machinga|Chikweo|Meriwa
Machinga|Chikweo|Michesi
Machinga|Chikweo|Mikundi
Machinga|Chikweo|Milaza
Machinga|Chikweo|Milaza Trading Centre
Machinga|Chikweo|M'jeriwa
Machinga|Chikweo|Mkanda
Machinga|Chikweo|Mkhupela
Machinga|Chikweo|Mkumba
Machinga|Chikweo|Mkumba Trading Centre
Machinga|Chikweo|Mkumbila
Machinga|Chikweo|Mlowe
Machinga|Chikweo|Mlungu
Machinga|Chikweo|M'mina
Machinga|Chikweo|M'nena
Machinga|Chikweo|Mopiha
Machinga|Chikweo|Mowele
Machinga|Chikweo|Mpacha
Machinga|Chikweo|Mpendiwa
Machinga|Chikweo|Mphameya
Machinga|Chikweo|Mpolomosi
Machinga|Chikweo|Mpunga
Machinga|Chikweo|Msisi
Machinga|Chikweo|Msisi  Trading Centre
Machinga|Chikweo|Msonthe
Machinga|Chikweo|Msonthi
Machinga|Chikweo|Msosa
Machinga|Chikweo|Muhala
Machinga|Chikweo|Muhimela
Machinga|Chikweo|Muhosya
Machinga|Chikweo|Mulaluwere
Machinga|Chikweo|Mulaluwere Trading Centre
Machinga|Chikweo|Mulunda
Machinga|Chikweo|Muonela
Machinga|Chikweo|Musula
Machinga|Chikweo|Muula
Machinga|Chikweo|Mvanga Trading Centre
Machinga|Chikweo|Mwai
Machinga|Chikweo|Mwalija
Machinga|Chikweo|Mwaluku
Machinga|Chikweo|Mwanje
Machinga|Chikweo|Mwelera
Machinga|Chikweo|Mwenyali
Machinga|Chikweo|Mwenye
Machinga|Chikweo|Mwila
Machinga|Chikweo|Mwila Trading Centre
Machinga|Chikweo|Mwiniya
Machinga|Chikweo|Namikuwa
Machinga|Chikweo|Nampeya
Machinga|Chikweo|Nampeya Trading Centre
Machinga|Chikweo|Nantuma
Machinga|Chikweo|Nantuma Trading Centre
Machinga|Chikweo|Naphome
Machinga|Chikweo|Ndambala
Machinga|Chikweo|Ndandala
Machinga|Chikweo|Ngwalangwa
Machinga|Chikweo|Njinga
Machinga|Chikweo|Njinga Trading Centre
Machinga|Chikweo|Nkachedwa Estate
Machinga|Chikweo|Nkolimbo
Machinga|Chikweo|Nkumba
Machinga|Chikweo|Nkumba Trading Centre
Machinga|Chikweo|Nkundika
Machinga|Chikweo|Nkusang'ombe
Machinga|Chikweo|Nsanga Estate
Machinga|Chikweo|Nsangula
Machinga|Chikweo|Nsope
Machinga|Chikweo|Ntaja Chipanga
Machinga|Chikweo|Nthondo
Machinga|Chikweo|Nyama
Machinga|Chikweo|Nyeliwa
Machinga|Chikweo|Nyungwa
Machinga|Chikweo|Palasi
Machinga|Chikweo|Saiti
Machinga|Chikweo|Salanje
Machinga|Chikweo|Saleya
Machinga|Chikweo|Saomba
Machinga|Chikweo|Sapera
Machinga|Chikweo|Selemani
Machinga|Chikweo|Sindikaziwa Estate
Machinga|Chikweo|Sipolo
Machinga|Chikweo|Siyo
Machinga|Chikweo|Suula
Machinga|Chikweo|Ugwe
Machinga|Chikweo|Ugwe Trading Centre
Machinga|Chikweo|Vethiwa
Machinga|Chikweo|Wadi
Machinga|Chikweo|Welawela
Machinga|Chikweo|Wille
Machinga|Chikweo|Wotchi
Machinga|Chiwalo|Bwanali
Machinga|Chiwalo|Changu Estate
Machinga|Chiwalo|Chapola
Machinga|Chiwalo|Chigwaja
Machinga|Chiwalo|Chikalawira
Machinga|Chiwalo|Chikumba
Machinga|Chiwalo|Chilingoma Estate
Machinga|Chiwalo|Chilin'oma Estate
Machinga|Chiwalo|Chimbalanga
Machinga|Chiwalo|Chimwaza
Machinga|Chiwalo|Chinga
Machinga|Chiwalo|Chinji
Machinga|Chiwalo|Chipolonga
Machinga|Chiwalo|Chitambi
Machinga|Chiwalo|Chitapa
Machinga|Chiwalo|Chitimba
Machinga|Chiwalo|Chiundu
Machinga|Chiwalo|Chiwalo
Machinga|Chiwalo|Chwalo
Machinga|Chiwalo|Galanje
Machinga|Chiwalo|Ground
Machinga|Chiwalo|Issa
Machinga|Chiwalo|Jemusi
Machinga|Chiwalo|Jimu
Machinga|Chiwalo|Kaidi
Machinga|Chiwalo|Kalambo Estate
Machinga|Chiwalo|Kanyinda
Machinga|Chiwalo|Kapoloma
Machinga|Chiwalo|Katuli
Machinga|Chiwalo|Kaulumbe
Machinga|Chiwalo|Khombeni Estate
Machinga|Chiwalo|Kurusese
Machinga|Chiwalo|Limu
Machinga|Chiwalo|Magwede
Machinga|Chiwalo|Mahowa
Machinga|Chiwalo|Mahuta
Machinga|Chiwalo|Maindi
Machinga|Chiwalo|Makata
Machinga|Chiwalo|Mali
Machinga|Chiwalo|Malumba
Machinga|Chiwalo|Malute
Machinga|Chiwalo|Mapata
Machinga|Chiwalo|Masimbo
Machinga|Chiwalo|Mataya
Machinga|Chiwalo|Matola
Machinga|Chiwalo|Mauji
Machinga|Chiwalo|Mbambaya
Machinga|Chiwalo|M'bawa
Machinga|Chiwalo|Mbawala
Machinga|Chiwalo|M'bulaje
Machinga|Chiwalo|Mkhweya
Machinga|Chiwalo|M'mina
Machinga|Chiwalo|Mosiya
Machinga|Chiwalo|Mota
Machinga|Chiwalo|Mpalume
Machinga|Chiwalo|Mpapa Trading Centre
Machinga|Chiwalo|Msokolo
Machinga|Chiwalo|Mtimbo
Machinga|Chiwalo|Mtimbuka
Machinga|Chiwalo|Muhiwa
Machinga|Chiwalo|Mwalija
Machinga|Chiwalo|Mwanrima
Machinga|Chiwalo|Mwegama
Machinga|Chiwalo|Mwepetha
Machinga|Chiwalo|Mweula
Machinga|Chiwalo|Mwitiya
Machinga|Chiwalo|Nancheka
Machinga|Chiwalo|Nandodo
Machinga|Chiwalo|Nangwale
Machinga|Chiwalo|Napita
Machinga|Chiwalo|Nchelera
Machinga|Chiwalo|Nchou
Machinga|Chiwalo|Ndala Malungo
Machinga|Chiwalo|Ndiuzani
Machinga|Chiwalo|Ngongondo
Machinga|Chiwalo|Ngunga
Machinga|Chiwalo|Njete
Machinga|Chiwalo|Nkopo
Machinga|Chiwalo|Nsakalu Estate
Machinga|Chiwalo|Nsanama Estate
Machinga|Chiwalo|Nselema
Machinga|Chiwalo|Nselema Trading Centre
Machinga|Chiwalo|Ntapasyale
Machinga|Chiwalo|Nthiniwa
Machinga|Chiwalo|Nyanje Mkambiri
Machinga|Chiwalo|Odala
Machinga|Chiwalo|Paulo Palasi
Machinga|Chiwalo|Phunyu
Machinga|Chiwalo|Pose
Machinga|Chiwalo|Sale
Machinga|Chiwalo|Salima
Machinga|Chiwalo|Samuti
Machinga|Chiwalo|Selemani
Machinga|Chiwalo|Thom
Machinga|Chiwalo|Thomu
Machinga|Chiwalo|Umbwa
Machinga|Chiwalo|Umbwa Trading Centre
Machinga|Chiwalo|Wadi
Machinga|Chiwalo|Walusa
Machinga|Kawinga|Alani
Machinga|Kawinga|Bakali
Machinga|Kawinga|Bwana Heli
Machinga|Kawinga|Bwana Kona Trading Centre
Machinga|Kawinga|Bwanaheli
Machinga|Kawinga|Chakhame
Machinga|Kawinga|Chamangwa
Machinga|Kawinga|Chamangwa Trading Centre
Machinga|Kawinga|Chapusa
Machinga|Kawinga|Chibwana
Machinga|Kawinga|Chiganga
Machinga|Kawinga|Chigombe Estate
Machinga|Kawinga|Chigumula
Machinga|Kawinga|Chigunda
Machinga|Kawinga|Chikakwe
Machinga|Kawinga|Chikaonda
Machinga|Kawinga|Chikumba
Machinga|Kawinga|Chikuwita
Machinga|Kawinga|Chikwewo
Machinga|Kawinga|Chikwita
Machinga|Kawinga|Chilala
Machinga|Kawinga|Chilala Estate
Machinga|Kawinga|Chimombo
Machinga|Kawinga|Chimwaza
Machinga|Kawinga|Chindamba
Machinga|Kawinga|Chindamba Trading Centre
Machinga|Kawinga|Chinguwo
Machinga|Kawinga|Chintengo
Machinga|Kawinga|Chionga
Machinga|Kawinga|Chipakwe
Machinga|Kawinga|Chipala
Machinga|Kawinga|Chipanda
Machinga|Kawinga|Chipasi
Machinga|Kawinga|Chipile
Machinga|Kawinga|Chipowo
Machinga|Kawinga|Chipunga
Machinga|Kawinga|Chisawa
Machinga|Kawinga|Chisawo
Machinga|Kawinga|Chisuse
Machinga|Kawinga|Chitenje
Machinga|Kawinga|Chitimba
Machinga|Kawinga|Chitosi
Machinga|Kawinga|Chitumba
Machinga|Kawinga|Chitundu
Machinga|Kawinga|Chitundu Trading Centre
Machinga|Kawinga|Chiuja
Machinga|Kawinga|Chiwaya
Machinga|Kawinga|Chiyani
Machinga|Kawinga|Chiyendamkamwa
Machinga|Kawinga|Chokani
Machinga|Kawinga|Ekhama
Machinga|Kawinga|Gonani
Machinga|Kawinga|Halala
Machinga|Kawinga|Hiwala
Machinga|Kawinga|Idana
Machinga|Kawinga|Idi
Machinga|Kawinga|Issa
Machinga|Kawinga|Jalifu
Machinga|Kawinga|Jameson
Machinga|Kawinga|Jameson Limela
Machinga|Kawinga|Jilamu
Machinga|Kawinga|Jowani
Machinga|Kawinga|Juma
Machinga|Kawinga|Kachele
Machinga|Kawinga|Kachere
Machinga|Kawinga|Kaipa
Machinga|Kawinga|Kalambo
Machinga|Kawinga|Kalapasiwe
Machinga|Kawinga|Kalenga
Machinga|Kawinga|Kalinje
Machinga|Kawinga|Kalino
Machinga|Kawinga|Kamala
Machinga|Kawinga|Kamkwamba
Machinga|Kawinga|Kamwendo
Machinga|Kawinga|Kandulu
Machinga|Kawinga|Kankhomba
Machinga|Kawinga|Kapetekula
Machinga|Kawinga|Kapungu
Machinga|Kawinga|Kasambwe
Machinga|Kawinga|Kasonga
Machinga|Kawinga|Kauma
Machinga|Kawinga|Kaumbwe
Machinga|Kawinga|Kawa
Machinga|Kawinga|Kawelama
Machinga|Kawinga|Kawinga
Machinga|Kawinga|Khole Estate
Machinga|Kawinga|Khuki
Machinga|Kawinga|Kipharere
Machinga|Kawinga|Kunje
Machinga|Kawinga|Kupeliya
Machinga|Kawinga|Kwilasya
Machinga|Kawinga|Kwitambo
Machinga|Kawinga|Likhomo
Machinga|Kawinga|Likhonyowa
Machinga|Kawinga|Likhonyowa Trading Centre
Machinga|Kawinga|Likoko
Machinga|Kawinga|Ling'ole
Machinga|Kawinga|Lipende
Machinga|Kawinga|Lipululuma
Machinga|Kawinga|Lipuluma
Machinga|Kawinga|Liwonde
Machinga|Kawinga|Loko
Machinga|Kawinga|Luchilingo
Machinga|Kawinga|Lumala
Machinga|Kawinga|Lupiya
Machinga|Kawinga|Lutenje
Machinga|Kawinga|Machepa
Machinga|Kawinga|Maganiza
Machinga|Kawinga|Magetsi Trading Centre
Machinga|Kawinga|Magwila
Machinga|Kawinga|Mahuta
Machinga|Kawinga|Majisa
Machinga|Kawinga|Majuni
Machinga|Kawinga|Makaka
Machinga|Kawinga|Makawa
Machinga|Kawinga|Makhucha
Machinga|Kawinga|Makoka
Machinga|Kawinga|Makome
Machinga|Kawinga|Makwemba
Machinga|Kawinga|Makwinja
Machinga|Kawinga|Malulu
Machinga|Kawinga|Maluwa
Machinga|Kawinga|Mandota
Machinga|Kawinga|Mangombo
Machinga|Kawinga|Maniwa
Machinga|Kawinga|Manyalu
Machinga|Kawinga|Manyika
Machinga|Kawinga|Mapaliro
Machinga|Kawinga|Mapuliro
Machinga|Kawinga|Mapungu
Machinga|Kawinga|Masambuka
Machinga|Kawinga|Masapi
Machinga|Kawinga|Masimbo
Machinga|Kawinga|Masiye
Machinga|Kawinga|Matenda
Machinga|Kawinga|Maunda
Machinga|Kawinga|Mauwa
Machinga|Kawinga|Mbandulira
Machinga|Kawinga|M'bandulira
Machinga|Kawinga|Mbanila
Machinga|Kawinga|Mbanila Trading Centre
Machinga|Kawinga|Mbele
Machinga|Kawinga|Mbele Trading Centre
Machinga|Kawinga|Mbere
Machinga|Kawinga|M'bobo
Machinga|Kawinga|Mbosongwe
Machinga|Kawinga|Mbota
Machinga|Kawinga|Mbundi
Machinga|Kawinga|Mbungo
Machinga|Kawinga|Mbusi
Machinga|Kawinga|Mchelela
Machinga|Kawinga|Mchinguza
Machinga|Kawinga|Mchisa
Machinga|Kawinga|Mchongwe
Machinga|Kawinga|Mdala
Machinga|Kawinga|Meja
Machinga|Kawinga|Mgona
Machinga|Kawinga|Michesi
Machinga|Kawinga|Mijombo
Machinga|Kawinga|Mikundi
Machinga|Kawinga|Milalo
Machinga|Kawinga|Miseso
Machinga|Kawinga|Misi
Machinga|Kawinga|Mitomoni
Machinga|Kawinga|Mitusi
Machinga|Kawinga|Mizinga
Machinga|Kawinga|Mjawa
Machinga|Kawinga|Mkhuna
Machinga|Kawinga|Mkoko
Machinga|Kawinga|Mkumbira
Machinga|Kawinga|Mkute
Machinga|Kawinga|Mkwinda
Machinga|Kawinga|Mlakala
Machinga|Kawinga|Mlemba
Machinga|Kawinga|Mlimbula
Machinga|Kawinga|M'losi
Machinga|Kawinga|M'madi
Machinga|Kawinga|M'maniwa
Machinga|Kawinga|M'mbwana
Machinga|Kawinga|M'menyeni
Machinga|Kawinga|M'meta
Machinga|Kawinga|M'mina
Machinga|Kawinga|Mnena
Machinga|Kawinga|Mnyanyika
Machinga|Kawinga|Mochele
Machinga|Kawinga|Moliha
Machinga|Kawinga|Mosiya
Machinga|Kawinga|Moto
Machinga|Kawinga|Mowele
Machinga|Kawinga|Mpahuwa
Machinga|Kawinga|Mpambila
Machinga|Kawinga|Mphonde
Machinga|Kawinga|Mpilanjala
Machinga|Kawinga|Mpinga
Machinga|Kawinga|Mpiri Trading Centre
Machinga|Kawinga|Mpombe
Machinga|Kawinga|Mpumbe
Machinga|Kawinga|Mpunga
Machinga|Kawinga|Msusa
Machinga|Kawinga|Mtembo
Machinga|Kawinga|Muhala
Machinga|Kawinga|Muhipela
Machinga|Kawinga|Mulakala
Machinga|Kawinga|Muluha
Machinga|Kawinga|Muluku
Machinga|Kawinga|Mupaliro
Machinga|Kawinga|Mvelo
Machinga|Kawinga|Mwamadi
Machinga|Kawinga|Mwamuthu
Machinga|Kawinga|Mwanache
Machinga|Kawinga|Mwenyali
Machinga|Kawinga|Mweta
Machinga|Kawinga|Mwiti
Machinga|Kawinga|Nachuma
Machinga|Kawinga|Namanja
Machinga|Kawinga|Nambwinda
Machinga|Kawinga|Namilepe
Machinga|Kawinga|Namphiwa
Machinga|Kawinga|Nampiwa
Machinga|Kawinga|Namwini
Machinga|Kawinga|Nanganga
Machinga|Kawinga|Nankhukwa
Machinga|Kawinga|Nanyumbu Trading Centre
Machinga|Kawinga|Naphutu
Machinga|Kawinga|Napyanda
Machinga|Kawinga|Nayuchi
Machinga|Kawinga|Nchema
Machinga|Kawinga|Nchokola
Machinga|Kawinga|Ndachi
Machinga|Kawinga|Ndile
Machinga|Kawinga|Ndoli
Machinga|Kawinga|Ngalawesa
Machinga|Kawinga|Ngalawingo
Machinga|Kawinga|Ngosolo
Machinga|Kawinga|Ngunga
Machinga|Kawinga|Njenjema
Machinga|Kawinga|Nkisa
Machinga|Kawinga|Nkomola
Machinga|Kawinga|Nkuliwa
Machinga|Kawinga|Nkumbila
Machinga|Kawinga|Nkupila
Machinga|Kawinga|Nlasa
Machinga|Kawinga|Nsamu
Machinga|Kawinga|Nsanama
Machinga|Kawinga|Nselema
Machinga|Kawinga|Nseseliwa
Machinga|Kawinga|Nsinjo
Machinga|Kawinga|Nsonde
Machinga|Kawinga|Ntaja
Machinga|Kawinga|Ntaja Chipanga
Machinga|Kawinga|Ntalika
Machinga|Kawinga|Ntambo
Machinga|Kawinga|Ntapana
Machinga|Kawinga|Ntelera
Machinga|Kawinga|Nthibwiribwi
Machinga|Kawinga|Nthondo
Machinga|Kawinga|Nthyanga
Machinga|Kawinga|Ntila
Machinga|Kawinga|Ntila Trading Centre
Machinga|Kawinga|Ntopa
Machinga|Kawinga|Ntuluko
Machinga|Kawinga|Ntupanyama
Machinga|Kawinga|Ntweya
Machinga|Kawinga|Ntyanga
Machinga|Kawinga|Nyangatayani
Machinga|Kawinga|Nyengame
Machinga|Kawinga|Nyenje
Machinga|Kawinga|Nyenje Trading Centre
Machinga|Kawinga|Nyumwa
Machinga|Kawinga|Oga
Machinga|Kawinga|Panje
Machinga|Kawinga|Phwiti
Machinga|Kawinga|Polepole Farm
Machinga|Kawinga|Pondelani
Machinga|Kawinga|Roman
Machinga|Kawinga|Romani
Machinga|Kawinga|Sadi
Machinga|Kawinga|Saidi
Machinga|Kawinga|Salanje
Machinga|Kawinga|Salijeni
Machinga|Kawinga|Shuga
Machinga|Kawinga|Shuliwa
Machinga|Kawinga|Silika
Machinga|Kawinga|Simba
Machinga|Kawinga|Sindo
Machinga|Kawinga|Singwa
Machinga|Kawinga|Sitafu
Machinga|Kawinga|Siwoya
Machinga|Kawinga|Siyo
Machinga|Kawinga|Sokolo
Machinga|Kawinga|Solomba
Machinga|Kawinga|Sowani
Machinga|Kawinga|Takataka
Machinga|Kawinga|Tambalale Trading Centre
Machinga|Kawinga|Tebulo
Machinga|Kawinga|Thawale
Machinga|Kawinga|Twaya
Machinga|Kawinga|Ulanga
Machinga|Kawinga|Ulimba
Machinga|Kawinga|Visuwa
Machinga|Kawinga|Walusa
Machinga|Kawinga|Wawila
Machinga|Liwonde|Ankadziwandani Estate
Machinga|Liwonde|Apatsamosiyana Estate
Machinga|Liwonde|Atupele Estate
Machinga|Liwonde|Awirindiwo Estate
Machinga|Liwonde|Balakasi
Machinga|Liwonde|Bile
Machinga|Liwonde|Bire
Machinga|Liwonde|Chabwera
Machinga|Liwonde|Chibwana
Machinga|Liwonde|Chifundo Estate
Machinga|Liwonde|Chigamba
Machinga|Liwonde|Chigumula
Machinga|Liwonde|Chikuluma
Machinga|Liwonde|Chikuluma Trading Centre
Machinga|Liwonde|Chikwakwata
Machinga|Liwonde|Chilanga
Machinga|Liwonde|Chileka
Machinga|Liwonde|Chilemba
Machinga|Liwonde|Chilembwe
Machinga|Liwonde|Chilima
Machinga|Liwonde|Chilomoni
Machinga|Liwonde|Chimanga
Machinga|Liwonde|Chimbalanga
Machinga|Liwonde|Chindamba
Machinga|Liwonde|Chindenga
Machinga|Liwonde|Chipaka
Machinga|Liwonde|Chipire
Machinga|Liwonde|Chiponde
Machinga|Liwonde|Chisomo Estate
Machinga|Liwonde|Chisuse
Machinga|Liwonde|Chisuwi
Machinga|Liwonde|Chitapa
Machinga|Liwonde|Chitumba
Machinga|Liwonde|Chiuja
Machinga|Liwonde|Chiwalo
Machinga|Liwonde|Chiwundu
Machinga|Liwonde|Hasani
Machinga|Liwonde|Hawila Estate
Machinga|Liwonde|Issa
Machinga|Liwonde|Jauma
Machinga|Liwonde|Joho
Machinga|Liwonde|Juma Ntopa
Machinga|Liwonde|Jusa
Machinga|Liwonde|Kachelenga
Machinga|Liwonde|Kaluma
Machinga|Liwonde|Kamwendo
Machinga|Liwonde|Kantetela
Machinga|Liwonde|Kapeta Estate
Machinga|Liwonde|Khungwa
Machinga|Liwonde|Kulinga Estate
Machinga|Liwonde|Kulunda
Machinga|Liwonde|Kuluwunda
Machinga|Liwonde|Kumbani
Machinga|Liwonde|Kusenjele Estate
Machinga|Liwonde|Lamudi
Machinga|Liwonde|Limbundungwa
Machinga|Liwonde|Litete
Machinga|Liwonde|Liwonde
Machinga|Liwonde|Lukasi
Machinga|Liwonde|Lutenje
Machinga|Liwonde|Luwila
Machinga|Liwonde|Macheka
Machinga|Liwonde|Macheka Estate
Machinga|Liwonde|Mahele
Machinga|Liwonde|Makawa
Machinga|Liwonde|Makina
Machinga|Liwonde|Makote
Machinga|Liwonde|Makoza
Machinga|Liwonde|Makumba
Machinga|Liwonde|Makumba Estate
Machinga|Liwonde|Makunganya
Machinga|Liwonde|Makwenda
Machinga|Liwonde|Malihaba
Machinga|Liwonde|Malindi
Machinga|Liwonde|Malowa
Machinga|Liwonde|Maluma
Machinga|Liwonde|Mangamba
Machinga|Liwonde|Mangamba Trading Centre
Machinga|Liwonde|Mang'anda
Machinga|Liwonde|Mangulu
Machinga|Liwonde|Manyanya
Machinga|Liwonde|Masaka
Machinga|Liwonde|Matipa
Machinga|Liwonde|Mbweso
Machinga|Liwonde|Mdala
Machinga|Liwonde|M'dala Lulang
Machinga|Liwonde|Mdala Mponda
Machinga|Liwonde|Mgambo
Machinga|Liwonde|Mgawo
Machinga|Liwonde|Mgomba
Machinga|Liwonde|Mgowo
Machinga|Liwonde|Mikonga
Machinga|Liwonde|Mikundi
Machinga|Liwonde|Minyanga
Machinga|Liwonde|Misi
Machinga|Liwonde|Mitusi
Machinga|Liwonde|Mjamba
Machinga|Liwonde|Mkalapa
Machinga|Liwonde|Mkango
Machinga|Liwonde|Mkaweya
Machinga|Liwonde|Mkhumbwa
Machinga|Liwonde|Mkhuna
Machinga|Liwonde|Mkundi
Machinga|Liwonde|Mkundiwa
Machinga|Liwonde|Mkuwa
Machinga|Liwonde|Mlinde
Machinga|Liwonde|Mliwo
Machinga|Liwonde|M'mbwana
Machinga|Liwonde|M'mwala
Machinga|Liwonde|M'mwala Trading Centre
Machinga|Liwonde|Mnembo
Machinga|Liwonde|Moyo Estate
Machinga|Liwonde|Mpasuka
Machinga|Liwonde|Mphamba
Machinga|Liwonde|Mpita
Machinga|Liwonde|Mponda
Machinga|Liwonde|Mpotola Wazil
Machinga|Liwonde|Msasa
Machinga|Liwonde|Msoma
Machinga|Liwonde|Msonthi
Machinga|Liwonde|Muheliwa
Machinga|Liwonde|Munsama
Machinga|Liwonde|Muripa
Machinga|Liwonde|Muripa Mtalal
Machinga|Liwonde|Muripa Trading Centre
Machinga|Liwonde|Mvero
Machinga|Liwonde|Mwachande
Machinga|Liwonde|Mwalasa
Machinga|Liwonde|Mwalasi
Machinga|Liwonde|Mwambala
Machinga|Liwonde|Mwanayekha
Machinga|Liwonde|Mwenyemasi
Machinga|Liwonde|Mwepwtha
Machinga|Liwonde|Mwiri
Machinga|Liwonde|Nakwapi
Machinga|Liwonde|Namilepe
Machinga|Liwonde|Naminyanga Forest Plantation
Machinga|Liwonde|Namwara
Machinga|Liwonde|Nawanga
Machinga|Liwonde|Ndamo
Machinga|Liwonde|Ngomano
Machinga|Liwonde|Ngomba
Machinga|Liwonde|Ngona
Machinga|Liwonde|Ngongondo
Machinga|Liwonde|Njahito
Machinga|Liwonde|Njahito Trading Centre
Machinga|Liwonde|Njenjema
Machinga|Liwonde|Njirima
Machinga|Liwonde|Nkutiha
Machinga|Liwonde|Nkwinda
Machinga|Liwonde|Nsanama
Machinga|Liwonde|Nsanama Trading Centre
Machinga|Liwonde|Nsanjila
Machinga|Liwonde|Nsawadyila
Machinga|Liwonde|Nsera
Machinga|Liwonde|Nsonthe
Machinga|Liwonde|Nswajila
Machinga|Liwonde|Ntaja Trading Centre
Machinga|Liwonde|Ntawila
Machinga|Liwonde|Ntembo
Machinga|Liwonde|Ntepo
Machinga|Liwonde|Ntuluma
Machinga|Liwonde|Nyama
Machinga|Liwonde|Nyanje
Machinga|Liwonde|Nyenje
Machinga|Liwonde|Pongolani
Machinga|Liwonde|Saidi Nsungu
Machinga|Liwonde|Sala
Machinga|Liwonde|Salima
Machinga|Liwonde|Shaibu
Machinga|Liwonde|Simba
Machinga|Liwonde|Simoko
Machinga|Liwonde|Singwa
Machinga|Liwonde|Siyama
Machinga|Liwonde|Tabu
Machinga|Liwonde|Tangata
Machinga|Liwonde|Thundu
Machinga|Liwonde|Tithandizane Estate
Machinga|Liwonde|Usi
Machinga|Liwonde|Uthiwa
Machinga|Liwonde|Wadi
Machinga|Liwonde|Waili
Machinga|Liwonde|Willard
Machinga|Liwonde|William Estate
Machinga|Liwonde|Zaone Estate
Machinga|Liwonde National Park|Liwonde National Park
Machinga|Liwonde Town|Awali
Machinga|Liwonde Town|Chabwera
Machinga|Liwonde Town|Chasuchila
Machinga|Liwonde Town|Chibwana
Machinga|Liwonde Town|Chilembwe
Machinga|Liwonde Town|Chindunguli
Machinga|Liwonde Town|Kalonjere
Machinga|Liwonde Town|Katundu
Machinga|Liwonde Town|Kauzu
Machinga|Liwonde Town|Kumbani
Machinga|Liwonde Town|Liwonde Trading Centre
Machinga|Liwonde Town|M'manga
Machinga|Liwonde Town|Mpalira
Machinga|Liwonde Town|Msamati
Machinga|Liwonde Town|Ng'ombe
Machinga|Liwonde Town|Ntonya
Machinga|Liwonde Town|Ntuwambuzi
Machinga|Liwonde Town|Sitola
Machinga|Machinga Boma|Lipongo
Machinga|Machinga Boma|Machinga  Boma
Machinga|Machinga Boma|Ndaje Mkula
Machinga|Mbiza|Armitage
Machinga|Mbiza|Balakasi
Machinga|Mbiza|Baroni Washon
Machinga|Mbiza|Barron Washon
Machinga|Mbiza|Bula Nyozani
Machinga|Mbiza|Buleya
Machinga|Mbiza|Chapola
Machinga|Mbiza|Cheonga
Machinga|Mbiza|Chikaluma Farm
Machinga|Mbiza|Chintali
Machinga|Mbiza|Chiondeka
Machinga|Mbiza|Daimon
Machinga|Mbiza|Dawati
Machinga|Mbiza|Dzaone  Trading Centre
Machinga|Mbiza|Gomani
Machinga|Mbiza|Hapala
Machinga|Mbiza|Itimu
Machinga|Mbiza|Jailosi Kaliati
Machinga|Mbiza|James Mchilima
Machinga|Mbiza|Jimu
Machinga|Mbiza|Kachekula
Machinga|Mbiza|Kachingwe
Machinga|Mbiza|Kadzuwa
Machinga|Mbiza|Kalino
Machinga|Mbiza|Kavithiwa
Machinga|Mbiza|Kazembe
Machinga|Mbiza|Kazembe II
Machinga|Mbiza|Kenani Farm
Machinga|Mbiza|Ketulo Likangala
Machinga|Mbiza|Kusamba
Machinga|Mbiza|Kwipululu II
Machinga|Mbiza|Lamiya
Machinga|Mbiza|Lipalapata
Machinga|Mbiza|Liweliha
Machinga|Mbiza|Lototoni Linya
Machinga|Mbiza|Machilinga
Machinga|Mbiza|Mailosi
Machinga|Mbiza|Majawa II
Machinga|Mbiza|Makupete
Machinga|Mbiza|Malangwi
Machinga|Mbiza|Malinda
Machinga|Mbiza|Manana
Machinga|Mbiza|Maneya
Machinga|Mbiza|Masamba
Machinga|Mbiza|Masigwa Farm
Machinga|Mbiza|Masikini
Machinga|Mbiza|Mbaisa
Machinga|Mbiza|M'dooka
Machinga|Mbiza|Mkausya
Machinga|Mbiza|M'keka
Machinga|Mbiza|Mkotola
Machinga|Mbiza|Mlemba
Machinga|Mbiza|M'mina
Machinga|Mbiza|Monjeza
Machinga|Mbiza|Mphaso
Machinga|Mbiza|Mphula
Machinga|Mbiza|Mponda Galauka
Machinga|Mbiza|Mponda Liwonga
Machinga|Mbiza|Msamila
Machinga|Mbiza|Mtambo
Machinga|Mbiza|Mthumba
Machinga|Mbiza|Mulero
Machinga|Mbiza|Mulilima
Machinga|Mbiza|Mulolowa
Machinga|Mbiza|Munyapa
Machinga|Mbiza|Muta
Machinga|Mbiza|Mwamadi Mgoji
Machinga|Mbiza|Mwembere
Machinga|Mbiza|Mweta
Machinga|Mbiza|Namadzi farm
Machinga|Mbiza|Ndalama I
Machinga|Mbiza|Ndalumbe
Machinga|Mbiza|Ndawawa
Machinga|Mbiza|Ndechere
Machinga|Mbiza|Ngauma II
Machinga|Mbiza|Nkolokosa
Machinga|Mbiza|Nsengwa
Machinga|Mbiza|Ntchilamilo
Machinga|Mbiza|Ntengula
Machinga|Mbiza|Onga
Machinga|Mbiza|Phulanya
Machinga|Mbiza|Pindani
Machinga|Mbiza|Rompwa
Machinga|Mbiza|Saidi
Machinga|Mbiza|Saidi Kapile
Machinga|Mbiza|Saidi Kunama
Machinga|Mbiza|Saiti
Machinga|Mbiza|Sande
Machinga|Mbiza|Sande Estate
Machinga|Mbiza|Saukila Namakhwa
Machinga|Mbiza|Seunda
Machinga|Mbiza|Sitima
Machinga|Mbiza|Sitima Chitseko
Machinga|Mbiza|Solobala
Machinga|Mbiza|Sulira
Machinga|Mbiza|Taombe
Machinga|Mbiza|Walamwa
Machinga|Mbiza|Wallace Estate
Machinga|Mbiza|Yasini
Machinga|Mbiza|Yavi
Machinga|Mlomba|Amini
Machinga|Mlomba|Bela
Machinga|Mlomba|Bula
Machinga|Mlomba|Chamba
Machinga|Mlomba|Chibwana
Machinga|Mlomba|Chikuluma
Machinga|Mlomba|Chilala
Machinga|Mlomba|Chimbwanya
Machinga|Mlomba|Chipojola
Machinga|Mlomba|Chiwanda
Machinga|Mlomba|Gileya
Machinga|Mlomba|Jastini
Machinga|Mlomba|Joho
Machinga|Mlomba|Justin
Machinga|Mlomba|Kalambo
Machinga|Mlomba|Kambulaje
Machinga|Mlomba|Kamwana
Machinga|Mlomba|Kapaleya
Machinga|Mlomba|Kapu
Machinga|Mlomba|Katema
Machinga|Mlomba|Kholomana
Machinga|Mlomba|Khuzumba
Machinga|Mlomba|Kimu
Machinga|Mlomba|Laiti
Machinga|Mlomba|Lambulira
Machinga|Mlomba|Likwakwa
Machinga|Mlomba|Likwenga
Machinga|Mlomba|Lipetula
Machinga|Mlomba|Lulanga
Machinga|Mlomba|Lulunga
Machinga|Mlomba|Lupangwe
Machinga|Mlomba|Machika
Machinga|Mlomba|Machinga Trading Centre
Machinga|Mlomba|Mahete
Machinga|Mlomba|Makanjila
Machinga|Mlomba|Makanjira
Machinga|Mlomba|Makina
Machinga|Mlomba|Malopa
Machinga|Mlomba|Malowa
Machinga|Mlomba|Mapata
Machinga|Mlomba|Maraka
Machinga|Mlomba|Masese
Machinga|Mlomba|Masinde
Machinga|Mlomba|Mataka
Machinga|Mlomba|Mataka Trading Centre
Machinga|Mlomba|Matemeche
Machinga|Mlomba|Matikanje
Machinga|Mlomba|Matope
Machinga|Mlomba|Mbalaka
Machinga|Mlomba|Mbangombe
Machinga|Mlomba|Mbawe
Machinga|Mlomba|Mbwana
Machinga|Mlomba|Mgambo
Machinga|Mlomba|Mgodi Estate 1
Machinga|Mlomba|Mgodi Estate 11
Machinga|Mlomba|Mkanga
Machinga|Mlomba|Mkanjo
Machinga|Mlomba|Mkapaleya
Machinga|Mlomba|Mkoko
Machinga|Mlomba|Mkopoti
Machinga|Mlomba|Mlomba
Machinga|Mlomba|Mlomba Trading Centre
Machinga|Mlomba|Mnyewe
Machinga|Mlomba|Mosha
Machinga|Mlomba|Mpalume
Machinga|Mlomba|Mpanga
Machinga|Mlomba|Mpelula
Machinga|Mlomba|Mpira Estate
Machinga|Mlomba|Mpita
Machinga|Mlomba|Mtchema
Machinga|Mlomba|Mtholowa
Machinga|Mlomba|Mtokoma
Machinga|Mlomba|Mtuwa
Machinga|Mlomba|Muhuruwa
Machinga|Mlomba|Mulohiwa
Machinga|Mlomba|Muntuwa
Machinga|Mlomba|Muphunya
Machinga|Mlomba|Mutuwa
Machinga|Mlomba|Mwamadi
Machinga|Mlomba|Mwawa
Machinga|Mlomba|M'waya
Machinga|Mlomba|Mweya
Machinga|Mlomba|Naminga Estate
Machinga|Mlomba|Namosi
Machinga|Mlomba|Nampapi
Machinga|Mlomba|Namunde
Machinga|Mlomba|Namweta
Machinga|Mlomba|Napolo Trading Centre
Machinga|Mlomba|Ngosolo
Machinga|Mlomba|Nkotamo
Machinga|Mlomba|Nsanama
Machinga|Mlomba|Nyanya
Machinga|Mlomba|Ofesi
Machinga|Mlomba|Pahuwa
Machinga|Mlomba|Petekula
Machinga|Mlomba|Petekula Trading Centre
Machinga|Mlomba|Petete
Machinga|Mlomba|Phuteke
Machinga|Mlomba|Phuteya
Machinga|Mlomba|Pulika
Machinga|Mlomba|Said Mataka
Machinga|Mlomba|Saidi
Machinga|Mlomba|Saidi Matak
Machinga|Mlomba|Shaibu
Machinga|Mlomba|Sinja
Machinga|Mlomba|Sokoni
Machinga|Mlomba|Solokoto
Machinga|Mlomba|Temuwa
Machinga|Mlomba|Wataka
Machinga|Mlomba|Zumulu Trading Centre
Machinga|Mposa|Adimu
Machinga|Mposa|Chabwera
Machinga|Mposa|Chidothe
Machinga|Mposa|Chilanga
Machinga|Mposa|Chilomba
Machinga|Mposa|Chilombo
Machinga|Mposa|Chipalamoto
Machinga|Mposa|Chipile
Machinga|Mposa|Chipole
Machinga|Mposa|Chiwanga
Machinga|Mposa|Kaugule
Machinga|Mposa|Kawalala
Machinga|Mposa|Kutengule
Machinga|Mposa|Kwisanga
Machinga|Mposa|Liundi
Machinga|Mposa|Macheso
Machinga|Mposa|Makawa
Machinga|Mposa|Makwapala
Machinga|Mposa|Makwinja
Machinga|Mposa|Malindi
Machinga|Mposa|Manja
Machinga|Mposa|Mapila
Machinga|Mposa|Mapila Trading Centre
Machinga|Mposa|Matache
Machinga|Mposa|Matundu
Machinga|Mposa|Mbalame
Machinga|Mposa|Mbalika
Machinga|Mposa|Mbando
Machinga|Mposa|Mgumbala
Machinga|Mposa|Mikunga
Machinga|Mposa|Milala
Machinga|Mposa|Mkwate
Machinga|Mposa|Mkwinda
Machinga|Mposa|Mlomba
Machinga|Mposa|Mpheta Trading Centre
Machinga|Mposa|Mphonde
Machinga|Mposa|Mpinda
Machinga|Mposa|Mpita
Machinga|Mposa|Mposa
Machinga|Mposa|Mtambo
Machinga|Mposa|Mtamila
Machinga|Mposa|Mtenda
Machinga|Mposa|Muyaya
Machinga|Mposa|Nasongole
Machinga|Mposa|Nchilima
Machinga|Mposa|Ndawa
Machinga|Mposa|Njilika
Machinga|Mposa|Nlinga
Machinga|Mposa|Ntambalika
Machinga|Mposa|Sani
Machinga|Mposa|Selemani
Machinga|Mposa|Sumani
Machinga|Mposa|Tandauko
Machinga|Mposa|Taulo
Machinga|Mposa|Wayile
Machinga|Ngokwe|Adamu
Machinga|Ngokwe|Ahamadu
Machinga|Ngokwe|Alinafe Estate
Machinga|Ngokwe|Bakili
Machinga|Ngokwe|Beda
Machinga|Ngokwe|Bitiya
Machinga|Ngokwe|Chamba
Machinga|Ngokwe|Chibwana
Machinga|Ngokwe|Chikaonda Estate
Machinga|Ngokwe|Chikumba
Machinga|Ngokwe|Chilonga
Machinga|Ngokwe|Chitapa
Machinga|Ngokwe|Chitukuko Estate
Machinga|Ngokwe|Chiuta Trading Centre
Machinga|Ngokwe|Chiwanda
Machinga|Ngokwe|Dauda
Machinga|Ngokwe|Dinji
Machinga|Ngokwe|Duwa
Machinga|Ngokwe|Geresani
Machinga|Ngokwe|Gidioni
Machinga|Ngokwe|Kachingwe
Machinga|Ngokwe|Kalogwe
Machinga|Ngokwe|Kamwaza Estate
Machinga|Ngokwe|Kapoloma
Machinga|Ngokwe|Kawelama
Machinga|Ngokwe|Kholomana
Machinga|Ngokwe|Khotiwa
Machinga|Ngokwe|Khungwa
Machinga|Ngokwe|Kili
Machinga|Ngokwe|Kimu
Machinga|Ngokwe|Kwacha
Machinga|Ngokwe|Lipuputa
Machinga|Ngokwe|Lisimba
Machinga|Ngokwe|Lwala Trading Centre
Machinga|Ngokwe|Makanjila
Machinga|Ngokwe|Makogolo   Estate
Machinga|Ngokwe|Makomanya
Machinga|Ngokwe|Makuku
Machinga|Ngokwe|Makumanya
Machinga|Ngokwe|Malajila
Machinga|Ngokwe|Maleta
Machinga|Ngokwe|Manyenga
Machinga|Ngokwe|Manyungwa
Machinga|Ngokwe|Masela Estate
Machinga|Ngokwe|Masinde
Machinga|Ngokwe|Matipwili
Machinga|Ngokwe|Mayera I Estate
Machinga|Ngokwe|Mayera II Estate
Machinga|Ngokwe|M'bwana
Machinga|Ngokwe|Mchiwa
Machinga|Ngokwe|Mfera
Machinga|Ngokwe|Mika Estate
Machinga|Ngokwe|Mkhowa
Machinga|Ngokwe|Mlungu
Machinga|Ngokwe|M'malisye
Machinga|Ngokwe|M'meta
Machinga|Ngokwe|M'mwala
Machinga|Ngokwe|M'mwala Trading Centre
Machinga|Ngokwe|Mngandu
Machinga|Ngokwe|Mnjete
Machinga|Ngokwe|Moro
Machinga|Ngokwe|Mpahuwa
Machinga|Ngokwe|Mpakaka
Machinga|Ngokwe|Mpembere  Estate
Machinga|Ngokwe|Mpindo
Machinga|Ngokwe|Mponda
Machinga|Ngokwe|Msiya
Machinga|Ngokwe|Mteuka
Machinga|Ngokwe|Muwawa
Machinga|Ngokwe|Muwawa Trading Centre
Machinga|Ngokwe|Mwanaalilenji Estate
Machinga|Ngokwe|Mwekuwa
Machinga|Ngokwe|Mwekuwe
Machinga|Ngokwe|Mwepetha
Machinga|Ngokwe|Mwikawa
Machinga|Ngokwe|Mwilicha
Machinga|Ngokwe|Nachanje
Machinga|Ngokwe|Naituli
Machinga|Ngokwe|Namalowe Estate
Machinga|Ngokwe|Namapiri Estate
Machinga|Ngokwe|Namasimba Estate
Machinga|Ngokwe|Namawato Estate
Machinga|Ngokwe|Nan'gogoda Estate
Machinga|Ngokwe|Nankati
Machinga|Ngokwe|Nankati Trading Centre
Machinga|Ngokwe|Nankhongo Estate
Machinga|Ngokwe|Nchoma
Machinga|Ngokwe|Ndapidwa Estate
Machinga|Ngokwe|Ndasaukila Estate
Machinga|Ngokwe|Nepiyala
Machinga|Ngokwe|Ngokwe Trading Centre
Machinga|Ngokwe|Nguyeje
Machinga|Ngokwe|Njerwa Trading Centre
Machinga|Ngokwe|Njuzi
Machinga|Ngokwe|None Estate
Machinga|Ngokwe|Nsangula
Machinga|Ngokwe|Ntasa
Machinga|Ngokwe|Ntoko
Machinga|Ngokwe|Ntungwi
Machinga|Ngokwe|Nyandule
Machinga|Ngokwe|Peheliya
Machinga|Ngokwe|Selemani
Machinga|Ngokwe|Sowani
Machinga|Ngokwe|Sulumba
Machinga|Ngokwe|Swalele
Machinga|Ngokwe|Thukuta
Machinga|Ngokwe|Thumba
Machinga|Ngokwe|Tungﾇndenawo Estate
Machinga|Ngokwe|Waiti
Machinga|Nyambi|Abiti Mlima
Machinga|Nyambi|Alisinje Estate
Machinga|Nyambi|Asili
Machinga|Nyambi|Bakali
Machinga|Nyambi|Chabwira
Machinga|Nyambi|Chalawe
Machinga|Nyambi|Chamba
Machinga|Nyambi|Chigodi Estate
Machinga|Nyambi|Chigona Estate
Machinga|Nyambi|Chikaonda II Estate
Machinga|Nyambi|Chikawachimo Estate
Machinga|Nyambi|Chikoja
Machinga|Nyambi|Chikonda Estate
Machinga|Nyambi|Chikundo Estate
Machinga|Nyambi|Chilambo
Machinga|Nyambi|Chilanga Estate
Machinga|Nyambi|Chimala
Machinga|Nyambi|Chimbila
Machinga|Nyambi|Chimombo
Machinga|Nyambi|Chimwaza
Machinga|Nyambi|Chingombe Estate
Machinga|Nyambi|Chipumulisye Estate
Machinga|Nyambi|Chisisa
Machinga|Nyambi|Chitalo
Machinga|Nyambi|Chitambi Estate
Machinga|Nyambi|Chitanganya
Machinga|Nyambi|Chitsiru Estate
Machinga|Nyambi|Chitwiche Estate
Machinga|Nyambi|Damu Estate
Machinga|Nyambi|Dauda
Machinga|Nyambi|Esori Estate
Machinga|Nyambi|Gogodani Estate
Machinga|Nyambi|Gomani
Machinga|Nyambi|Hankoni Estate
Machinga|Nyambi|Jelasi
Machinga|Nyambi|Juma
Machinga|Nyambi|Kalambo
Machinga|Nyambi|Kalimasika Estate
Machinga|Nyambi|Kalimele
Machinga|Nyambi|Kamila
Machinga|Nyambi|Kandoga Estate
Machinga|Nyambi|Kapito Estate
Machinga|Nyambi|Kasimu
Machinga|Nyambi|Katopola
Machinga|Nyambi|Katuma
Machinga|Nyambi|Katuto
Machinga|Nyambi|Katwatwa Trading Centre
Machinga|Nyambi|Kaukutu
Machinga|Nyambi|Kaukutu Estate
Machinga|Nyambi|Kazembe
Machinga|Nyambi|Khama Estate
Machinga|Nyambi|Khanene
Machinga|Nyambi|Khanene Trading Centre
Machinga|Nyambi|Kulutando
Machinga|Nyambi|Lifune Estate
Machinga|Nyambi|Likaka
Machinga|Nyambi|Likoswe
Machinga|Nyambi|Limamu Sinja
Machinga|Nyambi|Limanimaso Estate
Machinga|Nyambi|Lisale Estate
Machinga|Nyambi|Lisinjeje Estate
Machinga|Nyambi|Machuwa
Machinga|Nyambi|Magombo
Machinga|Nyambi|Maisi
Machinga|Nyambi|Majaja
Machinga|Nyambi|Majaja Trading Centre
Machinga|Nyambi|Makapanga Estate
Machinga|Nyambi|Makolo Estate
Machinga|Nyambi|Makuta
Machinga|Nyambi|Makwaita Estate
Machinga|Nyambi|Malango
Machinga|Nyambi|Malesa Estate
Machinga|Nyambi|Malola
Machinga|Nyambi|Malundani Trading Centre
Machinga|Nyambi|Mamyaja Estate
Machinga|Nyambi|Manda Estate
Machinga|Nyambi|Mang'anila Estate
Machinga|Nyambi|Mangombo
Machinga|Nyambi|Mangombo Trading Centre
Machinga|Nyambi|Manjolo
Machinga|Nyambi|Maokoto Estate
Machinga|Nyambi|Maole
Machinga|Nyambi|Maole Pingo
Machinga|Nyambi|Maphili
Machinga|Nyambi|Masiwira Estate
Machinga|Nyambi|Mataka
Machinga|Nyambi|Matamba Kulima Estate
Machinga|Nyambi|Matope
Machinga|Nyambi|Matumula
Machinga|Nyambi|Matwaya
Machinga|Nyambi|Mbalwe
Machinga|Nyambi|Mbaso
Machinga|Nyambi|Mbatamela Estate
Machinga|Nyambi|Mbawa
Machinga|Nyambi|Mbungo
Machinga|Nyambi|Mbwana
Machinga|Nyambi|Mchaula
Machinga|Nyambi|Mchiji Estate
Machinga|Nyambi|Mchika
Machinga|Nyambi|Mchimbo
Machinga|Nyambi|Mdala
Machinga|Nyambi|Mdoka
Machinga|Nyambi|Mesope
Machinga|Nyambi|Mgundapekoyo Estate
Machinga|Nyambi|Milola Estate
Machinga|Nyambi|Mitembo
Machinga|Nyambi|Mitoma Estate
Machinga|Nyambi|Mkanje
Machinga|Nyambi|Mkapa
Machinga|Nyambi|Mkhowa
Machinga|Nyambi|Mkonde
Machinga|Nyambi|Mkwamba
Machinga|Nyambi|Mkwepere
Machinga|Nyambi|Mkwepere Trading Centre
Machinga|Nyambi|Mkwepu
Machinga|Nyambi|Mlamba
Machinga|Nyambi|Mlanje
Machinga|Nyambi|Mlawa
Machinga|Nyambi|Mlenje
Machinga|Nyambi|Mlinde Estate
Machinga|Nyambi|Mlungu
Machinga|Nyambi|Mongola
Machinga|Nyambi|Mongola Estate
Machinga|Nyambi|Mongola Trading Centre
Machinga|Nyambi|Monjeza
Machinga|Nyambi|Morola
Machinga|Nyambi|Mphipha
Machinga|Nyambi|Msamala
Machinga|Nyambi|Mtapula
Machinga|Nyambi|Mtendechi Estate
Machinga|Nyambi|Mtendere Estate
Machinga|Nyambi|Mtenjela
Machinga|Nyambi|Mthiniwa
Machinga|Nyambi|Mtopole
Machinga|Nyambi|Muhela
Machinga|Nyambi|Mulaga Estate
Machinga|Nyambi|Mwalija
Machinga|Nyambi|Mwepeta Estate
Machinga|Nyambi|Mwinjilani
Machinga|Nyambi|Mwitiya
Machinga|Nyambi|Mwitiya Trading Centre
Machinga|Nyambi|Nalipala Estate
Machinga|Nyambi|Namalowe Estate
Machinga|Nyambi|Namanjonjoli
Machinga|Nyambi|Nambinje
Machinga|Nyambi|Namingwere Estate
Machinga|Nyambi|Namiwewe
Machinga|Nyambi|Nampina Estate
Machinga|Nyambi|Nanga Estate
Machinga|Nyambi|Nangalole Estate
Machinga|Nyambi|Nansolola
Machinga|Nyambi|Nantunga
Machinga|Nyambi|Nantwe
Machinga|Nyambi|Napwanga
Machinga|Nyambi|Nasuwi Estate
Machinga|Nyambi|Nawanga
Machinga|Nyambi|Nawilo Estate
Machinga|Nyambi|Nchesela Estate
Machinga|Nyambi|Nchinjika Estate
Machinga|Nyambi|Ndandala
Machinga|Nyambi|Ndavutika Estate
Machinga|Nyambi|Ndendeuli Estate
Machinga|Nyambi|Ndindi
Machinga|Nyambi|N'galama
Machinga|Nyambi|Ngwale
Machinga|Nyambi|Ngwena
Machinga|Nyambi|Njombocheuli Estate
Machinga|Nyambi|Nkaogola Estate
Machinga|Nyambi|Nkomankhani Estate
Machinga|Nyambi|Nkuli Estate
Machinga|Nyambi|Nkumbila
Machinga|Nyambi|Nkwinda
Machinga|Nyambi|Nkwinda Trading Centre
Machinga|Nyambi|Nlanda
Machinga|Nyambi|Nlingula Estate
Machinga|Nyambi|Nsaka
Machinga|Nyambi|Nsilimina Estate
Machinga|Nyambi|Nsonde
Machinga|Nyambi|Nsonsomela
Machinga|Nyambi|Nsusa
Machinga|Nyambi|Ntali
Machinga|Nyambi|Ntima Estate
Machinga|Nyambi|Ntonda
Machinga|Nyambi|Ntoola
Machinga|Nyambi|Ntupa
Machinga|Nyambi|Nyambi
Machinga|Nyambi|Pala
Machinga|Nyambi|Pasakele
Machinga|Nyambi|Puluma I
Machinga|Nyambi|Puluma II
Machinga|Nyambi|Salanje
Machinga|Nyambi|Salanje Trading Centre
Machinga|Nyambi|Saukila Estate
Machinga|Nyambi|Sinjili Estate
Machinga|Nyambi|Sompho
Machinga|Nyambi|Sulumba
Machinga|Nyambi|Tangwi Estate
Machinga|Nyambi|Thokozani Estate
Machinga|Nyambi|Thukuta
Machinga|Nyambi|Titani Estate
Machinga|Nyambi|Tithandizane Estate
Machinga|Nyambi|Tulinjesoni Estate
Machinga|Nyambi|Uladi
Machinga|Nyambi|Ulongwe Estate
Machinga|Nyambi|Ungwe
Machinga|Nyambi|Yaya
Machinga|Nyambi|Zalani Estate
Machinga|Sitola|Adija
Machinga|Sitola|Amoni
Machinga|Sitola|Asani
Machinga|Sitola|Batoni
Machinga|Sitola|Chabwera
Machinga|Sitola|Chaphuka
Machinga|Sitola|Chibwana
Machinga|Sitola|Chidothi
Machinga|Sitola|Chilonga
Machinga|Sitola|Chimbalanga
Machinga|Sitola|Chimpere
Machinga|Sitola|Chimwayi
Machinga|Sitola|Chindungwa
Machinga|Sitola|Chingoli
Machinga|Sitola|Chinkwezule
Machinga|Sitola|Chipamba Njete
Machinga|Sitola|Chiwaya
Machinga|Sitola|Chowe
Machinga|Sitola|Jusu
Machinga|Sitola|Kalanje
Machinga|Sitola|Kamwaza
Machinga|Sitola|Kasilu
Machinga|Sitola|Kawamba
Machinga|Sitola|Kumbani
Machinga|Sitola|Kumwima
Machinga|Sitola|Kwilapo
Machinga|Sitola|Kwilasya
Machinga|Sitola|Likwakwa
Machinga|Sitola|Lipongo
Machinga|Sitola|Liundi
Machinga|Sitola|Liwanga
Machinga|Sitola|Lupanga
Machinga|Sitola|Machemba
Machinga|Sitola|Magadi
Machinga|Sitola|Magombe Kalonjere
Machinga|Sitola|Makaluka
Machinga|Sitola|Makolokoto
Machinga|Sitola|Malajila
Machinga|Sitola|Malindima
Machinga|Sitola|Mang'anda
Machinga|Sitola|Masanjala
Machinga|Sitola|Masapi
Machinga|Sitola|Masi
Machinga|Sitola|Matandika
Machinga|Sitola|Maugula
Machinga|Sitola|Mawiriga
Machinga|Sitola|Mbalagwe
Machinga|Sitola|Mbalaka
Machinga|Sitola|Mdele
Machinga|Sitola|Mgwira
Machinga|Sitola|Michongwe
Machinga|Sitola|Milala General Estate
Machinga|Sitola|Misikisi
Machinga|Sitola|Misoya
Machinga|Sitola|Mitondo
Machinga|Sitola|Miwanga
Machinga|Sitola|Mkala Estate
Machinga|Sitola|Mkulumbo
Machinga|Sitola|Mlindima
Machinga|Sitola|Mliwo
Machinga|Sitola|Moele
Machinga|Sitola|Mpango
Machinga|Sitola|Mpasuka
Machinga|Sitola|Mpotola
Machinga|Sitola|Mpotola Likwenu
Machinga|Sitola|Msilili
Machinga|Sitola|Msiyama
Machinga|Sitola|Msosa
Machinga|Sitola|Msusa
Machinga|Sitola|Mthipo
Machinga|Sitola|Mtumba
Machinga|Sitola|Muhala
Machinga|Sitola|Mulelemba
Machinga|Sitola|Mulepa
Machinga|Sitola|Mwamadi
Machinga|Sitola|Mwedini
Machinga|Sitola|Namonde
Machinga|Sitola|Nampate
Machinga|Sitola|Naungu
Machinga|Sitola|Ndaje
Machinga|Sitola|Ndile
Machinga|Sitola|Nkalawire
Machinga|Sitola|Nkalo
Machinga|Sitola|Nkanamwano Farm
Machinga|Sitola|Nkolokosa
Machinga|Sitola|Nkula
Machinga|Sitola|Nlawe
Machinga|Sitola|Npoya
Machinga|Sitola|Ntila
Machinga|Sitola|Ntonda
Machinga|Sitola|Ntundu
Machinga|Sitola|Nyadani
Machinga|Sitola|Pichesi
Machinga|Sitola|Sifa Kado
Machinga|Sitola|Songolo
Machinga|Sitola|Sumani
Machinga|Sitola|Wadi
Machinga|Sitola|Wilson
Mangochi|Chimwala|Afiki Gwaza
Mangochi|Chimwala|Bamusi
Mangochi|Chimwala|Belo
Mangochi|Chimwala|Bonongwe
Mangochi|Chimwala|Bulaki
Mangochi|Chimwala|Bwanali
Mangochi|Chimwala|Chalenga
Mangochi|Chimwala|Chambo Estate
Mangochi|Chimwala|Changali
Mangochi|Chimwala|Changamire I
Mangochi|Chimwala|Changamire II
Mangochi|Chimwala|Chapola
Mangochi|Chimwala|Chiganga
Mangochi|Chimwala|Chikondi Farm
Mangochi|Chimwala|Chikwawi
Mangochi|Chimwala|Chilembwe
Mangochi|Chimwala|Chilinda
Mangochi|Chimwala|Chilipa
Mangochi|Chimwala|Chilunda
Mangochi|Chimwala|Chimwala
Mangochi|Chimwala|Chingote Estate
Mangochi|Chimwala|Chingwalu
Mangochi|Chimwala|Chisawa
Mangochi|Chimwala|Chisawi
Mangochi|Chimwala|Chisiyana
Mangochi|Chimwala|Chisumbi
Mangochi|Chimwala|Chiswe
Mangochi|Chimwala|Chitawele
Mangochi|Chimwala|Chitonde
Mangochi|Chimwala|Chiutira
Mangochi|Chimwala|Chiwaula
Mangochi|Chimwala|Chocho
Mangochi|Chimwala|Dono
Mangochi|Chimwala|Dzoole
Mangochi|Chimwala|Gabriel
Mangochi|Chimwala|Gwaza Afiki
Mangochi|Chimwala|Ipira
Mangochi|Chimwala|Jekete
Mangochi|Chimwala|Kabudula Estate
Mangochi|Chimwala|Kafucheche
Mangochi|Chimwala|Kalichelo
Mangochi|Chimwala|Kalimbuka Estate
Mangochi|Chimwala|Kalinde
Mangochi|Chimwala|Kalonga
Mangochi|Chimwala|Kambalame
Mangochi|Chimwala|Kanga
Mangochi|Chimwala|Kankhande
Mangochi|Chimwala|Kankhande Estate
Mangochi|Chimwala|Kankuyu Estate
Mangochi|Chimwala|Kaondo
Mangochi|Chimwala|Kaonje Farm
Mangochi|Chimwala|Kapile
Mangochi|Chimwala|Kapuche
Mangochi|Chimwala|Kapyepye
Mangochi|Chimwala|Kapyepye(Mphwanya)
Mangochi|Chimwala|Katapwito
Mangochi|Chimwala|Katoleza
Mangochi|Chimwala|Kausi
Mangochi|Chimwala|Kawajere
Mangochi|Chimwala|Kawejere
Mangochi|Chimwala|Kayaye
Mangochi|Chimwala|Kukalanga
Mangochi|Chimwala|Kutenga
Mangochi|Chimwala|Kuwaya
Mangochi|Chimwala|Kwekwere
Mangochi|Chimwala|Labana
Mangochi|Chimwala|Lameck
Mangochi|Chimwala|Leven
Mangochi|Chimwala|Liba
Mangochi|Chimwala|Likala
Mangochi|Chimwala|Lundu
Mangochi|Chimwala|Lusewa
Mangochi|Chimwala|Luwembe
Mangochi|Chimwala|Majawa
Mangochi|Chimwala|Makalakala
Mangochi|Chimwala|Makambale
Mangochi|Chimwala|Makapa
Mangochi|Chimwala|Malenga
Mangochi|Chimwala|Malopa
Mangochi|Chimwala|Malopa II
Mangochi|Chimwala|Malukula
Mangochi|Chimwala|Mandevu
Mangochi|Chimwala|Mangochi Palm Forest Reserve
Mangochi|Chimwala|Maonekela Estate
Mangochi|Chimwala|Mapunda
Mangochi|Chimwala|Masangano
Mangochi|Chimwala|Masapi
Mangochi|Chimwala|Mbungo
Mangochi|Chimwala|Mbunumbu
Mangochi|Chimwala|M'bwana (Leven)
Mangochi|Chimwala|Mchenga Estate
Mangochi|Chimwala|Miizinga Estate
Mangochi|Chimwala|Mikundi
Mangochi|Chimwala|Mindondo Estate
Mangochi|Chimwala|Misesa
Mangochi|Chimwala|Miseu
Mangochi|Chimwala|Mitawa
Mangochi|Chimwala|Mitawa Mindondo
Mangochi|Chimwala|Mkanda
Mangochi|Chimwala|Mkaoga
Mangochi|Chimwala|Mkaweya
Mangochi|Chimwala|Mkutula
Mangochi|Chimwala|Mkwanda
Mangochi|Chimwala|Mkwasuwa Njobvu
Mangochi|Chimwala|Mlongoti
Mangochi|Chimwala|Mnenula
Mangochi|Chimwala|Mnomba
Mangochi|Chimwala|Mphwanya
Mangochi|Chimwala|Mpinganjira
Mangochi|Chimwala|Mpita
Mangochi|Chimwala|Mpoche
Mangochi|Chimwala|Mpokosa
Mangochi|Chimwala|Mposa
Mangochi|Chimwala|Mpululu Farm
Mangochi|Chimwala|Msamu
Mangochi|Chimwala|Msembe
Mangochi|Chimwala|Msonthi
Mangochi|Chimwala|Mswati
Mangochi|Chimwala|Mtambo
Mangochi|Chimwala|Mtanga
Mangochi|Chimwala|Mtendere
Mangochi|Chimwala|Mtenje
Mangochi|Chimwala|Mthilamanja
Mangochi|Chimwala|Mtiule
Mangochi|Chimwala|Mtonda
Mangochi|Chimwala|Mtonda Estate
Mangochi|Chimwala|Mvera
Mangochi|Chimwala|Mwachikumba
Mangochi|Chimwala|Mwalija
Mangochi|Chimwala|Mwatakata
Mangochi|Chimwala|Mwenyemusi
Mangochi|Chimwala|Namanolo
Mangochi|Chimwala|Namasyano
Mangochi|Chimwala|Nanganga
Mangochi|Chimwala|Nasenga Estate
Mangochi|Chimwala|Nasuluma
Mangochi|Chimwala|Naunje
Mangochi|Chimwala|Nchendo Estate
Mangochi|Chimwala|Ndapile
Mangochi|Chimwala|Ndege
Mangochi|Chimwala|Ndika
Mangochi|Chimwala|Ndiuzayani Estate
Mangochi|Chimwala|Ngatala
Mangochi|Chimwala|Ngunga
Mangochi|Chimwala|Nikisi
Mangochi|Chimwala|Nikisi Chilipa
Mangochi|Chimwala|Ninde
Mangochi|Chimwala|Njingama
Mangochi|Chimwala|Njoka
Mangochi|Chimwala|Nkasi Estate
Mangochi|Chimwala|Nkaweya
Mangochi|Chimwala|Nselema
Mangochi|Chimwala|Ntenje
Mangochi|Chimwala|Pembena
Mangochi|Chimwala|Phambaya
Mangochi|Chimwala|Phiri Longwe Forest Reserve
Mangochi|Chimwala|Saiti Tiputipu
Mangochi|Chimwala|Salafi
Mangochi|Chimwala|Saliana
Mangochi|Chimwala|Silika
Mangochi|Chimwala|Simika
Mangochi|Chimwala|Simika Bwanali
Mangochi|Chimwala|Sinoya
Mangochi|Chimwala|Sitambuli I
Mangochi|Chimwala|Somanje
Mangochi|Chimwala|Songa I
Mangochi|Chimwala|Songai
Mangochi|Chimwala|Songai II
Mangochi|Chimwala|Stambuli
Mangochi|Chimwala|Stambuli II
Mangochi|Chimwala|Stephen
Mangochi|Chimwala|Tangwa
Mangochi|Chimwala|Thabola
Mangochi|Chimwala|Thangalanjobvu
Mangochi|Chimwala|Tombolombo
Mangochi|Chimwala|Tsamilani
Mangochi|Chimwala|Wadali
Mangochi|Chimwala|White Matenje
Mangochi|Chowe|Abasi
Mangochi|Chowe|Bakali
Mangochi|Chowe|Biti Kalanje
Mangochi|Chowe|Bulaimu
Mangochi|Chowe|Bwanali
Mangochi|Chowe|Bwanasoma
Mangochi|Chowe|Chembe
Mangochi|Chowe|Chibwana Kawinga
Mangochi|Chowe|Chikatha
Mangochi|Chowe|Chikolomu
Mangochi|Chowe|Chikowi
Mangochi|Chowe|Chikuti
Mangochi|Chowe|Chilemba
Mangochi|Chowe|Chimesya
Mangochi|Chowe|Chimwala
Mangochi|Chowe|Chindamba
Mangochi|Chowe|Chingo
Mangochi|Chowe|Chipande
Mangochi|Chowe|Chipeleka
Mangochi|Chowe|Chipole
Mangochi|Chowe|Chiunda
Mangochi|Chowe|Chiwaya
Mangochi|Chowe|Chowe
Mangochi|Chowe|Chowe A
Mangochi|Chowe|Chowe B
Mangochi|Chowe|Chowe C
Mangochi|Chowe|Dimu Bara
Mangochi|Chowe|Dimu Malombe
Mangochi|Chowe|Gulumba
Mangochi|Chowe|Issa
Mangochi|Chowe|Itimu
Mangochi|Chowe|Iwole
Mangochi|Chowe|Kadewere
Mangochi|Chowe|Kalonga
Mangochi|Chowe|Kambona
Mangochi|Chowe|Kamwana
Mangochi|Chowe|Kamwendo
Mangochi|Chowe|Kasankha
Mangochi|Chowe|Kasimu
Mangochi|Chowe|Kasimu B
Mangochi|Chowe|Kazembe
Mangochi|Chowe|Koma
Mangochi|Chowe|Kulumisa
Mangochi|Chowe|Kumbanda
Mangochi|Chowe|Kumilombwa
Mangochi|Chowe|Kunde
Mangochi|Chowe|Kwisimba
Mangochi|Chowe|Kwisinje
Mangochi|Chowe|Kwitanda
Mangochi|Chowe|Laini Bonomali
Mangochi|Chowe|Langa
Mangochi|Chowe|Lijika
Mangochi|Chowe|Likoswe
Mangochi|Chowe|Likulungwa
Mangochi|Chowe|Liundi
Mangochi|Chowe|Machemba Misolo
Mangochi|Chowe|Magongwe
Mangochi|Chowe|Makoli B
Mangochi|Chowe|Makumba
Mangochi|Chowe|Makumba Mbewe
Mangochi|Chowe|Makumbwa
Mangochi|Chowe|Makwinja
Mangochi|Chowe|Malamia
Mangochi|Chowe|Malindi Trading Centre
Mangochi|Chowe|Malingula
Mangochi|Chowe|Malukula
Mangochi|Chowe|Mamu
Mangochi|Chowe|Mangochi Forest Reserve
Mangochi|Chowe|Manjombe
Mangochi|Chowe|Mapujali
Mangochi|Chowe|Masangano
Mangochi|Chowe|Masi
Mangochi|Chowe|Masi 11
Mangochi|Chowe|Masi I
Mangochi|Chowe|matamanda
Mangochi|Chowe|Matenganya
Mangochi|Chowe|matola
Mangochi|Chowe|Matosa
Mangochi|Chowe|M'balula
Mangochi|Chowe|Mbamba
Mangochi|Chowe|Mbondo
Mangochi|Chowe|Mdala Makumba
Mangochi|Chowe|Mdima
Mangochi|Chowe|Meso
Mangochi|Chowe|Mgwale
Mangochi|Chowe|Misinga
Mangochi|Chowe|Misolo
Mangochi|Chowe|Mitawa
Mangochi|Chowe|Mizinga
Mangochi|Chowe|Mkata Malombe
Mangochi|Chowe|Mkulumba
Mangochi|Chowe|Mlamba
Mangochi|Chowe|Mlani masyasya
Mangochi|Chowe|Mlembe
Mangochi|Chowe|Mlima
Mangochi|Chowe|Mliule
Mangochi|Chowe|M'madi Msosa
Mangochi|Chowe|Mnani Chapola
Mangochi|Chowe|Mosiya
Mangochi|Chowe|Moto
Mangochi|Chowe|Mpika
Mangochi|Chowe|Mpila
Mangochi|Chowe|Mponda
Mangochi|Chowe|Mpwapwata Camp
Mangochi|Chowe|Msume
Mangochi|Chowe|Mtaka
Mangochi|Chowe|Mtonda
Mangochi|Chowe|Mtonda II
Mangochi|Chowe|Mtuka
Mangochi|Chowe|Mtuwa
Mangochi|Chowe|Mwala
Mangochi|Chowe|Mwanyuka
Mangochi|Chowe|Nalikolo
Mangochi|Chowe|Namalope
Mangochi|Chowe|Namizimu
Mangochi|Chowe|Namnumbwa
Mangochi|Chowe|Ngongondo
Mangochi|Chowe|Ngunga
Mangochi|Chowe|Nkata Malombe
Mangochi|Chowe|Nsalika
Mangochi|Chowe|Ntakataka
Mangochi|Chowe|Piasi
Mangochi|Chowe|Rashid
Mangochi|Chowe|Saimoni
Mangochi|Chowe|Samala
Mangochi|Chowe|Sili
Mangochi|Chowe|Stephen Sindo
Mangochi|Chowe|Taliya
Mangochi|Chowe|Wadikanga
Mangochi|Chowe|Wasili
Mangochi|Chowe|Weta
Mangochi|Jalasi|Ayiya Estate
Mangochi|Jalasi|Balakasi
Mangochi|Jalasi|Bwanali
Mangochi|Jalasi|chande
Mangochi|Jalasi|Chiganga
Mangochi|Jalasi|Chijota
Mangochi|Jalasi|Chikanga Estate
Mangochi|Jalasi|Chilambo
Mangochi|Jalasi|chilekani
Mangochi|Jalasi|Chilongo
Mangochi|Jalasi|Chiponde
Mangochi|Jalasi|Chithumba Estate
Mangochi|Jalasi|Chiula
Mangochi|Jalasi|Chiumba
Mangochi|Jalasi|Chiumba Mpasuka
Mangochi|Jalasi|Chiutila
Mangochi|Jalasi|Chiwaula
Mangochi|Jalasi|Chiwina
Mangochi|Jalasi|chonde estate
Mangochi|Jalasi|Dzimbiri
Mangochi|Jalasi|Iba
Mangochi|Jalasi|Idrusi
Mangochi|Jalasi|Idrusi Trading Centre
Mangochi|Jalasi|Inondi Estate
Mangochi|Jalasi|Isa Limbe
Mangochi|Jalasi|Jika Ng'ombo
Mangochi|Jalasi|Kabati
Mangochi|Jalasi|Kabuthu
Mangochi|Jalasi|Kajeko
Mangochi|Jalasi|Kalambo
Mangochi|Jalasi|Kaliyapa
Mangochi|Jalasi|Kaloka Estate
Mangochi|Jalasi|Kamwepe
Mangochi|Jalasi|Kandende
Mangochi|Jalasi|Kandulu
Mangochi|Jalasi|Katona
Mangochi|Jalasi|Kuchetela A
Mangochi|Jalasi|Kuchetera
Mangochi|Jalasi|Kung'ombo Estate
Mangochi|Jalasi|Kwilembe
Mangochi|Jalasi|Kwiputi
Mangochi|Jalasi|Liunda
Mangochi|Jalasi|Lukono
Mangochi|Jalasi|Lusalume Estate
Mangochi|Jalasi|Luwemba
Mangochi|Jalasi|Macheka
Mangochi|Jalasi|Machemba
Mangochi|Jalasi|Maganizo Estate
Mangochi|Jalasi|Magwengwa
Mangochi|Jalasi|Maindi
Mangochi|Jalasi|Makalani
Mangochi|Jalasi|Makangaga
Mangochi|Jalasi|Makumba Nasato
Mangochi|Jalasi|Makunganya
Mangochi|Jalasi|Makunula
Mangochi|Jalasi|Makwinja
Mangochi|Jalasi|Malamia
Mangochi|Jalasi|Malekano
Mangochi|Jalasi|Malowa
Mangochi|Jalasi|Malulu
Mangochi|Jalasi|Mandimba Estate
Mangochi|Jalasi|Mangochi Forest Reserve
Mangochi|Jalasi|Masudi
Mangochi|Jalasi|Mategula
Mangochi|Jalasi|Matekela
Mangochi|Jalasi|Matukuta
Mangochi|Jalasi|Matungwe
Mangochi|Jalasi|Maundu
Mangochi|Jalasi|Mbalame(Selemani)
Mangochi|Jalasi|Mbusi Makande
Mangochi|Jalasi|Mchenga
Mangochi|Jalasi|Mchiliko
Mangochi|Jalasi|Mdala Mganga
Mangochi|Jalasi|Mdoka
Mangochi|Jalasi|Mdoka Chasuku
Mangochi|Jalasi|Mgoji
Mangochi|Jalasi|Mgwisya
Mangochi|Jalasi|Michala
Mangochi|Jalasi|Mitema
Mangochi|Jalasi|Mkata mkapita
Mangochi|Jalasi|Mkolesya
Mangochi|Jalasi|Mkuti
Mangochi|Jalasi|Mkwanda
Mangochi|Jalasi|Mkwela Kalunga
Mangochi|Jalasi|Mkweya
Mangochi|Jalasi|Mlambala
Mangochi|Jalasi|Mlomba
Mangochi|Jalasi|Mlumbwa
Mangochi|Jalasi|Mmenyanga
Mangochi|Jalasi|Mosiya
Mangochi|Jalasi|Mota Kamwendo
Mangochi|Jalasi|Mpamanda
Mangochi|Jalasi|mpandila
Mangochi|Jalasi|mpanga
Mangochi|Jalasi|Mponda A
Mangochi|Jalasi|Mseu Ngame Estate
Mangochi|Jalasi|Mtanga
Mangochi|Jalasi|Mtengula(Luwemba)
Mangochi|Jalasi|Mtiyola Estate
Mangochi|Jalasi|Mtogolo
Mangochi|Jalasi|Mtuluko
Mangochi|Jalasi|mwamadi
Mangochi|Jalasi|Mwawa
Mangochi|Jalasi|Namamba
Mangochi|Jalasi|Namangandwe Estate
Mangochi|Jalasi|Namitunda Estate
Mangochi|Jalasi|Namwera
Mangochi|Jalasi|Namwera Trading Centre
Mangochi|Jalasi|Nazimu Forest Reserve
Mangochi|Jalasi|Ndaona Estate
Mangochi|Jalasi|NEK Estate
Mangochi|Jalasi|Ngawo
Mangochi|Jalasi|Ngwale
Mangochi|Jalasi|Nkota
Mangochi|Jalasi|Nombo Estate
Mangochi|Jalasi|Nyama
Mangochi|Jalasi|Nyambi
Mangochi|Jalasi|Nyambi Estate
Mangochi|Jalasi|Nyungwa
Mangochi|Jalasi|Sabila
Mangochi|Jalasi|Sabili
Mangochi|Jalasi|Salimu
Mangochi|Jalasi|Selemani
Mangochi|Jalasi|Selemani Mbalame
Mangochi|Jalasi|Simba
Mangochi|Jalasi|sinyala
Mangochi|Jalasi|Skull Rock Estate
Mangochi|Jalasi|Somba Lusangwisi
Mangochi|Jalasi|Virginia estate
Mangochi|Katuli|Aironi
Mangochi|Katuli|Atibu Mponda
Mangochi|Katuli|Bakali
Mangochi|Katuli|Balakasi
Mangochi|Katuli|Bonomali Mlomba
Mangochi|Katuli|Bwanali Makoli
Mangochi|Katuli|Changuti Estate
Mangochi|Katuli|Chikoja
Mangochi|Katuli|Chikunje Estate
Mangochi|Katuli|Chilungo
Mangochi|Katuli|Chingoli
Mangochi|Katuli|Chipoka
Mangochi|Katuli|Chipoka Estate
Mangochi|Katuli|Chiponde
Mangochi|Katuli|Chisonga
Mangochi|Katuli|Chisuse
Mangochi|Katuli|Chitute
Mangochi|Katuli|Chitute Estate
Mangochi|Katuli|Chiwaula
Mangochi|Katuli|Hamisi Kaugambe
Mangochi|Katuli|Ibraham
Mangochi|Katuli|Idi
Mangochi|Katuli|Inadi Mpalume
Mangochi|Katuli|Juma Kukanga
Mangochi|Katuli|Kalanje
Mangochi|Katuli|Kalungwe
Mangochi|Katuli|Kaluwa
Mangochi|Katuli|Kaphata Estate
Mangochi|Katuli|Kapotwe
Mangochi|Katuli|Kasanga
Mangochi|Katuli|Katembo
Mangochi|Katuli|Katonga
Mangochi|Katuli|Katuli
Mangochi|Katuli|Katuli Estate
Mangochi|Katuli|Katuli Trading Centre
Mangochi|Katuli|Kazembe Mataka
Mangochi|Katuli|Kumbagala
Mangochi|Katuli|Kumbande
Mangochi|Katuli|Kwilasya
Mangochi|Katuli|Kwilindi
Mangochi|Katuli|Kwilombe
Mangochi|Katuli|Kwirapo
Mangochi|Katuli|Kwisimba
Mangochi|Katuli|Kwisimbangwe
Mangochi|Katuli|Kwitambo
Mangochi|Katuli|Kwitunji
Mangochi|Katuli|Likalawe
Mangochi|Katuli|Lilasi Estate
Mangochi|Katuli|Linguwe
Mangochi|Katuli|Litemwe
Mangochi|Katuli|Liyete Estate
Mangochi|Katuli|Luwalika
Mangochi|Katuli|Luwelele Estate
Mangochi|Katuli|Maida
Mangochi|Katuli|Makande
Mangochi|Katuli|Makanjila
Mangochi|Katuli|Makasanjira
Mangochi|Katuli|Makunganya
Mangochi|Katuli|Maleta
Mangochi|Katuli|Malowa
Mangochi|Katuli|Manamunamu Estate
Mangochi|Katuli|Masame
Mangochi|Katuli|Matembela
Mangochi|Katuli|Matimbanya
Mangochi|Katuli|Matola
Mangochi|Katuli|Matumula
Mangochi|Katuli|Maundu
Mangochi|Katuli|Mbeju
Mangochi|Katuli|Mbela
Mangochi|Katuli|Mchocholo
Mangochi|Katuli|Mdala
Mangochi|Katuli|Mdala Chilawi
Mangochi|Katuli|Mdala Masyele
Mangochi|Katuli|Mdala Sumani
Mangochi|Katuli|Mikundi
Mangochi|Katuli|Milinje
Mangochi|Katuli|Milonde Nyungwa
Mangochi|Katuli|Mingole
Mangochi|Katuli|Misinga
Mangochi|Katuli|Mkwepu
Mangochi|Katuli|Mlambala
Mangochi|Katuli|M'matila
Mangochi|Katuli|Mnani
Mangochi|Katuli|Mnunduni
Mangochi|Katuli|Mphatso Estate
Mangochi|Katuli|Mpita
Mangochi|Katuli|Mpwakata
Mangochi|Katuli|Msalule
Mangochi|Katuli|Msendema
Mangochi|Katuli|Mseso
Mangochi|Katuli|Msongolo
Mangochi|Katuli|Mtelera
Mangochi|Katuli|Mtoto Kalino
Mangochi|Katuli|Mwami Estate
Mangochi|Katuli|Namalweso
Mangochi|Katuli|Namasawi Estate
Mangochi|Katuli|Namizimu Estate Estate
Mangochi|Katuli|Namizimu Forest
Mangochi|Katuli|Namizimu Forest Reserve
Mangochi|Katuli|Ngalipa
Mangochi|Katuli|Ngapani Estate
Mangochi|Katuli|Ngapani Estate (Makolopa Camp
Mangochi|Katuli|Ngapani Estate (Msondole Camp)
Mangochi|Katuli|Ngapani Estate (Nakawale Camp)
Mangochi|Katuli|Ngapani Estate Nsanja Camp
Mangochi|Katuli|Ngolojele
Mangochi|Katuli|Ngonji
Mangochi|Katuli|Njuchi Estate
Mangochi|Katuli|Nkopiti
Mangochi|Katuli|N'lokote
Mangochi|Katuli|Nsenje
Mangochi|Katuli|Ntengula Estate
Mangochi|Katuli|Nyuche A
Mangochi|Katuli|Pawila
Mangochi|Katuli|Saidi Msefu
Mangochi|Katuli|Salimu
Mangochi|Katuli|Silimu
Mangochi|Katuli|Sokole
Mangochi|Katuli|Tangasi
Mangochi|Katuli|Wadali
Mangochi|Katuli|Zanzibar
Mangochi|Lake Malawi National Park|Lake Malawi National Park
Mangochi|Makanjila|Bakili
Mangochi|Makanjila|Binali Litufu
Mangochi|Makanjila|Binali Litufu Trading Centre
Mangochi|Makanjila|Binali Mkanda
Mangochi|Makanjila|Bwanasani
Mangochi|Makanjila|Chilawe Bibi
Mangochi|Makanjila|Chilemba Fishermen's Camp
Mangochi|Makanjila|Chilinda
Mangochi|Makanjila|Ching'anda
Mangochi|Makanjila|Cholowe
Mangochi|Makanjila|Doole
Mangochi|Makanjila|Gome
Mangochi|Makanjila|Imedi Useni
Mangochi|Makanjila|Jumbe
Mangochi|Makanjila|Kalinga
Mangochi|Makanjila|Kamtande
Mangochi|Makanjila|Kawanga
Mangochi|Makanjila|Kwilasya Kamtande
Mangochi|Makanjila|Kwilembe
Mangochi|Makanjila|Kwilombe
Mangochi|Makanjila|Likaku
Mangochi|Makanjila|Lipongo
Mangochi|Makanjila|Liwewe
Mangochi|Makanjila|Lukoloma
Mangochi|Makanjila|Lukono
Mangochi|Makanjila|Lulanga
Mangochi|Makanjila|Makacha
Mangochi|Makanjila|Makanjila
Mangochi|Makanjila|Makonjeni
Mangochi|Makanjila|Makunula
Mangochi|Makanjila|Makuta
Mangochi|Makanjila|Malamia
Mangochi|Makanjila|Mambo
Mangochi|Makanjila|Mapata
Mangochi|Makanjila|Matola
Mangochi|Makanjila|Mawale
Mangochi|Makanjila|Mawale Camp
Mangochi|Makanjila|M'bulaje
Mangochi|Makanjila|Mdala Chitenje
Mangochi|Makanjila|Mdala Kwilasya
Mangochi|Makanjila|Mdala Kwilasya Ii
Mangochi|Makanjila|Mikochi
Mangochi|Makanjila|Mkoka
Mangochi|Makanjila|Mkomanji
Mangochi|Makanjila|Mkopiti
Mangochi|Makanjila|Mkukuta
Mangochi|Makanjila|Mkukuta Ii
Mangochi|Makanjila|Mkwanda
Mangochi|Makanjila|Mmadi
Mangochi|Makanjila|M'nenje
Mangochi|Makanjila|Mng'omba
Mangochi|Makanjila|Mnomba
Mangochi|Makanjila|Mpamila
Mangochi|Makanjila|Mpangama
Mangochi|Makanjila|Mponela
Mangochi|Makanjila|Mtekete Fisheries Camp
Mangochi|Makanjila|Mtiule
Mangochi|Makanjila|Mtwana
Mangochi|Makanjila|Mwachikumba
Mangochi|Makanjila|Nalungu Camp
Mangochi|Makanjila|Namalueso
Mangochi|Makanjila|Namizimu F.Reserve
Mangochi|Makanjila|Ngwati
Mangochi|Makanjila|Njelenje
Mangochi|Makanjila|Onani
Mangochi|Makanjila|Saiti Chifupi
Mangochi|Makanjila|Saiti Mwasungu
Mangochi|Makanjila|Selemani Malamia
Mangochi|Makanjila|Sungu Fishermen's Camp
Mangochi|Mangochi Boma|Chomba
Mangochi|Mangochi Boma|DC's Line
Mangochi|Mangochi Boma|Gundaphiri
Mangochi|Mangochi Boma|Kalonga
Mangochi|Mangochi Boma|Mangochi Trading Centre
Mangochi|Mangochi Boma|Mapira
Mangochi|Mangochi Boma|Misi Katema
Mangochi|Mangochi Boma|Mtagaluka
Mangochi|Mangochi Boma|Mtalimanja
Mangochi|Mangochi Boma|Mtasi
Mangochi|Mangochi Boma|Mwanyama
Mangochi|Mangochi Boma|Saiti Kadzuwa
Mangochi|Mbwananyambi|Balaka Estate
Mangochi|Mbwananyambi|Budu Estate
Mangochi|Mbwananyambi|Chamba
Mangochi|Mbwananyambi|Chaphuka
Mangochi|Mbwananyambi|Chembusi
Mangochi|Mbwananyambi|Chikamba
Mangochi|Mbwananyambi|Chikauka
Mangochi|Mbwananyambi|Chikowanje
Mangochi|Mbwananyambi|Chikwekwe
Mangochi|Mbwananyambi|Chilajile
Mangochi|Mbwananyambi|Chilowa Estate
Mangochi|Mbwananyambi|Chimbalule Estate
Mangochi|Mbwananyambi|Chimwala
Mangochi|Mbwananyambi|Chinama
Mangochi|Mbwananyambi|Chipanga
Mangochi|Mbwananyambi|Chipunga Estate
Mangochi|Mbwananyambi|Chipunga Trading Centre
Mangochi|Mbwananyambi|Chiputi
Mangochi|Mbwananyambi|Chiumba
Mangochi|Mbwananyambi|Chiwaya
Mangochi|Mbwananyambi|Duwa
Mangochi|Mbwananyambi|Full Acre Estate
Mangochi|Mbwananyambi|Ganizani Estate
Mangochi|Mbwananyambi|Ipani Estate
Mangochi|Mbwananyambi|Issa
Mangochi|Mbwananyambi|Jilamu
Mangochi|Mbwananyambi|Kaiwa
Mangochi|Mbwananyambi|Kalamu
Mangochi|Mbwananyambi|Kalesi
Mangochi|Mbwananyambi|Kamwana
Mangochi|Mbwananyambi|Kandulo
Mangochi|Mbwananyambi|Kane
Mangochi|Mbwananyambi|Kapoto
Mangochi|Mbwananyambi|Kasugulu
Mangochi|Mbwananyambi|Katanya
Mangochi|Mbwananyambi|Kazembe Estate
Mangochi|Mbwananyambi|Komala
Mangochi|Mbwananyambi|Kuluwe
Mangochi|Mbwananyambi|Kutanda Estate
Mangochi|Mbwananyambi|Kuyesa Farm
Mangochi|Mbwananyambi|Kwilindi
Mangochi|Mbwananyambi|Lewani
Mangochi|Mbwananyambi|Lifi Estate
Mangochi|Mbwananyambi|Likakawe
Mangochi|Mbwananyambi|Lilama
Mangochi|Mbwananyambi|Limamu
Mangochi|Mbwananyambi|Limbalile
Mangochi|Mbwananyambi|Linganya
Mangochi|Mbwananyambi|Lisimba Estate
Mangochi|Mbwananyambi|Lumeta
Mangochi|Mbwananyambi|Lunda
Mangochi|Mbwananyambi|Magambo
Mangochi|Mbwananyambi|Magomero Trading Centre
Mangochi|Mbwananyambi|Mahala
Mangochi|Mbwananyambi|Majuni Estate
Mangochi|Mbwananyambi|Maka
Mangochi|Mbwananyambi|Makupu
Mangochi|Mbwananyambi|Makwinja Farm
Mangochi|Mbwananyambi|Malele
Mangochi|Mbwananyambi|Malukula
Mangochi|Mbwananyambi|Maluwa
Mangochi|Mbwananyambi|Manduta
Mangochi|Mbwananyambi|Mangochi Forest
Mangochi|Mbwananyambi|Masuku
Mangochi|Mbwananyambi|Masuku Trading Centre
Mangochi|Mbwananyambi|Matamando Estate
Mangochi|Mbwananyambi|Matamando ii Estate
Mangochi|Mbwananyambi|Matekela
Mangochi|Mbwananyambi|Matupa
Mangochi|Mbwananyambi|Mauwa
Mangochi|Mbwananyambi|Mayaka Estate
Mangochi|Mbwananyambi|Mbalama
Mangochi|Mbwananyambi|Mbele
Mangochi|Mbwananyambi|Mchokola
Mangochi|Mbwananyambi|Mdala
Mangochi|Mbwananyambi|Mdoka
Mangochi|Mbwananyambi|Mgawo Mkwepu
Mangochi|Mbwananyambi|Mikundi
Mangochi|Mbwananyambi|Minandi
Mangochi|Mbwananyambi|Mjale
Mangochi|Mbwananyambi|Mjato
Mangochi|Mbwananyambi|Mjawa Estate
Mangochi|Mbwananyambi|Mkaipa
Mangochi|Mbwananyambi|Mkaipo
Mangochi|Mbwananyambi|Mkambili
Mangochi|Mbwananyambi|Mkambili Trading Centre
Mangochi|Mbwananyambi|Mkanamwano Estate
Mangochi|Mbwananyambi|Mkawa
Mangochi|Mbwananyambi|Mkonde
Mangochi|Mbwananyambi|Mkopo
Mangochi|Mbwananyambi|Mkuliwa
Mangochi|Mbwananyambi|Mkumba
Mangochi|Mbwananyambi|Mkwalula
Mangochi|Mbwananyambi|Mkweya
Mangochi|Mbwananyambi|Mkweza
Mangochi|Mbwananyambi|Mlembe
Mangochi|Mbwananyambi|Mlenga
Mangochi|Mbwananyambi|Mlokoti
Mangochi|Mbwananyambi|M'menyanga
Mangochi|Mbwananyambi|Mpama
Mangochi|Mbwananyambi|Mpata
Mangochi|Mbwananyambi|Mpatila
Mangochi|Mbwananyambi|Mpekenya Estate
Mangochi|Mbwananyambi|Mpisa
Mangochi|Mbwananyambi|Mponda
Mangochi|Mbwananyambi|Msenda
Mangochi|Mbwananyambi|Msinda
Mangochi|Mbwananyambi|Msindo
Mangochi|Mbwananyambi|Msulila
Mangochi|Mbwananyambi|Mtola
Mangochi|Mbwananyambi|Mtundu
Mangochi|Mbwananyambi|Mtupila
Mangochi|Mbwananyambi|Mtwela
Mangochi|Mbwananyambi|Mvero
Mangochi|Mbwananyambi|Mwambwanjila
Mangochi|Mbwananyambi|Mweyeheli
Mangochi|Mbwananyambi|Naipwi
Mangochi|Mbwananyambi|Nakapa
Mangochi|Mbwananyambi|Nakawale Estate
Mangochi|Mbwananyambi|Nakonya
Mangochi|Mbwananyambi|Namaloe Estate
Mangochi|Mbwananyambi|Namaninga
Mangochi|Mbwananyambi|Namanyasi Estate
Mangochi|Mbwananyambi|Namapiri Estate
Mangochi|Mbwananyambi|Namatumbo
Mangochi|Mbwananyambi|Namilongo Estate
Mangochi|Mbwananyambi|Namoli
Mangochi|Mbwananyambi|Namwala
Mangochi|Mbwananyambi|Nangalole Estate
Mangochi|Mbwananyambi|Ndasoloka Estate
Mangochi|Mbwananyambi|Ngatupe
Mangochi|Mbwananyambi|Ngoche  Estate
Mangochi|Mbwananyambi|Ngoji
Mangochi|Mbwananyambi|Ngokwe
Mangochi|Mbwananyambi|Nombo
Mangochi|Mbwananyambi|Nongwa
Mangochi|Mbwananyambi|Ntikita Estate
Mangochi|Mbwananyambi|Ntundu
Mangochi|Mbwananyambi|Nyenyesi Estate
Mangochi|Mbwananyambi|Pila
Mangochi|Mbwananyambi|Pweliya
Mangochi|Mbwananyambi|Sabiti
Mangochi|Mbwananyambi|Saidi Mtwela
Mangochi|Mbwananyambi|Sinyala
Mangochi|Mbwananyambi|Somba
Mangochi|Mbwananyambi|Somba Chipunga
Mangochi|Mbwananyambi|Talasani
Mangochi|Mbwananyambi|Tambala
Mangochi|Mbwananyambi|Tambala Estate
Mangochi|Mponda|Asigele
Mangochi|Mponda|Belo
Mangochi|Mponda|Bwanali
Mangochi|Mponda|Bwanali Mikonga
Mangochi|Mponda|Chapima
Mangochi|Mponda|Chawa
Mangochi|Mponda|Chibwelela(Mwawa)
Mangochi|Mponda|Chikundo
Mangochi|Mponda|Chikwatu
Mangochi|Mponda|Chilemba
Mangochi|Mponda|Chilembwe
Mangochi|Mponda|Chimbende
Mangochi|Mponda|Chimombo
Mangochi|Mponda|Chimsale
Mangochi|Mponda|Chipala
Mangochi|Mponda|Chipalamawamba
Mangochi|Mponda|Chipeta
Mangochi|Mponda|Chipoka
Mangochi|Mponda|Chipoka 1
Mangochi|Mponda|Chipoka II
Mangochi|Mponda|Chisambamnopa
Mangochi|Mponda|Chisawa
Mangochi|Mponda|Chisigele
Mangochi|Mponda|Fundi
Mangochi|Mponda|Gulugute Farm
Mangochi|Mponda|Imani
Mangochi|Mponda|Isa Mponda
Mangochi|Mponda|Jamali Mkumbi
Mangochi|Mponda|John Mapata
Mangochi|Mponda|John Sawadi
Mangochi|Mponda|Kachala
Mangochi|Mponda|Kafulumira
Mangochi|Mponda|Kalino
Mangochi|Mponda|Kamlaga Farm
Mangochi|Mponda|Kamsimbile
Mangochi|Mponda|Kamwana
Mangochi|Mponda|Kandeu
Mangochi|Mponda|Kansakha
Mangochi|Mponda|Kapako
Mangochi|Mponda|Kasila
Mangochi|Mponda|Katema
Mangochi|Mponda|Katumbili
Mangochi|Mponda|Kaupa
Mangochi|Mponda|Kazembe
Mangochi|Mponda|Kela
Mangochi|Mponda|Khungwa
Mangochi|Mponda|Koloko
Mangochi|Mponda|Kunthande
Mangochi|Mponda|Kusangazi  Farm
Mangochi|Mponda|Kwitambo
Mangochi|Mponda|Labana
Mangochi|Mponda|Labana Farm
Mangochi|Mponda|Liguluche
Mangochi|Mponda|Lipondo
Mangochi|Mponda|Lipondo (Chimsale)
Mangochi|Mponda|Liunga Farm
Mangochi|Mponda|Luwinda
Mangochi|Mponda|Machemba
Mangochi|Mponda|Madalitso  Farm
Mangochi|Mponda|Makawa
Mangochi|Mponda|Makokola
Mangochi|Mponda|Makunganya
Mangochi|Mponda|Malilo
Mangochi|Mponda|Malola
Mangochi|Mponda|Malunda
Mangochi|Mponda|Malunga
Mangochi|Mponda|Malunga Bolela
Mangochi|Mponda|Mandalu
Mangochi|Mponda|Mandimba Estate
Mangochi|Mponda|Mangochi Palm Forest
Mangochi|Mponda|Manjawila
Mangochi|Mponda|Maoni
Mangochi|Mponda|Mapata
Mangochi|Mponda|Masanga
Mangochi|Mponda|Masaninga
Mangochi|Mponda|Matewele
Mangochi|Mponda|Matuta
Mangochi|Mponda|Matuwi
Mangochi|Mponda|Matwani
Mangochi|Mponda|Mauwa
Mangochi|Mponda|Mawiliga
Mangochi|Mponda|Mawiliga Trading Centre
Mangochi|Mponda|Mbande
Mangochi|Mponda|M'bwana
Mangochi|Mponda|Mchisa
Mangochi|Mponda|Mchocholo
Mangochi|Mponda|Mdala Mauwa
Mangochi|Mponda|Mdeza
Mangochi|Mponda|M'dima
Mangochi|Mponda|Mdoka
Mangochi|Mponda|Michesi
Mangochi|Mponda|Mikongolo
Mangochi|Mponda|Mikundi
Mangochi|Mponda|Mitanga
Mangochi|Mponda|Mitawa Muima
Mangochi|Mponda|Mjese Matewere
Mangochi|Mponda|Mkali
Mangochi|Mponda|Mkandawire Estate
Mangochi|Mponda|Mkawa
Mangochi|Mponda|Mkuchila
Mangochi|Mponda|Mkungumbe
Mangochi|Mponda|Mkwatula
Mangochi|Mponda|Mpalume
Mangochi|Mponda|Mpamanda
Mangochi|Mponda|Mpemba
Mangochi|Mponda|Mpinganjira
Mangochi|Mponda|Mpumbe
Mangochi|Mponda|Msanyila
Mangochi|Mponda|Msenga
Mangochi|Mponda|Msinje
Mangochi|Mponda|Msosa Bara
Mangochi|Mponda|Mtafu
Mangochi|Mponda|Mtalika
Mangochi|Mponda|Mtamila I
Mangochi|Mponda|Mtamila II
Mangochi|Mponda|Mthyala
Mangochi|Mponda|Mtimbuka
Mangochi|Mponda|Mtongole
Mangochi|Mponda|Muumbwa
Mangochi|Mponda|Mwachande
Mangochi|Mponda|Mwawa
Mangochi|Mponda|Mwenyemasi
Mangochi|Mponda|Nachenda
Mangochi|Mponda|Namakango
Mangochi|Mponda|Namakazu (Katambo)
Mangochi|Mponda|Nasenga
Mangochi|Mponda|Ndando
Mangochi|Mponda|Ndembe
Mangochi|Mponda|Ndondo
Mangochi|Mponda|Ngoyi
Mangochi|Mponda|Nsosa
Mangochi|Mponda|Pagona
Mangochi|Mponda|Palm Beach Trading Centre
Mangochi|Mponda|Phirilongwe Forest Reserve
Mangochi|Mponda|Pongolani
Mangochi|Mponda|Sadiki
Mangochi|Mponda|Saiti Ngawe
Mangochi|Mponda|Salubeni
Mangochi|Mponda|Samama
Mangochi|Mponda|Sani Mkawa
Mangochi|Mponda|Soliati
Mangochi|Mponda|Stambuli
Mangochi|Mponda|Tambala
Mangochi|Mponda|Thite Estate
Mangochi|Mponda|Tsoka Estate
Mangochi|Mponda|Tutogolele (Mankhwala) Farm
Mangochi|Mponda|Umphawi Wanga Farm
Mangochi|Mponda|Utawaleza Farm
Mangochi|Namabvi|Bulaimu
Mangochi|Namabvi|Chapola
Mangochi|Namabvi|Chikulo
Mangochi|Namabvi|Chilawe Lutende
Mangochi|Namabvi|Chilonga
Mangochi|Namabvi|Chiponda
Mangochi|Namabvi|Fowo
Mangochi|Namabvi|Kabuli
Mangochi|Namabvi|Kadango
Mangochi|Namabvi|Kwilasya
Mangochi|Namabvi|Liwiga
Mangochi|Namabvi|Machekwani
Mangochi|Namabvi|Matukuta
Mangochi|Namabvi|Mbalame
Mangochi|Namabvi|Mbale
Mangochi|Namabvi|Mdoka
Mangochi|Namabvi|Mkumbila
Mangochi|Namabvi|Mpundi
Mangochi|Namabvi|Mtumbula
Mangochi|Namabvi|Mwanjati
Mangochi|Namabvi|Namalaka
Mangochi|Namabvi|Ng'ombe
Mangochi|Namabvi|Ng'ombe Matowe
Mangochi|Namabvi|Nkwepu
Mangochi|Namabvi|Nyangu
Mangochi|Namabvi|Thumbwe
Mangochi|Nankumba|Army Officers Compound
Mangochi|Nankumba|Balamanja
Mangochi|Nankumba|Belo Farm
Mangochi|Nankumba|Binali
Mangochi|Nankumba|Chamba
Mangochi|Nankumba|Chantulo
Mangochi|Nankumba|Chechawa
Mangochi|Nankumba|Chembe
Mangochi|Nankumba|Chigonele
Mangochi|Nankumba|Chilawe
Mangochi|Nankumba|Chilembwe
Mangochi|Nankumba|Chilimba
Mangochi|Nankumba|Chilimnthaka Estate
Mangochi|Nankumba|Chilonga
Mangochi|Nankumba|Chimphamba
Mangochi|Nankumba|Chimphepo
Mangochi|Nankumba|Chindongo
Mangochi|Nankumba|Chiocha
Mangochi|Nankumba|Chirombo
Mangochi|Nankumba|Chishoka
Mangochi|Nankumba|Chiwalo
Mangochi|Nankumba|Chiwalo A
Mangochi|Nankumba|Chiwangula
Mangochi|Nankumba|Chizale
Mangochi|Nankumba|Chizula
Mangochi|Nankumba|Coma Crock Farm
Mangochi|Nankumba|Domwe
Mangochi|Nankumba|Funwe Farm
Mangochi|Nankumba|Galeta Farm
Mangochi|Nankumba|Gilbert
Mangochi|Nankumba|Guma
Mangochi|Nankumba|Idulusi
Mangochi|Nankumba|Jalasi
Mangochi|Nankumba|Juma Mbanga
Mangochi|Nankumba|Kaiche
Mangochi|Nankumba|Kalowa
Mangochi|Nankumba|Kamangazula
Mangochi|Nankumba|Kamphande
Mangochi|Nankumba|Kamphande (B)
Mangochi|Nankumba|Kamwetsa
Mangochi|Nankumba|Kanjoka
Mangochi|Nankumba|Kanyenga
Mangochi|Nankumba|Kapichi
Mangochi|Nankumba|Kasankha
Mangochi|Nankumba|Katole
Mangochi|Nankumba|Katole (B)
Mangochi|Nankumba|Kazembe
Mangochi|Nankumba|Kela
Mangochi|Nankumba|Kholowele
Mangochi|Nankumba|Khombe
Mangochi|Nankumba|Lake Services Compound
Mangochi|Nankumba|Liganga
Mangochi|Nankumba|Liganga A
Mangochi|Nankumba|Lisimba A
Mangochi|Nankumba|Lisimba B
Mangochi|Nankumba|Lumwila
Mangochi|Nankumba|Madzedze
Mangochi|Nankumba|Makanjira Estate
Mangochi|Nankumba|Makokola
Mangochi|Nankumba|Makunula
Mangochi|Nankumba|Malawi Army Compound
Mangochi|Nankumba|Malembo Trading Centre
Mangochi|Nankumba|Maloya
Mangochi|Nankumba|Mang'umbi
Mangochi|Nankumba|Manzi
Mangochi|Nankumba|Mapatang'ombe
Mangochi|Nankumba|Masantche
Mangochi|Nankumba|Masoto Estate
Mangochi|Nankumba|Matapang'ombe
Mangochi|Nankumba|Matayo
Mangochi|Nankumba|Matekwe
Mangochi|Nankumba|Maudzu
Mangochi|Nankumba|Mbapi
Mangochi|Nankumba|Mbinda
Mangochi|Nankumba|Mbota (Kamsiya)
Mangochi|Nankumba|M'bwadzulu
Mangochi|Nankumba|M'bwana
Mangochi|Nankumba|Mdala Chikowa
Mangochi|Nankumba|Mdala Chilowa
Mangochi|Nankumba|Mkungwi B
Mangochi|Nankumba|Mkwatulo
Mangochi|Nankumba|Mlogeni
Mangochi|Nankumba|Mologeni
Mangochi|Nankumba|Monkey-Bay
Mangochi|Nankumba|Mpale
Mangochi|Nankumba|Mpango
Mangochi|Nankumba|Mpeta
Mangochi|Nankumba|Mphininga
Mangochi|Nankumba|Mputa
Mangochi|Nankumba|Mputa C
Mangochi|Nankumba|Msaka
Mangochi|Nankumba|Mselema
Mangochi|Nankumba|Msozi Farm
Mangochi|Nankumba|Mteleleka
Mangochi|Nankumba|Mtewa
Mangochi|Nankumba|Mthunya
Mangochi|Nankumba|Mtola
Mangochi|Nankumba|Mvumba
Mangochi|Nankumba|Mvunguti
Mangochi|Nankumba|Mwalala
Mangochi|Nankumba|Mwalembe
Mangochi|Nankumba|Mwalembe B
Mangochi|Nankumba|Mwanyama
Mangochi|Nankumba|Mwationa Farm
Mangochi|Nankumba|Mwenda
Mangochi|Nankumba|Nagoma
Mangochi|Nankumba|Nakholokolo
Mangochi|Nankumba|Namakoma
Mangochi|Nankumba|Namgoma
Mangochi|Nankumba|Nankumba
Mangochi|Nankumba|Nanyanje Estate
Mangochi|Nankumba|Ndasauka Farm
Mangochi|Nankumba|Nkungwi
Mangochi|Nankumba|Nkupa
Mangochi|Nankumba|Nona
Mangochi|Nankumba|Philips Farm
Mangochi|Nankumba|Phiri Estate
Mangochi|Nankumba|Railways Compound
Mangochi|Nankumba|Saidi Matola
Mangochi|Nankumba|Simoni
Mangochi|Nankumba|Sokole
Mangochi|Nankumba|Sokole (A)
Mangochi|Nankumba|Sombe
Mangochi|Nankumba|Sosola
Mangochi|Nankumba|Sumbi
Mangochi|Nankumba|Sumbi (Masasa)
Mangochi|Nankumba|Tayipenji Farm
Mangochi|Nankumba|Thema Estate
Mangochi|Nankumba|Tiyanjane Farm
Mangochi|Nankumba|Yesaya
Mangochi|Nankumba|Zambo
Mangochi|Nankumba|Zangaphee Estate
Mangochi|Nankumba|Zimba Wadi
Mangochi|Nankumba|Zimbayuda
Mchinji|Dambe|Andrews Farm
Mchinji|Dambe|Azele
Mchinji|Dambe|Betha
Mchinji|Dambe|Chabwinkha
Mchinji|Dambe|Chafumuka
Mchinji|Dambe|Chagwilira
Mchinji|Dambe|Chakhala
Mchinji|Dambe|Chalanda
Mchinji|Dambe|Chalasa
Mchinji|Dambe|Chalima
Mchinji|Dambe|Chalunda
Mchinji|Dambe|Chalunda Trading Centre
Mchinji|Dambe|Chankhuku Farm
Mchinji|Dambe|Chapakama
Mchinji|Dambe|Chatha
Mchinji|Dambe|Chawekha Estate
Mchinji|Dambe|Chembe
Mchinji|Dambe|Chibere
Mchinji|Dambe|Chibra
Mchinji|Dambe|Chibwana
Mchinji|Dambe|Chidzete
Mchinji|Dambe|Chikho
Mchinji|Dambe|Chikoti
Mchinji|Dambe|Chikoya
Mchinji|Dambe|Chilombo
Mchinji|Dambe|Chilowe
Mchinji|Dambe|Chilumpha
Mchinji|Dambe|Chiluzi
Mchinji|Dambe|Chimatilo
Mchinji|Dambe|Chimphamba
Mchinji|Dambe|Chimwala
Mchinji|Dambe|Chinkana
Mchinji|Dambe|Chinkokomo Farm
Mchinji|Dambe|Chinkwanda
Mchinji|Dambe|Chinteche
Mchinji|Dambe|Chinyonga
Mchinji|Dambe|Chiphesi
Mchinji|Dambe|Chiphesi Trading Centre
Mchinji|Dambe|Chipulumba
Mchinji|Dambe|Chipumi
Mchinji|Dambe|Chipwambwa
Mchinji|Dambe|Chisamba
Mchinji|Dambe|Chisasira
Mchinji|Dambe|Chisenga
Mchinji|Dambe|Chithope
Mchinji|Dambe|Chiti
Mchinji|Dambe|Chitonde
Mchinji|Dambe|Chivala
Mchinji|Dambe|Chiwamba Farm
Mchinji|Dambe|Chiwasa
Mchinji|Dambe|Chkana
Mchinji|Dambe|Choko
Mchinji|Dambe|Cmbonyo
Mchinji|Dambe|Dama
Mchinji|Dambe|Damaseke
Mchinji|Dambe|Dambe
Mchinji|Dambe|Dambo
Mchinji|Dambe|Danda
Mchinji|Dambe|Diti
Mchinji|Dambe|Dumika
Mchinji|Dambe|Elevasi
Mchinji|Dambe|Elisa
Mchinji|Dambe|Fala
Mchinji|Dambe|Folosani
Mchinji|Dambe|Folotiya
Mchinji|Dambe|Fulawo
Mchinji|Dambe|Galangombe
Mchinji|Dambe|Gandali
Mchinji|Dambe|General Farming Estate
Mchinji|Dambe|Gome
Mchinji|Dambe|Gong'ontha
Mchinji|Dambe|Goseni
Mchinji|Dambe|Isaack
Mchinji|Dambe|James
Mchinji|Dambe|Jekemu
Mchinji|Dambe|Jere
Mchinji|Dambe|Jimu
Mchinji|Dambe|Jowelo
Mchinji|Dambe|Juffita
Mchinji|Dambe|Kabvala
Mchinji|Dambe|Kabvuta
Mchinji|Dambe|Kachere
Mchinji|Dambe|Kachiteya (Sinoliya)
Mchinji|Dambe|Kadamanja
Mchinji|Dambe|Kadzimomwe Farm
Mchinji|Dambe|Kalangeni
Mchinji|Dambe|Kalembankhaza
Mchinji|Dambe|Kaliati
Mchinji|Dambe|Kalikongwe
Mchinji|Dambe|Kalima
Mchinji|Dambe|Kaliyati
Mchinji|Dambe|Kalulu
Mchinji|Dambe|Kaluzi
Mchinji|Dambe|Kambani
Mchinji|Dambe|Kambuwe
Mchinji|Dambe|Kamenya
Mchinji|Dambe|Kamera
Mchinji|Dambe|Kampambale
Mchinji|Dambe|Kamphika
Mchinji|Dambe|Kamwana Farm
Mchinji|Dambe|Kamwaza
Mchinji|Dambe|Kanamwali
Mchinji|Dambe|Kantibulira
Mchinji|Dambe|Kanyakuka
Mchinji|Dambe|Kanzimbe
Mchinji|Dambe|Kanzongo
Mchinji|Dambe|Kapamba
Mchinji|Dambe|Kapanda
Mchinji|Dambe|Kapeza
Mchinji|Dambe|Kapichira
Mchinji|Dambe|Kapiri  Estate
Mchinji|Dambe|Kapiri  Farm
Mchinji|Dambe|Kapiri  Trading Centre
Mchinji|Dambe|Kaponda
Mchinji|Dambe|Kaponya
Mchinji|Dambe|Kapotwe
Mchinji|Dambe|Kasannda
Mchinji|Dambe|Katheka
Mchinji|Dambe|Kathobwa
Mchinji|Dambe|Katukula
Mchinji|Dambe|Katunga
Mchinji|Dambe|Kauma
Mchinji|Dambe|Kayembe
Mchinji|Dambe|Kazyoka
Mchinji|Dambe|Khamalidyetsa farm
Mchinji|Dambe|Khwamba
Mchinji|Dambe|Khwere
Mchinji|Dambe|Kudambe
Mchinji|Dambe|Kuminyanga Estate
Mchinji|Dambe|Kumkwala
Mchinji|Dambe|Kupilira Farm
Mchinji|Dambe|Kwaloza
Mchinji|Dambe|Labsoni
Mchinji|Dambe|Lodzanyama
Mchinji|Dambe|Lumbe
Mchinji|Dambe|Lusa Estate 69
Mchinji|Dambe|Madzi
Mchinji|Dambe|Madzimwala Farm
Mchinji|Dambe|Makumbila
Mchinji|Dambe|Makuta
Mchinji|Dambe|Malinga
Mchinji|Dambe|Maliseni
Mchinji|Dambe|Malonga
Mchinji|Dambe|Malosiyo
Mchinji|Dambe|Mande
Mchinji|Dambe|Mangochi
Mchinji|Dambe|Maria Farm
Mchinji|Dambe|Marteni
Mchinji|Dambe|Masamba
Mchinji|Dambe|Masinza
Mchinji|Dambe|Mateche
Mchinji|Dambe|Maviko
Mchinji|Dambe|Mawere
Mchinji|Dambe|Mazenga
Mchinji|Dambe|Mazengera
Mchinji|Dambe|Mbalame
Mchinji|Dambe|Mbewa
Mchinji|Dambe|Mchilumba
Mchinji|Dambe|Mchilwa
Mchinji|Dambe|Mchinji Estate
Mchinji|Dambe|Mchonkwe
Mchinji|Dambe|Mduku
Mchinji|Dambe|Mdume
Mchinji|Dambe|Misheck Farm
Mchinji|Dambe|Mkumbi
Mchinji|Dambe|Mngongonda
Mchinji|Dambe|Mpandamo Farm
Mchinji|Dambe|Mpango
Mchinji|Dambe|Mpani
Mchinji|Dambe|Mphako
Mchinji|Dambe|Mphambano
Mchinji|Dambe|Mphanda
Mchinji|Dambe|Mphatso Estate
Mchinji|Dambe|Mphepo
Mchinji|Dambe|Mpini Estate
Mchinji|Dambe|Msampha
Mchinji|Dambe|Msapenda
Mchinji|Dambe|Msauka Farm
Mchinji|Dambe|Mshambaza
Mchinji|Dambe|Msiya
Mchinji|Dambe|Msungama Farm
Mchinji|Dambe|Mtamila
Mchinji|Dambe|Mtengabvumba
Mchinji|Dambe|Mthini
Mchinji|Dambe|Mtopola
Mchinji|Dambe|Mtulura
Mchinji|Dambe|Mwachedwa Estate
Mchinji|Dambe|Mwanje Estate
Mchinji|Dambe|Mwavuli
Mchinji|Dambe|Mzemba
Mchinji|Dambe|Mzuzi
Mchinji|Dambe|Nakonda Estate
Mchinji|Dambe|Ndaule
Mchinji|Dambe|Ndulu(Ashan) Estate
Mchinji|Dambe|Nene
Mchinji|Dambe|Newa
Mchinji|Dambe|Ng'ombe Estate
Mchinji|Dambe|Njiragantha
Mchinji|Dambe|Nkhawa
Mchinji|Dambe|Nkhuni
Mchinji|Dambe|Nkhunumbu
Mchinji|Dambe|Nkhwazi
Mchinji|Dambe|Nkoleza  Estate
Mchinji|Dambe|Nthema
Mchinji|Dambe|Ntondo
Mchinji|Dambe|Ntukulo
Mchinji|Dambe|Panye
Mchinji|Dambe|Roben
Mchinji|Dambe|Rusa Estate 71
Mchinji|Dambe|Sailota Farm
Mchinji|Dambe|Sakhuta
Mchinji|Dambe|Sambakusi
Mchinji|Dambe|Sangu Farm
Mchinji|Dambe|Sankhani
Mchinji|Dambe|Sekwe
Mchinji|Dambe|Sendeza
Mchinji|Dambe|Shati
Mchinji|Dambe|Simba Farm
Mchinji|Dambe|Sinoya
Mchinji|Dambe|Siula
Mchinji|Dambe|Suna
Mchinji|Dambe|Takondwa Estate
Mchinji|Dambe|Tchaisi Estate
Mchinji|Dambe|Tembenukani
Mchinji|Dambe|Tengeza
Mchinji|Dambe|Tongole
Mchinji|Dambe|Tsekwe
Mchinji|Dambe|Tsengo
Mchinji|Dambe|Tsongola Farm
Mchinji|Dambe|Tsumba
Mchinji|Dambe|Usiku
Mchinji|Dambe|Vyombo Farm
Mchinji|Dambe|Wanzerundani Farm
Mchinji|Dambe|Wilima
Mchinji|Dambe|Wilson
Mchinji|Dambe|Yolodani Estate
Mchinji|Dambe|Zawanda
Mchinji|Dambe|Zikomo   Farm
Mchinji|Dambe|Zikomo  Estate
Mchinji|Dambe|Zindikirani
Mchinji|Dambe|Zingalume Farm
Mchinji|Dambe|Zirimnthaka Estate
Mchinji|Dambe|Zirimnthaka Farm
Mchinji|Dambe|Ziyaye
Mchinji|Dambe|Ziyeletsa
Mchinji|Dambe|Zonse
Mchinji|Mavwere|Anderson
Mchinji|Mavwere|Andrew
Mchinji|Mavwere|Andreya
Mchinji|Mavwere|Antonio
Mchinji|Mavwere|Bakieli
Mchinji|Mavwere|Bakiwe
Mchinji|Mavwere|Balira
Mchinji|Mavwere|Baloni
Mchinji|Mavwere|Batumeyo
Mchinji|Mavwere|Bester
Mchinji|Mavwere|Bile
Mchinji|Mavwere|Bokosi
Mchinji|Mavwere|Bua Trading Centre
Mchinji|Mavwere|Chadzuka
Mchinji|Mavwere|Chaguluka
Mchinji|Mavwere|Chakunkha
Mchinji|Mavwere|Chalaswa
Mchinji|Mavwere|Chalimba
Mchinji|Mavwere|Chaluma
Mchinji|Mavwere|Chamani
Mchinji|Mavwere|Chambala
Mchinji|Mavwere|chaswalinga
Mchinji|Mavwere|Chenjelani
Mchinji|Mavwere|Cheselana
Mchinji|Mavwere|Chewilo
Mchinji|Mavwere|Chibaya
Mchinji|Mavwere|Chidaona
Mchinji|Mavwere|Chididi Farm
Mchinji|Mavwere|Chidude
Mchinji|Mavwere|Chidzanja
Mchinji|Mavwere|Chifuka
Mchinji|Mavwere|Chigaga
Mchinji|Mavwere|Chigangawa
Mchinji|Mavwere|Chiganizo
Mchinji|Mavwere|Chigunda
Mchinji|Mavwere|Chikaza
Mchinji|Mavwere|Chikole
Mchinji|Mavwere|Chikula
Mchinji|Mavwere|Chikuse
Mchinji|Mavwere|Chikwawa
Mchinji|Mavwere|Chikwawe
Mchinji|Mavwere|Chikwembani
Mchinji|Mavwere|Chilenga
Mchinji|Mavwere|Chilopa
Mchinji|Mavwere|Chilunda
Mchinji|Mavwere|Chimbatata
Mchinji|Mavwere|Chinkoka
Mchinji|Mavwere|Chinteleka
Mchinji|Mavwere|Chinteteka
Mchinji|Mavwere|Chinyata
Mchinji|Mavwere|Chinzili
Mchinji|Mavwere|Chinzupe
Mchinji|Mavwere|Chipandwe
Mchinji|Mavwere|Chipata
Mchinji|Mavwere|Chipekwe
Mchinji|Mavwere|Chiphata
Mchinji|Mavwere|Chiphesi
Mchinji|Mavwere|Chiponzi
Mchinji|Mavwere|Chithumba
Mchinji|Mavwere|Chithumba Trading centre
Mchinji|Mavwere|Chiutsi
Mchinji|Mavwere|Chiwekwe
Mchinji|Mavwere|Chizalira
Mchinji|Mavwere|Chokumbira
Mchinji|Mavwere|Cholowela
Mchinji|Mavwere|Chomosola
Mchinji|Mavwere|Chulu
Mchinji|Mavwere|Dambo
Mchinji|Mavwere|Danje I
Mchinji|Mavwere|Dekeresi
Mchinji|Mavwere|Diyele
Mchinji|Mavwere|Dona
Mchinji|Mavwere|Doola
Mchinji|Mavwere|Filipo
Mchinji|Mavwere|Foloko
Mchinji|Mavwere|Galawe
Mchinji|Mavwere|Gemi
Mchinji|Mavwere|Gezani
Mchinji|Mavwere|Gibson
Mchinji|Mavwere|Gobede
Mchinji|Mavwere|Gostino
Mchinji|Mavwere|Gumulira
Mchinji|Mavwere|Guwende
Mchinji|Mavwere|Gwazani
Mchinji|Mavwere|Jasi
Mchinji|Mavwere|Jeebi
Mchinji|Mavwere|Jeke
Mchinji|Mavwere|Jekeseni
Mchinji|Mavwere|Jeremiya
Mchinji|Mavwere|Jimu
Mchinji|Mavwere|Jofati
Mchinji|Mavwere|John
Mchinji|Mavwere|Joswa
Mchinji|Mavwere|Jusi
Mchinji|Mavwere|Kabuthu
Mchinji|Mavwere|Kabzyala
Mchinji|Mavwere|Kachamba
Mchinji|Mavwere|Kachere
Mchinji|Mavwere|Kachigulu
Mchinji|Mavwere|Kachilala
Mchinji|Mavwere|Kachingwe
Mchinji|Mavwere|Kachule
Mchinji|Mavwere|Kadzabwino
Mchinji|Mavwere|Kadzakumanja
Mchinji|Mavwere|Kadzombe
Mchinji|Mavwere|Kalanzi
Mchinji|Mavwere|Kalirani
Mchinji|Mavwere|Kalita
Mchinji|Mavwere|Kaliwekha
Mchinji|Mavwere|Kaliyoti
Mchinji|Mavwere|Kambadzuwa
Mchinji|Mavwere|Kambalani
Mchinji|Mavwere|Kambanda
Mchinji|Mavwere|Kambwembwe
Mchinji|Mavwere|Kamchere
Mchinji|Mavwere|Kamela
Mchinji|Mavwere|Kamende
Mchinji|Mavwere|Kamlilika
Mchinji|Mavwere|Kamongo
Mchinji|Mavwere|Kamphata
Mchinji|Mavwere|Kamphemvu
Mchinji|Mavwere|Kamukwa
Mchinji|Mavwere|Kamwaza
Mchinji|Mavwere|Kanchere
Mchinji|Mavwere|Kandevu
Mchinji|Mavwere|Kangaga
Mchinji|Mavwere|Kankhande
Mchinji|Mavwere|Kantengo
Mchinji|Mavwere|Kanthukadza
Mchinji|Mavwere|Kanyindula
Mchinji|Mavwere|Kaole
Mchinji|Mavwere|Kapanga
Mchinji|Mavwere|Kaphale
Mchinji|Mavwere|Kasamboti
Mchinji|Mavwere|Kasaula
Mchinji|Mavwere|Katibula
Mchinji|Mavwere|Katosa
Mchinji|Mavwere|Katsenga
Mchinji|Mavwere|Katsukunya
Mchinji|Mavwere|Kauma
Mchinji|Mavwere|Kazawe
Mchinji|Mavwere|Kazonga
Mchinji|Mavwere|Kazule
Mchinji|Mavwere|Khombe
Mchinji|Mavwere|Khonde
Mchinji|Mavwere|Khungwa
Mchinji|Mavwere|Kosimasi
Mchinji|Mavwere|Kotola
Mchinji|Mavwere|Kufusa
Mchinji|Mavwere|Kumbuyo
Mchinji|Mavwere|Kumitengo
Mchinji|Mavwere|Kunjawa
Mchinji|Mavwere|Kusata
Mchinji|Mavwere|Kwalimbamoyo
Mchinji|Mavwere|Kwinzu
Mchinji|Mavwere|Lazalo
Mchinji|Mavwere|Leonard
Mchinji|Mavwere|Lezani
Mchinji|Mavwere|Lezinala
Mchinji|Mavwere|Lifuled
Mchinji|Mavwere|Likungwi
Mchinji|Mavwere|Lisitidi
Mchinji|Mavwere|Liwonde
Mchinji|Mavwere|Longwe
Mchinji|Mavwere|Lumelo
Mchinji|Mavwere|Madzi
Mchinji|Mavwere|Mafuta
Mchinji|Mavwere|Makanda
Mchinji|Mavwere|Makhula
Mchinji|Mavwere|Makungwa
Mchinji|Mavwere|Makwenda
Mchinji|Mavwere|Malunga
Mchinji|Mavwere|Mandala
Mchinji|Mavwere|Mandanda
Mchinji|Mavwere|Mandiza
Mchinji|Mavwere|Mangani
Mchinji|Mavwere|Mangwale
Mchinji|Mavwere|Mankhasha
Mchinji|Mavwere|Mankhwala
Mchinji|Mavwere|Manthalu
Mchinji|Mavwere|Manyonga
Mchinji|Mavwere|Masitala
Mchinji|Mavwere|Mastala
Mchinji|Mavwere|Masumba
Mchinji|Mavwere|Mavwere
Mchinji|Mavwere|Mawandu
Mchinji|Mavwere|Mbeza
Mchinji|Mavwere|Mbwerera Basikolo
Mchinji|Mavwere|Mbwerera Chioza
Mchinji|Mavwere|Mchaka
Mchinji|Mavwere|Mdidi
Mchinji|Mavwere|Mdundamavu
Mchinji|Mavwere|Mdzuma
Mchinji|Mavwere|Meri
Mchinji|Mavwere|Milimbo
Mchinji|Mavwere|Misale
Mchinji|Mavwere|Misale Trading Centre
Mchinji|Mavwere|Misi
Mchinji|Mavwere|Mkangeni
Mchinji|Mavwere|Mkhwelera
Mchinji|Mavwere|Mkokeza
Mchinji|Mavwere|Mkombola
Mchinji|Mavwere|Mkonda
Mchinji|Mavwere|Mkonkha
Mchinji|Mavwere|Mkonkha Trading Centre
Mchinji|Mavwere|Mkweza
Mchinji|Mavwere|Mlamba
Mchinji|Mavwere|Mlela
Mchinji|Mavwere|Mlemba
Mchinji|Mavwere|Mmaso
Mchinji|Mavwere|Mmenyawanthu
Mchinji|Mavwere|Mnamizana
Mchinji|Mavwere|Mologeni
Mchinji|Mavwere|Mphalabungu
Mchinji|Mavwere|Mphandaera
Mchinji|Mavwere|Mphemvu
Mchinji|Mavwere|Mphonde
Mchinji|Mavwere|Mpinda
Mchinji|Mavwere|Msampha
Mchinji|Mavwere|Msauchi
Mchinji|Mavwere|Msaushi
Mchinji|Mavwere|Mselela
Mchinji|Mavwere|Mselela Farm
Mchinji|Mavwere|Msiliza
Mchinji|Mavwere|Msukwala
Mchinji|Mavwere|Mtali
Mchinji|Mavwere|Mtanga
Mchinji|Mavwere|Mtengambiri
Mchinji|Mavwere|Mthope
Mchinji|Mavwere|Mtonya
Mchinji|Mavwere|Mtowe
Mchinji|Mavwere|Mtukwa
Mchinji|Mavwere|Mtuntha
Mchinji|Mavwere|Muchekeni
Mchinji|Mavwere|Mwanzalungu
Mchinji|Mavwere|Mwanzika
Mchinji|Mavwere|Mweso
Mchinji|Mavwere|Mzanda
Mchinji|Mavwere|Mzingo
Mchinji|Mavwere|Nabwenje
Mchinji|Mavwere|Nakhule
Mchinji|Mavwere|Natyola Trading Centre
Mchinji|Mavwere|Ndalama
Mchinji|Mavwere|Ndiwo
Mchinji|Mavwere|Ngalule
Mchinji|Mavwere|Ng'ambeni
Mchinji|Mavwere|Ngolomi
Mchinji|Mavwere|Njiwa
Mchinji|Mavwere|Njiwa Trading centre
Mchinji|Mavwere|Njolomole
Mchinji|Mavwere|Nkhomphola
Mchinji|Mavwere|Nkhono
Mchinji|Mavwere|Nkhulungo
Mchinji|Mavwere|Nkhumba
Mchinji|Mavwere|Nkhungulu
Mchinji|Mavwere|Nkhusu
Mchinji|Mavwere|Nkhwazi
Mchinji|Mavwere|Nkhwazi Trading Centre
Mchinji|Mavwere|Nkombola
Mchinji|Mavwere|Nkusa
Mchinji|Mavwere|Nkusachitete
Mchinji|Mavwere|Nyangu
Mchinji|Mavwere|Nyang'wani
Mchinji|Mavwere|Nyongani
Mchinji|Mavwere|Paliwene
Mchinji|Mavwere|Panchedwa Farm
Mchinji|Mavwere|Papa
Mchinji|Mavwere|Pasankhu
Mchinji|Mavwere|Pelete
Mchinji|Mavwere|Pembere
Mchinji|Mavwere|Phikani
Mchinji|Mavwere|Phimbi
Mchinji|Mavwere|Pinda
Mchinji|Mavwere|Poloto
Mchinji|Mavwere|Salimoni
Mchinji|Mavwere|Samisoni
Mchinji|Mavwere|Santhe
Mchinji|Mavwere|Saopa
Mchinji|Mavwere|Simoko
Mchinji|Mavwere|Sinumbe
Mchinji|Mavwere|Sulumbe
Mchinji|Mavwere|Temanimwendo
Mchinji|Mavwere|Tiyese Farm
Mchinji|Mavwere|Ungwe
Mchinji|Mavwere|Venesiyo
Mchinji|Mavwere|Veriano
Mchinji|Mavwere|Vitsamba
Mchinji|Mavwere|Wachi
Mchinji|Mavwere|Waliranji
Mchinji|Mavwere|Waliranji Trading Centre
Mchinji|Mavwere|Welesani
Mchinji|Mavwere|White
Mchinji|Mavwere|William
Mchinji|Mavwere|Wisikoti
Mchinji|Mavwere|Yalose
Mchinji|Mavwere|Yesaya 1
Mchinji|Mavwere|Yesaya 11
Mchinji|Mavwere|Zanga
Mchinji|Mchinji Boma|Basiliyo
Mchinji|Mchinji Boma|Chibwana
Mchinji|Mchinji Boma|Chinkhota
Mchinji|Mchinji Boma|Juma
Mchinji|Mchinji Boma|Kachingwe
Mchinji|Mchinji Boma|Kalonga
Mchinji|Mchinji Boma|Kanyama
Mchinji|Mchinji Boma|Longwe
Mchinji|Mchinji Boma|Masautso
Mchinji|Mchinji Boma|Maula
Mchinji|Mchinji Boma|Mchinji Trading Centre
Mchinji|Mchinji Boma|Mzikaola
Mchinji|Mchinji Boma|Nthele
Mchinji|Mchinji Boma|Robert
Mchinji|Mchinji Boma|Robert 3
Mchinji|Mchinji Boma|Robert 5
Mchinji|Mchinji Boma|Soko
Mchinji|Mchinji Boma|Zimba
Mchinji|Mduwa|Adiyasi
Mchinji|Mduwa|Alinafe Estate
Mchinji|Mduwa|Atupele Farm
Mchinji|Mduwa|Benedicto
Mchinji|Mduwa|Beni
Mchinji|Mduwa|Binda
Mchinji|Mduwa|Biziwelo
Mchinji|Mduwa|Bokola
Mchinji|Mduwa|Boli
Mchinji|Mduwa|Bongela
Mchinji|Mduwa|Bwemba
Mchinji|Mduwa|Chakhalira
Mchinji|Mduwa|Chakula
Mchinji|Mduwa|Chakuwala
Mchinji|Mduwa|Changalawe
Mchinji|Mduwa|Chaonya
Mchinji|Mduwa|Chapita
Mchinji|Mduwa|Chapondama
Mchinji|Mduwa|Chapuma
Mchinji|Mduwa|Chaveka
Mchinji|Mduwa|Chazanga
Mchinji|Mduwa|Chibande
Mchinji|Mduwa|Chibande Trading Centre
Mchinji|Mduwa|Chibwazi
Mchinji|Mduwa|Chidzuma
Mchinji|Mduwa|Chikayenda
Mchinji|Mduwa|Chikhasu
Mchinji|Mduwa|Chikoka
Mchinji|Mduwa|Chikoza
Mchinji|Mduwa|Chikulika
Mchinji|Mduwa|Chikwekwe
Mchinji|Mduwa|Chikwemba
Mchinji|Mduwa|Chilaka
Mchinji|Mduwa|Chilangali
Mchinji|Mduwa|Chilumbu
Mchinji|Mduwa|Chilunde
Mchinji|Mduwa|Chilunje Farm
Mchinji|Mduwa|Chimbaka
Mchinji|Mduwa|Chimbalu
Mchinji|Mduwa|Chimbuka
Mchinji|Mduwa|Chimongo
Mchinji|Mduwa|Chimphuno
Mchinji|Mduwa|Chimtazi
Mchinji|Mduwa|Chimunda
Mchinji|Mduwa|Chimuti
Mchinji|Mduwa|Chimutu
Mchinji|Mduwa|Chindime
Mchinji|Mduwa|Chinjira
Mchinji|Mduwa|Chinkhasu
Mchinji|Mduwa|Chinkokota
Mchinji|Mduwa|Chintumbira
Mchinji|Mduwa|Chinumba
Mchinji|Mduwa|Chinyera
Mchinji|Mduwa|Chipambwe
Mchinji|Mduwa|Chipasula
Mchinji|Mduwa|Chipunthiko
Mchinji|Mduwa|Chirungu
Mchinji|Mduwa|Chisale
Mchinji|Mduwa|Chisamba
Mchinji|Mduwa|Chisompheyani
Mchinji|Mduwa|Chitete
Mchinji|Mduwa|Chitole
Mchinji|Mduwa|Chitukuko Farm
Mchinji|Mduwa|Chiumbilu
Mchinji|Mduwa|Chiwanga
Mchinji|Mduwa|Chwanga
Mchinji|Mduwa|Daniel
Mchinji|Mduwa|Denje
Mchinji|Mduwa|Disimasi
Mchinji|Mduwa|Dooka
Mchinji|Mduwa|Doriko
Mchinji|Mduwa|Dumambiri Farm
Mchinji|Mduwa|Elesani
Mchinji|Mduwa|Elizabeth
Mchinji|Mduwa|Eniliyo
Mchinji|Mduwa|Enock
Mchinji|Mduwa|Esinati
Mchinji|Mduwa|Filimon
Mchinji|Mduwa|Filimon Chitani
Mchinji|Mduwa|Fisi
Mchinji|Mduwa|Fiyosi
Mchinji|Mduwa|Friday
Mchinji|Mduwa|Gandali
Mchinji|Mduwa|Gandi
Mchinji|Mduwa|Gasitoni
Mchinji|Mduwa|Geremu
Mchinji|Mduwa|Gologoliyo
Mchinji|Mduwa|Gosen
Mchinji|Mduwa|Grena
Mchinji|Mduwa|Gunungwi
Mchinji|Mduwa|Gwaligwali
Mchinji|Mduwa|Gwani
Mchinji|Mduwa|Gwazeni
Mchinji|Mduwa|Gwede
Mchinji|Mduwa|Gwirabango Farm
Mchinji|Mduwa|Henzi Estate
Mchinji|Mduwa|Ishimael
Mchinji|Mduwa|Jana
Mchinji|Mduwa|Jasi
Mchinji|Mduwa|Jatoni
Mchinji|Mduwa|Jefitala
Mchinji|Mduwa|Jekapu
Mchinji|Mduwa|Jeresoni
Mchinji|Mduwa|Jimu
Mchinji|Mduwa|Kabungwe
Mchinji|Mduwa|Kachala
Mchinji|Mduwa|Kachamba
Mchinji|Mduwa|Kachilika
Mchinji|Mduwa|Kachinga
Mchinji|Mduwa|Kachingwe
Mchinji|Mduwa|Kachitsa
Mchinji|Mduwa|Kadammanja
Mchinji|Mduwa|Kadimba
Mchinji|Mduwa|Kadiso
Mchinji|Mduwa|Kadzakumanja
Mchinji|Mduwa|Kadzola
Mchinji|Mduwa|Kadzulo
Mchinji|Mduwa|Kafa
Mchinji|Mduwa|Kafa II
Mchinji|Mduwa|Kafiti
Mchinji|Mduwa|Kafulukuta
Mchinji|Mduwa|Kagwere
Mchinji|Mduwa|Kaikowe
Mchinji|Mduwa|Kaima
Mchinji|Mduwa|Kaiswa
Mchinji|Mduwa|Kakhongwa
Mchinji|Mduwa|Kakopa
Mchinji|Mduwa|Kakuda
Mchinji|Mduwa|Kalinde
Mchinji|Mduwa|Kalomba
Mchinji|Mduwa|Kalonga
Mchinji|Mduwa|Kalongola
Mchinji|Mduwa|Kalumba
Mchinji|Mduwa|Kaluza
Mchinji|Mduwa|Kambalame
Mchinji|Mduwa|Kambanda
Mchinji|Mduwa|Kambanga
Mchinji|Mduwa|Kambanje Abuti
Mchinji|Mduwa|Kambuzi
Mchinji|Mduwa|Kamela
Mchinji|Mduwa|Kampando
Mchinji|Mduwa|Kamsitsi
Mchinji|Mduwa|Kamtimbinya
Mchinji|Mduwa|Kandama
Mchinji|Mduwa|Kangaonde Farm
Mchinji|Mduwa|Kankhoma
Mchinji|Mduwa|Kankhwani
Mchinji|Mduwa|Kanthema
Mchinji|Mduwa|Kanyalula
Mchinji|Mduwa|Kanyanda
Mchinji|Mduwa|Kanyang'wa
Mchinji|Mduwa|Kanyasa
Mchinji|Mduwa|Kanyenda
Mchinji|Mduwa|Kapalamula
Mchinji|Mduwa|Kapale
Mchinji|Mduwa|Kapamphika
Mchinji|Mduwa|Kapangeni
Mchinji|Mduwa|Kapanje Farm
Mchinji|Mduwa|Kapatamoyo
Mchinji|Mduwa|Kapilinji
Mchinji|Mduwa|Kasambazukulu Farm
Mchinji|Mduwa|Kasandamira
Mchinji|Mduwa|Kasawa
Mchinji|Mduwa|Kasichi
Mchinji|Mduwa|Katatala
Mchinji|Mduwa|Katawa
Mchinji|Mduwa|Katemba
Mchinji|Mduwa|Katete Farm
Mchinji|Mduwa|Kaulimbo
Mchinji|Mduwa|Kavina
Mchinji|Mduwa|Kawale
Mchinji|Mduwa|Kaye
Mchinji|Mduwa|Kayesa II
Mchinji|Mduwa|Kazila
Mchinji|Mduwa|Kazule
Mchinji|Mduwa|Kazumba
Mchinji|Mduwa|Kenani
Mchinji|Mduwa|Kesiyasi
Mchinji|Mduwa|Khomba Siliya
Mchinji|Mduwa|Komichi
Mchinji|Mduwa|Kubweza
Mchinji|Mduwa|Kumodzi
Mchinji|Mduwa|Kumulire
Mchinji|Mduwa|Kwelekwele
Mchinji|Mduwa|Kwenje
Mchinji|Mduwa|Langa
Mchinji|Mduwa|Layisi
Mchinji|Mduwa|Lekesi
Mchinji|Mduwa|Levi
Mchinji|Mduwa|Levison
Mchinji|Mduwa|Lezani
Mchinji|Mduwa|Lombo
Mchinji|Mduwa|Lunthwe Estate
Mchinji|Mduwa|Luthwe Estate
Mchinji|Mduwa|Machilika
Mchinji|Mduwa|Machokelo
Mchinji|Mduwa|Made
Mchinji|Mduwa|Madimbo
Mchinji|Mduwa|Maduweni
Mchinji|Mduwa|Madzianyanja
Mchinji|Mduwa|Mafikeni
Mchinji|Mduwa|Maganizo
Mchinji|Mduwa|Maguya
Mchinji|Mduwa|Makoza
Mchinji|Mduwa|Malambule
Mchinji|Mduwa|Malasa
Mchinji|Mduwa|Malaya
Mchinji|Mduwa|Malizani
Mchinji|Mduwa|Mandala
Mchinji|Mduwa|Mandevu
Mchinji|Mduwa|Mankhanga
Mchinji|Mduwa|Mankhoma
Mchinji|Mduwa|Maole
Mchinji|Mduwa|Maonjeza
Mchinji|Mduwa|Mapala
Mchinji|Mduwa|Mariya
Mchinji|Mduwa|Masoanyenga
Mchinji|Mduwa|Matabili
Mchinji|Mduwa|Mateketa
Mchinji|Mduwa|Matutu
Mchinji|Mduwa|Matutu Trading Centre
Mchinji|Mduwa|Mayani
Mchinji|Mduwa|Mayola
Mchinji|Mduwa|Mbalale
Mchinji|Mduwa|Mbalame
Mchinji|Mduwa|Mbetere
Mchinji|Mduwa|Mbewa
Mchinji|Mduwa|Mbeza
Mchinji|Mduwa|Mbingwa
Mchinji|Mduwa|Mbingwa Trading Centre
Mchinji|Mduwa|Mbwerera
Mchinji|Mduwa|Mchambo
Mchinji|Mduwa|Mchekulu
Mchinji|Mduwa|Mchenga Farm
Mchinji|Mduwa|Mcheragule
Mchinji|Mduwa|Mchifuwa
Mchinji|Mduwa|Mchilili
Mchinji|Mduwa|Mchinji Forest Reserve
Mchinji|Mduwa|Mchitanji
Mchinji|Mduwa|Mduwa
Mchinji|Mduwa|Mesa
Mchinji|Mduwa|Mferankhope
Mchinji|Mduwa|Mgando
Mchinji|Mduwa|Mgelezi
Mchinji|Mduwa|Mgwalima
Mchinji|Mduwa|Michael
Mchinji|Mduwa|Mikundi
Mchinji|Mduwa|Mikundi Trading Centre
Mchinji|Mduwa|Mikuwa
Mchinji|Mduwa|Mingu
Mchinji|Mduwa|Mithi
Mchinji|Mduwa|Mitimaisiyana Farm
Mchinji|Mduwa|Mkanda
Mchinji|Mduwa|Mkangala
Mchinji|Mduwa|Mkanthama
Mchinji|Mduwa|Mkonje
Mchinji|Mduwa|Mkunda
Mchinji|Mduwa|Mkuwira
Mchinji|Mduwa|Mkwapatira
Mchinji|Mduwa|Mkwayiso
Mchinji|Mduwa|Mng'ona
Mchinji|Mduwa|Mninga
Mchinji|Mduwa|Mnjere
Mchinji|Mduwa|Mozi
Mchinji|Mduwa|Mpangananji Farm
Mchinji|Mduwa|Mpendeka
Mchinji|Mduwa|Mphelero  Estate No 3
Mchinji|Mduwa|Mphelero Estate NO 2
Mchinji|Mduwa|Mphenyengu
Mchinji|Mduwa|Mphomwa
Mchinji|Mduwa|Mponda
Mchinji|Mduwa|Mpondo
Mchinji|Mduwa|Msafunse
Mchinji|Mduwa|Msapila
Mchinji|Mduwa|Msema
Mchinji|Mduwa|Msinja
Mchinji|Mduwa|Msinjamano Farm
Mchinji|Mduwa|Msisi
Mchinji|Mduwa|Msokola
Mchinji|Mduwa|Msonkhera
Mchinji|Mduwa|Msula
Mchinji|Mduwa|Msundwe
Mchinji|Mduwa|Mtambalika
Mchinji|Mduwa|Mtambo
Mchinji|Mduwa|Mtapa
Mchinji|Mduwa|Mtenjemanga Farm
Mchinji|Mduwa|Mtondela
Mchinji|Mduwa|Mtumodzi
Mchinji|Mduwa|Mtunga
Mchinji|Mduwa|Mtuwa
Mchinji|Mduwa|Mulenga
Mchinji|Mduwa|Mumba
Mchinji|Mduwa|Mwanaphonda
Mchinji|Mduwa|Mwatizi Estate
Mchinji|Mduwa|Mzama
Mchinji|Mduwa|Mzangawa
Mchinji|Mduwa|Mzenga
Mchinji|Mduwa|Mzeruzaabambo Farm
Mchinji|Mduwa|Mzimazi
Mchinji|Mduwa|Namwaza
Mchinji|Mduwa|Naomi
Mchinji|Mduwa|Ndambuzi
Mchinji|Mduwa|Ndemba
Mchinji|Mduwa|Ndewa
Mchinji|Mduwa|Nduwa
Mchinji|Mduwa|Ndwandwa
Mchinji|Mduwa|Neba
Mchinji|Mduwa|Ngalande Estate
Mchinji|Mduwa|Ng'onamo
Mchinji|Mduwa|Ng'onombo
Mchinji|Mduwa|Ngowe
Mchinji|Mduwa|Ngulunga
Mchinji|Mduwa|Nguluwe
Mchinji|Mduwa|Njala
Mchinji|Mduwa|Njeresa
Mchinji|Mduwa|Njuchi
Mchinji|Mduwa|Nkanile
Mchinji|Mduwa|Nkhata
Mchinji|Mduwa|Nkhwekwe
Mchinji|Mduwa|Nsinyala
Mchinji|Mduwa|Ntengula
Mchinji|Mduwa|Ntenje
Mchinji|Mduwa|Nthoto
Mchinji|Mduwa|Ntolongo
Mchinji|Mduwa|Ntondo
Mchinji|Mduwa|Nyama
Mchinji|Mduwa|Nyamandulu
Mchinji|Mduwa|Nyamawende
Mchinji|Mduwa|Nyamazya
Mchinji|Mduwa|Nyongani
Mchinji|Mduwa|Osten
Mchinji|Mduwa|Pandayina
Mchinji|Mduwa|Panja
Mchinji|Mduwa|Paulo
Mchinji|Mduwa|Pezani
Mchinji|Mduwa|Phensulo
Mchinji|Mduwa|Phesele
Mchinji|Mduwa|Phiri
Mchinji|Mduwa|Phwetekere
Mchinji|Mduwa|Pikeni
Mchinji|Mduwa|Pungula
Mchinji|Mduwa|Robert
Mchinji|Mduwa|Sabuni
Mchinji|Mduwa|Sadoki
Mchinji|Mduwa|Saidi
Mchinji|Mduwa|Sakala
Mchinji|Mduwa|Sambani
Mchinji|Mduwa|Sapenda
Mchinji|Mduwa|Sapuni
Mchinji|Mduwa|Scariot
Mchinji|Mduwa|Seveliyano
Mchinji|Mduwa|Sigeleta
Mchinji|Mduwa|Sikeva
Mchinji|Mduwa|Siliya
Mchinji|Mduwa|Silvester
Mchinji|Mduwa|Simion
Mchinji|Mduwa|Simoko
Mchinji|Mduwa|Simsamala
Mchinji|Mduwa|Sitima
Mchinji|Mduwa|Stephano
Mchinji|Mduwa|Sunga
Mchinji|Mduwa|Tcholonjo
Mchinji|Mduwa|Teleka
Mchinji|Mduwa|Tepson
Mchinji|Mduwa|Thako
Mchinji|Mduwa|Theulo
Mchinji|Mduwa|Thomasi
Mchinji|Mduwa|Tigwirizane Estate
Mchinji|Mduwa|Tikhalebwanji Farm
Mchinji|Mduwa|Timoti
Mchinji|Mduwa|Tololo
Mchinji|Mduwa|Tongole
Mchinji|Mduwa|Tsabango
Mchinji|Mduwa|Tsinduni
Mchinji|Mduwa|Vilimba
Mchinji|Mduwa|Vize
Mchinji|Mduwa|Waiti
Mchinji|Mduwa|Wilson
Mchinji|Mduwa|Yeselani
Mchinji|Mduwa|Yosefe
Mchinji|Mduwa|Zebedayo
Mchinji|Mduwa|Zilole
Mchinji|Mduwa|Zimba
Mchinji|Mduwa|Zingalume
Mchinji|Mkanda|Abale Sakondwera Farm
Mchinji|Mkanda|Abela
Mchinji|Mkanda|Aboni
Mchinji|Mkanda|Agabu
Mchinji|Mkanda|Amoni
Mchinji|Mkanda|Apatsamosiyana Farm
Mchinji|Mkanda|Aramu
Mchinji|Mkanda|Banda
Mchinji|Mkanda|Bandawe
Mchinji|Mkanda|Bangalang'ombe
Mchinji|Mkanda|Bendulo
Mchinji|Mkanda|Beru
Mchinji|Mkanda|Betelehemu
Mchinji|Mkanda|Bikikopi
Mchinji|Mkanda|Biwi
Mchinji|Mkanda|Bizaliel
Mchinji|Mkanda|Boloma
Mchinji|Mkanda|Bongela
Mchinji|Mkanda|Buma
Mchinji|Mkanda|Chadzuka
Mchinji|Mkanda|Chafuwa
Mchinji|Mkanda|Chakolokota
Mchinji|Mkanda|Chakumbuka
Mchinji|Mkanda|Chakwakwa
Mchinji|Mkanda|Chalimbana Estate
Mchinji|Mkanda|Changeya
Mchinji|Mkanda|Chanika
Mchinji|Mkanda|Chankhozi Farm
Mchinji|Mkanda|Chanyumbo Farm
Mchinji|Mkanda|Chapaika
Mchinji|Mkanda|Chapasuka
Mchinji|Mkanda|Chaponda
Mchinji|Mkanda|Chasokwa
Mchinji|Mkanda|Chawala
Mchinji|Mkanda|Chawala Trading Centre
Mchinji|Mkanda|Chefu Farm
Mchinji|Mkanda|Chendela
Mchinji|Mkanda|Chezizi
Mchinji|Mkanda|Chibale Farm
Mchinji|Mkanda|Chibwila
Mchinji|Mkanda|Chifundo Farm
Mchinji|Mkanda|Chigoneka
Mchinji|Mkanda|Chikafa
Mchinji|Mkanda|Chikandila
Mchinji|Mkanda|Chikhali
Mchinji|Mkanda|Chikho
Mchinji|Mkanda|Chikhosi
Mchinji|Mkanda|Chikoko Estate
Mchinji|Mkanda|Chikolwe
Mchinji|Mkanda|Chikondano
Mchinji|Mkanda|Chikondi Estate 69
Mchinji|Mkanda|Chikosi
Mchinji|Mkanda|Chikoti
Mchinji|Mkanda|Chikumbukila
Mchinji|Mkanda|Chikuta
Mchinji|Mkanda|Chilakonda
Mchinji|Mkanda|Chilaya
Mchinji|Mkanda|Chilembwe
Mchinji|Mkanda|Chilira
Mchinji|Mkanda|Chiluzi
Mchinji|Mkanda|Chilwayu
Mchinji|Mkanda|Chimbeya Estate
Mchinji|Mkanda|Chimbuwato
Mchinji|Mkanda|Chimombo
Mchinji|Mkanda|Chimoto
Mchinji|Mkanda|Chimphangu
Mchinji|Mkanda|Chimwala Farm
Mchinji|Mkanda|Chimwamkango Estate 72
Mchinji|Mkanda|Chimwamkango Estate 73
Mchinji|Mkanda|Chimwamkango Estate 74
Mchinji|Mkanda|Chimwaza
Mchinji|Mkanda|Chimwemwe Estate 1
Mchinji|Mkanda|Chimwemwe Estate 2
Mchinji|Mkanda|Chimwemwe Estate 3
Mchinji|Mkanda|Chimwemwe Farm
Mchinji|Mkanda|Chinduluwa
Mchinji|Mkanda|Ching'oma
Mchinji|Mkanda|Chinkhoko
Mchinji|Mkanda|Chinkhumba
Mchinji|Mkanda|Chinsasa
Mchinji|Mkanda|Chintemwende
Mchinji|Mkanda|Chinyanga Estate
Mchinji|Mkanda|Chioza
Mchinji|Mkanda|Chipalanganya
Mchinji|Mkanda|Chiphazi
Mchinji|Mkanda|Chipula
Mchinji|Mkanda|Chiputu
Mchinji|Mkanda|Chisamba
Mchinji|Mkanda|Chisasa
Mchinji|Mkanda|Chisauka
Mchinji|Mkanda|Chisomo Farm
Mchinji|Mkanda|Chistamba
Mchinji|Mkanda|Chithyola
Mchinji|Mkanda|Chitipa
Mchinji|Mkanda|Chiwala
Mchinji|Mkanda|Chiwayula
Mchinji|Mkanda|Chiwoko
Mchinji|Mkanda|Chizinga
Mchinji|Mkanda|Chumbaminga
Mchinji|Mkanda|Chuzu
Mchinji|Mkanda|Daka
Mchinji|Mkanda|Dangaliro
Mchinji|Mkanda|Daniel
Mchinji|Mkanda|Deresi
Mchinji|Mkanda|Dickson
Mchinji|Mkanda|Dina
Mchinji|Mkanda|Dodoziyo
Mchinji|Mkanda|Dule
Mchinji|Mkanda|Dumbolekani Farm
Mchinji|Mkanda|Dzionela Farm
Mchinji|Mkanda|Dziwazako Estate
Mchinji|Mkanda|Dzobwe Farm
Mchinji|Mkanda|Dzuwa
Mchinji|Mkanda|Efraimu
Mchinji|Mkanda|Eziloni
Mchinji|Mkanda|Fanuel
Mchinji|Mkanda|Fanuel Trading Centre
Mchinji|Mkanda|Fumba Farm
Mchinji|Mkanda|Gamphani
Mchinji|Mkanda|Ganangwe
Mchinji|Mkanda|General Farming  Estate 76
Mchinji|Mkanda|General Farming  Estate 78
Mchinji|Mkanda|General Farming Compound
Mchinji|Mkanda|General Farming Estate 52
Mchinji|Mkanda|General Farming Estate 53
Mchinji|Mkanda|General Farming Estate 54
Mchinji|Mkanda|General Farming Estate 55
Mchinji|Mkanda|General Farming Estate 56
Mchinji|Mkanda|Genesis
Mchinji|Mkanda|Golden Farm
Mchinji|Mkanda|Guma
Mchinji|Mkanda|Gumba
Mchinji|Mkanda|Guzani
Mchinji|Mkanda|Herbert
Mchinji|Mkanda|Honde
Mchinji|Mkanda|Jekapu
Mchinji|Mkanda|Jekisani
Mchinji|Mkanda|Jere
Mchinji|Mkanda|Jimu
Mchinji|Mkanda|Joni
Mchinji|Mkanda|Jono
Mchinji|Mkanda|Kabule
Mchinji|Mkanda|Kachilili
Mchinji|Mkanda|Kachinaka
Mchinji|Mkanda|Kachingwe
Mchinji|Mkanda|Kachitsotso
Mchinji|Mkanda|Kachiwala
Mchinji|Mkanda|Kademba
Mchinji|Mkanda|Kadewere
Mchinji|Mkanda|Kaduka Estate
Mchinji|Mkanda|Kadulandewo
Mchinji|Mkanda|Kadule
Mchinji|Mkanda|Kadwala
Mchinji|Mkanda|Kadzanja
Mchinji|Mkanda|Kadzuwa
Mchinji|Mkanda|Kafera
Mchinji|Mkanda|Kaferapanjira
Mchinji|Mkanda|Kakoma Farm
Mchinji|Mkanda|Kakwela
Mchinji|Mkanda|Kaledza
Mchinji|Mkanda|Kalimbila
Mchinji|Mkanda|Kalimila
Mchinji|Mkanda|Kalipholi
Mchinji|Mkanda|Kaliza
Mchinji|Mkanda|Kalonga
Mchinji|Mkanda|Kalumbo
Mchinji|Mkanda|Kalumbu Estete
Mchinji|Mkanda|Kalungwizi Estate
Mchinji|Mkanda|Kamanga
Mchinji|Mkanda|Kambadekha
Mchinji|Mkanda|Kambakula
Mchinji|Mkanda|Kambani
Mchinji|Mkanda|Kambazako Farm
Mchinji|Mkanda|Kambuli
Mchinji|Mkanda|Kambwera
Mchinji|Mkanda|Kamchere
Mchinji|Mkanda|Kampandeni
Mchinji|Mkanda|Kamphata
Mchinji|Mkanda|Kamphata Trading Centre
Mchinji|Mkanda|Kamphinda Estate
Mchinji|Mkanda|Kamubvi
Mchinji|Mkanda|Kamwana
Mchinji|Mkanda|Kang'amba
Mchinji|Mkanda|Kang'ombe
Mchinji|Mkanda|Kangulu
Mchinji|Mkanda|Kanike
Mchinji|Mkanda|Kanjila
Mchinji|Mkanda|Kanjiyo
Mchinji|Mkanda|Kankhalamba
Mchinji|Mkanda|Kankhwende
Mchinji|Mkanda|Kankuzi
Mchinji|Mkanda|Kankwenu
Mchinji|Mkanda|Kanyangwa
Mchinji|Mkanda|Kanyoni
Mchinji|Mkanda|Kapatuka
Mchinji|Mkanda|Kapeta
Mchinji|Mkanda|Kapezi
Mchinji|Mkanda|Kapsyala
Mchinji|Mkanda|Kasakula
Mchinji|Mkanda|Kasalika
Mchinji|Mkanda|Kasawa
Mchinji|Mkanda|Kasonda Mtenthe
Mchinji|Mkanda|Katamanda
Mchinji|Mkanda|Katawila
Mchinji|Mkanda|Kateka
Mchinji|Mkanda|Katema
Mchinji|Mkanda|Katonde
Mchinji|Mkanda|Katondo  Estate 68
Mchinji|Mkanda|Katutula
Mchinji|Mkanda|Kaulimbo
Mchinji|Mkanda|Kaundama
Mchinji|Mkanda|Kawere
Mchinji|Mkanda|Kawere Estate
Mchinji|Mkanda|Kawilima
Mchinji|Mkanda|Kayola
Mchinji|Mkanda|kazyozyo
Mchinji|Mkanda|kazyozyo  Trading Centre
Mchinji|Mkanda|Kenasi
Mchinji|Mkanda|Khado
Mchinji|Mkanda|Khoza
Mchinji|Mkanda|Khungwa
Mchinji|Mkanda|Kindikiti
Mchinji|Mkanda|Kondanani Estate
Mchinji|Mkanda|Kukalambo
Mchinji|Mkanda|Kumbukirani
Mchinji|Mkanda|Kupeta
Mchinji|Mkanda|Kuthethe
Mchinji|Mkanda|Kwafayani Compound 1
Mchinji|Mkanda|Kwafayani Estate
Mchinji|Mkanda|Lameck
Mchinji|Mkanda|Levisoni Joseni
Mchinji|Mkanda|Liberito
Mchinji|Mkanda|Lipunga
Mchinji|Mkanda|Lizwe
Mchinji|Mkanda|Lombwa
Mchinji|Mkanda|Lombwa  Estate
Mchinji|Mkanda|Lubaini
Mchinji|Mkanda|Lufina
Mchinji|Mkanda|Luna
Mchinji|Mkanda|Lupiya
Mchinji|Mkanda|Luwelezi  Estate
Mchinji|Mkanda|Luwelezi Compound 2
Mchinji|Mkanda|Luwelezi Estate 2
Mchinji|Mkanda|Madalitso
Mchinji|Mkanda|Makina
Mchinji|Mkanda|Makuka
Mchinji|Mkanda|Malamula
Mchinji|Mkanda|Malewa
Mchinji|Mkanda|Maloni
Mchinji|Mkanda|Malungo
Mchinji|Mkanda|Maluwa
Mchinji|Mkanda|Mambala
Mchinji|Mkanda|Manchichi
Mchinji|Mkanda|Mande
Mchinji|Mkanda|Manjomeka
Mchinji|Mkanda|Mankhaka
Mchinji|Mkanda|Manthalu
Mchinji|Mkanda|Manyika
Mchinji|Mkanda|Masitala
Mchinji|Mkanda|Masiwa
Mchinji|Mkanda|Masumba
Mchinji|Mkanda|Mataka
Mchinji|Mkanda|Matete
Mchinji|Mkanda|Matiwamba Bokola
Mchinji|Mkanda|Matiwamba Mwale
Mchinji|Mkanda|Matsinde
Mchinji|Mkanda|Maunsiyeko
Mchinji|Mkanda|Mawale
Mchinji|Mkanda|Mawere
Mchinji|Mkanda|Mazombwe
Mchinji|Mkanda|Mbalira
Mchinji|Mkanda|Mbanda
Mchinji|Mkanda|Mbewa
Mchinji|Mkanda|Mbidzi
Mchinji|Mkanda|Mbiriwake
Mchinji|Mkanda|Mdeleko
Mchinji|Mkanda|Mgabi
Mchinji|Mkanda|Mgamphu
Mchinji|Mkanda|Mguza
Mchinji|Mkanda|Miliyoti
Mchinji|Mkanda|Mitala
Mchinji|Mkanda|Mkanda
Mchinji|Mkanda|Mkanda Trading Centre
Mchinji|Mkanda|Mkangata
Mchinji|Mkanda|Mkulumimba
Mchinji|Mkanda|Mkumba
Mchinji|Mkanda|Mkumba 1
Mchinji|Mkanda|Mkuzi
Mchinji|Mkanda|Mkwela
Mchinji|Mkanda|Mkwichi
Mchinji|Mkanda|Mlawewa
Mchinji|Mkanda|Mlongoti
Mchinji|Mkanda|Mndaka
Mchinji|Mkanda|Mnduwila
Mchinji|Mkanda|Mnjeza
Mchinji|Mkanda|Mnjolo
Mchinji|Mkanda|Mpale Estate
Mchinji|Mkanda|Mpango
Mchinji|Mkanda|Mpazi
Mchinji|Mkanda|Mpepo
Mchinji|Mkanda|Mphamba
Mchinji|Mkanda|Mphangwe Estate
Mchinji|Mkanda|Mphepo
Mchinji|Mkanda|Mphita
Mchinji|Mkanda|Mphunda
Mchinji|Mkanda|Msalaza
Mchinji|Mkanda|Msanda
Mchinji|Mkanda|Mthatha
Mchinji|Mkanda|Mtifinyire
Mchinji|Mkanda|Mtima
Mchinji|Mkanda|Mtsukwa
Mchinji|Mkanda|Mudapha Anansi Farm
Mchinji|Mkanda|Mutifinyire
Mchinji|Mkanda|Mwalumo
Mchinji|Mkanda|Mwaziona
Mchinji|Mkanda|Mwenda
Mchinji|Mkanda|Mwerekere
Mchinji|Mkanda|Mwese
Mchinji|Mkanda|Mzenga
Mchinji|Mkanda|Mzila
Mchinji|Mkanda|Mzuwamachalo
Mchinji|Mkanda|Nambera
Mchinji|Mkanda|Ndalakwanji Farm
Mchinji|Mkanda|Ndowela
Mchinji|Mkanda|Ng:oma
Mchinji|Mkanda|Ng'anjo
Mchinji|Mkanda|Ngolomi
Mchinji|Mkanda|Ngulukila
Mchinji|Mkanda|Ngwelengwe
Mchinji|Mkanda|Njenje
Mchinji|Mkanda|Njobvu
Mchinji|Mkanda|Nkhalamba
Mchinji|Mkanda|Nkhanamba
Mchinji|Mkanda|Nkhoma
Mchinji|Mkanda|Nkhono
Mchinji|Mkanda|Nkhunda
Mchinji|Mkanda|Nkhungulu
Mchinji|Mkanda|Nkhwakwa
Mchinji|Mkanda|Nkuziwaduka
Mchinji|Mkanda|Noti
Mchinji|Mkanda|Nsaluyabvuka
Mchinji|Mkanda|Nsangadenga
Mchinji|Mkanda|Nthondo
Mchinji|Mkanda|Nthondoni
Mchinji|Mkanda|Patsuka
Mchinji|Mkanda|Peniyasi
Mchinji|Mkanda|Peter
Mchinji|Mkanda|Petulo
Mchinji|Mkanda|Phalamanda Farm
Mchinji|Mkanda|Phoka
Mchinji|Mkanda|Pingani
Mchinji|Mkanda|Pitala
Mchinji|Mkanda|Poko
Mchinji|Mkanda|Potifala
Mchinji|Mkanda|Puye
Mchinji|Mkanda|Pyolamsenje Estate
Mchinji|Mkanda|Robert
Mchinji|Mkanda|Sakhuta
Mchinji|Mkanda|Saliere
Mchinji|Mkanda|Samokela
Mchinji|Mkanda|Samva
Mchinji|Mkanda|Sawala
Mchinji|Mkanda|Selemani
Mchinji|Mkanda|Shawati
Mchinji|Mkanda|Shemu
Mchinji|Mkanda|Shilini
Mchinji|Mkanda|Siliya
Mchinji|Mkanda|Simbani
Mchinji|Mkanda|Simeon
Mchinji|Mkanda|Sosten
Mchinji|Mkanda|Sunama
Mchinji|Mkanda|Tamandani
Mchinji|Mkanda|Tawina Farm
Mchinji|Mkanda|Temba
Mchinji|Mkanda|Thambo Farm
Mchinji|Mkanda|Thandiwe
Mchinji|Mkanda|Thendo
Mchinji|Mkanda|Timoti
Mchinji|Mkanda|Tione  1 Farm
Mchinji|Mkanda|Tione 11 Farm
Mchinji|Mkanda|Tisungane Farm
Mchinji|Mkanda|Titha Farm
Mchinji|Mkanda|Tiyesenawo Farm
Mchinji|Mkanda|Tiyesepo Farm
Mchinji|Mkanda|Tomasi
Mchinji|Mkanda|Tongozala
Mchinji|Mkanda|Tsabango
Mchinji|Mkanda|Tsamba
Mchinji|Mkanda|Ulaya
Mchinji|Mkanda|Ungwe
Mchinji|Mkanda|Veletino
Mchinji|Mkanda|Vizimba
Mchinji|Mkanda|Wandika
Mchinji|Mkanda|Waya
Mchinji|Mkanda|White
Mchinji|Mkanda|Wintala
Mchinji|Mkanda|Yeremiya
Mchinji|Mkanda|Yohane
Mchinji|Mkanda|Yona
Mchinji|Mkanda|Yuda
Mchinji|Mkanda|Zakaria
Mchinji|Mkanda|Zamanga
Mchinji|Mkanda|Zamani
Mchinji|Mkanda|Zandana
Mchinji|Mkanda|Zebuloni
Mchinji|Mkanda|Zefalino
Mchinji|Mkanda|Zelesi
Mchinji|Mkanda|Zikiliya
Mchinji|Mkanda|Zikucha
Mchinji|Mkanda|Zithekankuyesa Farm
Mchinji|Mlonyeni|Alekeni Anene Farm
Mchinji|Mlonyeni|Alena Farm
Mchinji|Mlonyeni|Anania
Mchinji|Mlonyeni|Benado
Mchinji|Mlonyeni|Chabwela
Mchinji|Mlonyeni|Champhoyo Farm
Mchinji|Mlonyeni|Chamveka
Mchinji|Mlonyeni|Chapenze
Mchinji|Mlonyeni|Chauma
Mchinji|Mlonyeni|Chibisa
Mchinji|Mlonyeni|Chibonyole
Mchinji|Mlonyeni|Chibophe
Mchinji|Mlonyeni|Chidambo
Mchinji|Mlonyeni|Chidaonongeka
Mchinji|Mlonyeni|Chikampwa
Mchinji|Mlonyeni|Chikungulu
Mchinji|Mlonyeni|Chikuni
Mchinji|Mlonyeni|Chimbiya
Mchinji|Mlonyeni|Chipilani
Mchinji|Mlonyeni|Chisamba
Mchinji|Mlonyeni|Chisenga
Mchinji|Mlonyeni|Chiute
Mchinji|Mlonyeni|Chiwaula
Mchinji|Mlonyeni|Chokani
Mchinji|Mlonyeni|Dulila
Mchinji|Mlonyeni|Felempani
Mchinji|Mlonyeni|Gelevazio
Mchinji|Mlonyeni|Gobede
Mchinji|Mlonyeni|Gong'o
Mchinji|Mlonyeni|Jimu
Mchinji|Mlonyeni|Kabango
Mchinji|Mlonyeni|Kachikwati
Mchinji|Mlonyeni|Kachilika
Mchinji|Mlonyeni|Kachusi
Mchinji|Mlonyeni|Kadulamalambo
Mchinji|Mlonyeni|Kadzakumanja
Mchinji|Mlonyeni|Kadzama
Mchinji|Mlonyeni|Kafukwa
Mchinji|Mlonyeni|Kafumveka
Mchinji|Mlonyeni|Kalemba
Mchinji|Mlonyeni|Kalikula
Mchinji|Mlonyeni|Kalirani
Mchinji|Mlonyeni|Kaluwa
Mchinji|Mlonyeni|Kamwendo
Mchinji|Mlonyeni|Kandusu
Mchinji|Mlonyeni|Kanthiti
Mchinji|Mlonyeni|Kaombe
Mchinji|Mlonyeni|Kapita
Mchinji|Mlonyeni|Katalama
Mchinji|Mlonyeni|Kholoni
Mchinji|Mlonyeni|Kondole
Mchinji|Mlonyeni|Kumbuyo
Mchinji|Mlonyeni|Kwalala
Mchinji|Mlonyeni|Kwinjili
Mchinji|Mlonyeni|Lagato
Mchinji|Mlonyeni|Lesitide
Mchinji|Mlonyeni|Leveni
Mchinji|Mlonyeni|Lukasi
Mchinji|Mlonyeni|Lumbe
Mchinji|Mlonyeni|Machila
Mchinji|Mlonyeni|Maganga
Mchinji|Mlonyeni|Makhwala
Mchinji|Mlonyeni|Maliwane
Mchinji|Mlonyeni|Malumbu
Mchinji|Mlonyeni|Mando
Mchinji|Mlonyeni|Mando Estate
Mchinji|Mlonyeni|Mapira
Mchinji|Mlonyeni|Matalino
Mchinji|Mlonyeni|Mbeza
Mchinji|Mlonyeni|Mbundibvu
Mchinji|Mlonyeni|Mbwauka
Mchinji|Mlonyeni|Mchinji Forest Reserve
Mchinji|Mlonyeni|Menyani
Mchinji|Mlonyeni|Mguwende
Mchinji|Mlonyeni|Milonga
Mchinji|Mlonyeni|Mkandamoto
Mchinji|Mlonyeni|Mkangeni
Mchinji|Mlonyeni|Mkhala
Mchinji|Mlonyeni|Mkuwamba
Mchinji|Mlonyeni|Mkwawila
Mchinji|Mlonyeni|Mlonyeni
Mchinji|Mlonyeni|Molosiyo
Mchinji|Mlonyeni|Mose
Mchinji|Mlonyeni|Mphamba
Mchinji|Mlonyeni|Mthawila
Mchinji|Mlonyeni|Mtowe
Mchinji|Mlonyeni|Musadabwe
Mchinji|Mlonyeni|Mwalinyuma
Mchinji|Mlonyeni|Mwandamwala
Mchinji|Mlonyeni|Mzerezere
Mchinji|Mlonyeni|Mzikanja
Mchinji|Mlonyeni|Mzikaola
Mchinji|Mlonyeni|Ndawambe
Mchinji|Mlonyeni|Nemeziyo
Mchinji|Mlonyeni|Ng'omayalila
Mchinji|Mlonyeni|Njiiramanda
Mchinji|Mlonyeni|Nyanjelezi
Mchinji|Mlonyeni|Sankhani
Mchinji|Mlonyeni|Sesitino
Mchinji|Mlonyeni|Shangeni
Mchinji|Mlonyeni|Simosi
Mchinji|Mlonyeni|Sitolo
Mchinji|Mlonyeni|Tembwe
Mchinji|Mlonyeni|Tembwe Trading Centre
Mchinji|Mlonyeni|Thukuta
Mchinji|Mlonyeni|Thumba
Mchinji|Mlonyeni|Tikoliwe
Mchinji|Mlonyeni|Tsamphale
Mchinji|Mlonyeni|Tsumba
Mchinji|Mlonyeni|Zakaria
Mchinji|Mlonyeni|Zandana
Mchinji|Mlonyeni|Zunguze
Mchinji|Zulu|Abiyuti
Mchinji|Zulu|Abudu
Mchinji|Zulu|Andiseni
Mchinji|Zulu|Baleta
Mchinji|Zulu|Basilio
Mchinji|Zulu|Batuwelo
Mchinji|Zulu|Ben Sholi
Mchinji|Zulu|Benjamani
Mchinji|Zulu|Biliati
Mchinji|Zulu|Biweki
Mchinji|Zulu|Butao
Mchinji|Zulu|Chafermthengo
Mchinji|Zulu|Chakonda
Mchinji|Zulu|Chalema
Mchinji|Zulu|Chalenga
Mchinji|Zulu|Chalimbana Farm
Mchinji|Zulu|Chalirima
Mchinji|Zulu|Chamveka
Mchinji|Zulu|Changala
Mchinji|Zulu|Chankhwali
Mchinji|Zulu|Chaphuka
Mchinji|Zulu|Chasema
Mchinji|Zulu|Chasika
Mchinji|Zulu|Chatheka
Mchinji|Zulu|Chatuluka Trading Centre
Mchinji|Zulu|Cheyadi
Mchinji|Zulu|Chibazo
Mchinji|Zulu|Chichere
Mchinji|Zulu|Chidambo
Mchinji|Zulu|Chidewa
Mchinji|Zulu|Chidzanja
Mchinji|Zulu|Chigwalu
Mchinji|Zulu|Chikhutu
Mchinji|Zulu|Chikoloka
Mchinji|Zulu|Chikomeni
Mchinji|Zulu|Chikoyi
Mchinji|Zulu|Chikunyimba
Mchinji|Zulu|Chikwenkha
Mchinji|Zulu|Chilimbika
Mchinji|Zulu|Chimbalame
Mchinji|Zulu|Chimodzi
Mchinji|Zulu|Chimtanda
Mchinji|Zulu|Chimteka
Mchinji|Zulu|Chimteka Trading Centre
Mchinji|Zulu|Chimtemba
Mchinji|Zulu|Chimuti  Trading Centre
Mchinji|Zulu|Chimuti Matongwe
Mchinji|Zulu|Chimvere
Mchinji|Zulu|Ching'anjo
Mchinji|Zulu|Chinkota
Mchinji|Zulu|Chinkwapala
Mchinji|Zulu|Chinthangalekani
Mchinji|Zulu|Chiphala
Mchinji|Zulu|Chipilingu
Mchinji|Zulu|Chipulira
Mchinji|Zulu|Chisaka
Mchinji|Zulu|Chisankhale
Mchinji|Zulu|Chisemphere
Mchinji|Zulu|Chitamba
Mchinji|Zulu|Chitani
Mchinji|Zulu|Chitende
Mchinji|Zulu|Chitete
Mchinji|Zulu|Chitinthi
Mchinji|Zulu|Chituvi
Mchinji|Zulu|Chiuke Farm
Mchinji|Zulu|Chiutsi
Mchinji|Zulu|Chiwete
Mchinji|Zulu|Chiwoko
Mchinji|Zulu|Chndoko
Mchinji|Zulu|Chokabwino
Mchinji|Zulu|Daliyasi
Mchinji|Zulu|Dama
Mchinji|Zulu|Damalekani
Mchinji|Zulu|Damitoni
Mchinji|Zulu|Dasiyano
Mchinji|Zulu|Dindasiyo
Mchinji|Zulu|Dulira
Mchinji|Zulu|Dzaone Farm
Mchinji|Zulu|Dziwazako Farm
Mchinji|Zulu|Dzizwa
Mchinji|Zulu|Dzumani
Mchinji|Zulu|Esau
Mchinji|Zulu|Evansi
Mchinji|Zulu|Fideliko
Mchinji|Zulu|Funsilani
Mchinji|Zulu|Fwanthamu
Mchinji|Zulu|Galeta
Mchinji|Zulu|Gama
Mchinji|Zulu|Gasi
Mchinji|Zulu|Gaveni
Mchinji|Zulu|Geresomo
Mchinji|Zulu|Gogwe
Mchinji|Zulu|Gomani
Mchinji|Zulu|Gosi
Mchinji|Zulu|Guillimi Trading Centre
Mchinji|Zulu|Gunda
Mchinji|Zulu|Jamu
Mchinji|Zulu|January
Mchinji|Zulu|Jenjewa
Mchinji|Zulu|Jeremia
Mchinji|Zulu|Kabwatama
Mchinji|Zulu|Kachanje
Mchinji|Zulu|Kacheta
Mchinji|Zulu|Kachigwe
Mchinji|Zulu|Kachikondo
Mchinji|Zulu|Kachilala
Mchinji|Zulu|Kachiza
Mchinji|Zulu|Kafumbwa
Mchinji|Zulu|Kafuntha
Mchinji|Zulu|Kaitoni
Mchinji|Zulu|Kajiwa
Mchinji|Zulu|Kakoma Farm
Mchinji|Zulu|Kalakola
Mchinji|Zulu|Kalambana
Mchinji|Zulu|Kalawa
Mchinji|Zulu|Kalayi
Mchinji|Zulu|Kalema
Mchinji|Zulu|Kaligwenje
Mchinji|Zulu|Kalilangwe
Mchinji|Zulu|Kalima
Mchinji|Zulu|Kalimang'ombe
Mchinji|Zulu|Kaliyoti
Mchinji|Zulu|Kalonga
Mchinji|Zulu|Kalulu Farm
Mchinji|Zulu|Kaluma
Mchinji|Zulu|Kamangulila
Mchinji|Zulu|Kambani
Mchinji|Zulu|Kamchira Tembo
Mchinji|Zulu|Kamchiuno
Mchinji|Zulu|Kamchiwuno
Mchinji|Zulu|Kamdaya
Mchinji|Zulu|Kamkonole
Mchinji|Zulu|Kamphandira
Mchinji|Zulu|Kampingu
Mchinji|Zulu|Kamunde
Mchinji|Zulu|Kamwendo
Mchinji|Zulu|Kamwendo Trading Cente
Mchinji|Zulu|Kamwendo Trading Centre
Mchinji|Zulu|Kandekekeya
Mchinji|Zulu|Kandoli
Mchinji|Zulu|Kanjelengo
Mchinji|Zulu|Kanjewa
Mchinji|Zulu|Kanyang'anya
Mchinji|Zulu|Kanyimbo
Mchinji|Zulu|Kapanda
Mchinji|Zulu|Kapanila
Mchinji|Zulu|Kapeta Farm
Mchinji|Zulu|Kaphande
Mchinji|Zulu|Kaphinde
Mchinji|Zulu|Kapinga
Mchinji|Zulu|Kapinguza
Mchinji|Zulu|Kapitani
Mchinji|Zulu|Kaputalambwe
Mchinji|Zulu|Kasamu
Mchinji|Zulu|Katakungwa
Mchinji|Zulu|Katesi
Mchinji|Zulu|Kathumba
Mchinji|Zulu|Kathyuka
Mchinji|Zulu|Katoto
Mchinji|Zulu|Kayala
Mchinji|Zulu|Kayesa
Mchinji|Zulu|Kazambala
Mchinji|Zulu|Kazikira
Mchinji|Zulu|Khombe
Mchinji|Zulu|Khwaweka
Mchinji|Zulu|Kochilira Trading Centre
Mchinji|Zulu|Kuwanje
Mchinji|Zulu|Kwapulani
Mchinji|Zulu|Kwekwere
Mchinji|Zulu|Langwani
Mchinji|Zulu|Lanthabwe
Mchinji|Zulu|Ligeriyo
Mchinji|Zulu|Longwe
Mchinji|Zulu|Ludzi Trading Centre
Mchinji|Zulu|Luwinga
Mchinji|Zulu|Madzimayera Trading Centre
Mchinji|Zulu|Magalasi
Mchinji|Zulu|Maganizo Farm
Mchinji|Zulu|Maiko
Mchinji|Zulu|Mailosi
Mchinji|Zulu|Malasa
Mchinji|Zulu|Malentondo
Mchinji|Zulu|Mali
Mchinji|Zulu|Malindima
Mchinji|Zulu|Maliwa
Mchinji|Zulu|Maliyani
Mchinji|Zulu|Mandala
Mchinji|Zulu|Mankhwala
Mchinji|Zulu|Masauso
Mchinji|Zulu|Mashati
Mchinji|Zulu|Mateyo
Mchinji|Zulu|Matimba
Mchinji|Zulu|Matola
Mchinji|Zulu|Matondo
Mchinji|Zulu|Matuwe
Mchinji|Zulu|Mazawa
Mchinji|Zulu|Mazoni
Mchinji|Zulu|Mbachundu
Mchinji|Zulu|Mbunira
Mchinji|Zulu|Mchambo
Mchinji|Zulu|Mchenga
Mchinji|Zulu|Mchinji Forest Reserve
Mchinji|Zulu|Mdana Farm
Mchinji|Zulu|Mdzomba
Mchinji|Zulu|Mgubo
Mchinji|Zulu|Mgulula
Mchinji|Zulu|Mikaeli
Mchinji|Zulu|Mitondo
Mchinji|Zulu|Mkhonde
Mchinji|Zulu|Mkolakola
Mchinji|Zulu|Mkomba
Mchinji|Zulu|Mkumba
Mchinji|Zulu|Mndakwa
Mchinji|Zulu|Mndunga
Mchinji|Zulu|Mnkhombachidzala
Mchinji|Zulu|Mnkombachikuya
Mchinji|Zulu|Modesilo
Mchinji|Zulu|Morison
Mchinji|Zulu|Mphamba Zefalino
Mchinji|Zulu|Mphando
Mchinji|Zulu|Mphanga
Mchinji|Zulu|Mphasa
Mchinji|Zulu|Mseche
Mchinji|Zulu|Msemwe
Mchinji|Zulu|Msuzi
Mchinji|Zulu|Mtamadzonga
Mchinji|Zulu|Mtanga
Mchinji|Zulu|Mtengo
Mchinji|Zulu|Mthawira
Mchinji|Zulu|Mthunzi
Mchinji|Zulu|Mtima
Mchinji|Zulu|Mtiwa
Mchinji|Zulu|Mtsekampata
Mchinji|Zulu|Mtsikula
Mchinji|Zulu|Mulunguapatsa Farm
Mchinji|Zulu|Mumba
Mchinji|Zulu|Mwandawala
Mchinji|Zulu|Mwayi Farm
Mchinji|Zulu|Myhuuzi
Mchinji|Zulu|Mzati
Mchinji|Zulu|Mzungulikeni
Mchinji|Zulu|Naniya
Mchinji|Zulu|Ndadzantalema Farm
Mchinji|Zulu|Ndafandatha Farm
Mchinji|Zulu|Ndavutika Farm
Mchinji|Zulu|Ndawala
Mchinji|Zulu|Ndula
Mchinji|Zulu|Ng'ombayera
Mchinji|Zulu|Ng'ombeyoyera
Mchinji|Zulu|Nikisi
Mchinji|Zulu|Nkhungwi
Mchinji|Zulu|Nkuwa
Mchinji|Zulu|Nyamawende
Mchinji|Zulu|Nyamayaphwisa
Mchinji|Zulu|Philipo
Mchinji|Zulu|Pitani
Mchinji|Zulu|Potifala
Mchinji|Zulu|Protazio
Mchinji|Zulu|Puwere
Mchinji|Zulu|Richard
Mchinji|Zulu|Saidi
Mchinji|Zulu|Saili
Mchinji|Zulu|Sakanambewu Farm
Mchinji|Zulu|Sambamimba
Mchinji|Zulu|Sesitino
Mchinji|Zulu|Simpasi
Mchinji|Zulu|Sinosi
Mchinji|Zulu|Sitma
Mchinji|Zulu|Siwelera
Mchinji|Zulu|Sizala
Mchinji|Zulu|Supanela
Mchinji|Zulu|Takumana
Mchinji|Zulu|Thokozani Farm
Mchinji|Zulu|Tika
Mchinji|Zulu|Tinali Farm
Mchinji|Zulu|Tisungane Farm
Mchinji|Zulu|Tiyamike Farm
Mchinji|Zulu|Tiyesenwo Farm
Mchinji|Zulu|Valegita
Mchinji|Zulu|Wanjole
Mchinji|Zulu|Waya
Mchinji|Zulu|Wisikoti
Mchinji|Zulu|Yakobe
Mchinji|Zulu|Yohane
Mchinji|Zulu|Zasintha Farm
Mchinji|Zulu|Zilole
Mchinji|Zulu|Zipusa Farm
Mchinji|Zulu|Zulani
Mchinji|Zulu|Zulu
Mulanje|Chikumbu|Balaleya
Mulanje|Chikumbu|Bamusi
Mulanje|Chikumbu|Bololo
Mulanje|Chikumbu|Bwanali
Mulanje|Chikumbu|Bwanamoyo
Mulanje|Chikumbu|Chakuma
Mulanje|Chikumbu|Chibwana
Mulanje|Chikumbu|Chilenga
Mulanje|Chikumbu|Chilingulo
Mulanje|Chikumbu|Chilomo
Mulanje|Chikumbu|Chimwala
Mulanje|Chikumbu|Chinakanaka Trading Centre
Mulanje|Chikumbu|Chingwalu
Mulanje|Chikumbu|Chingwembere
Mulanje|Chikumbu|Chinomba
Mulanje|Chikumbu|Chiopsya
Mulanje|Chikumbu|Chiponde
Mulanje|Chikumbu|Chipwaila
Mulanje|Chikumbu|Chisitu Trading Centre
Mulanje|Chikumbu|Chitambi
Mulanje|Chikumbu|Chithenga
Mulanje|Chikumbu|Chiumba
Mulanje|Chikumbu|Gilbert
Mulanje|Chikumbu|Golden
Mulanje|Chikumbu|Gowelo
Mulanje|Chikumbu|Gulumba
Mulanje|Chikumbu|Gwirinji
Mulanje|Chikumbu|Hanke
Mulanje|Chikumbu|Hendrey
Mulanje|Chikumbu|Herman
Mulanje|Chikumbu|Juma
Mulanje|Chikumbu|Kachingwe
Mulanje|Chikumbu|Kadewere
Mulanje|Chikumbu|Kampala
Mulanje|Chikumbu|Kandulu
Mulanje|Chikumbu|Kathebwe
Mulanje|Chikumbu|Kavalo
Mulanje|Chikumbu|Khaloga
Mulanje|Chikumbu|Khamula
Mulanje|Chikumbu|Khanaduwale
Mulanje|Chikumbu|Kholomana
Mulanje|Chikumbu|Khonya
Mulanje|Chikumbu|Khoviwa
Mulanje|Chikumbu|Kumponda
Mulanje|Chikumbu|Kumponda Trading Centre
Mulanje|Chikumbu|Kunthangulo
Mulanje|Chikumbu|Kupila
Mulanje|Chikumbu|Kutewesa
Mulanje|Chikumbu|Kuthanguo
Mulanje|Chikumbu|Ligojo
Mulanje|Chikumbu|Limunyi
Mulanje|Chikumbu|Liyaya
Mulanje|Chikumbu|Luwanje
Mulanje|Chikumbu|Major
Mulanje|Chikumbu|Makoloma
Mulanje|Chikumbu|Makuta
Mulanje|Chikumbu|Malepwete
Mulanje|Chikumbu|Malota
Mulanje|Chikumbu|Maloya
Mulanje|Chikumbu|Mandanda
Mulanje|Chikumbu|Mandozo
Mulanje|Chikumbu|Mangani
Mulanje|Chikumbu|Manyangala
Mulanje|Chikumbu|Mapsyere
Mulanje|Chikumbu|Masasu
Mulanje|Chikumbu|Masiyamo
Mulanje|Chikumbu|Masubi
Mulanje|Chikumbu|Mataka
Mulanje|Chikumbu|Matemba
Mulanje|Chikumbu|Mbawa
Mulanje|Chikumbu|Mbiza
Mulanje|Chikumbu|Metani
Mulanje|Chikumbu|Misomali
Mulanje|Chikumbu|Misuli
Mulanje|Chikumbu|Misyenje
Mulanje|Chikumbu|Mitumbira
Mulanje|Chikumbu|Mkangala
Mulanje|Chikumbu|Mkhonya
Mulanje|Chikumbu|Mkowa
Mulanje|Chikumbu|Mkumbi
Mulanje|Chikumbu|Mlangala
Mulanje|Chikumbu|Mlira
Mulanje|Chikumbu|M'mina
Mulanje|Chikumbu|Mphika
Mulanje|Chikumbu|Mphwada
Mulanje|Chikumbu|Msikawanjala Trading Centre
Mulanje|Chikumbu|Mtema
Mulanje|Chikumbu|Mtepuwa
Mulanje|Chikumbu|Mulasa
Mulanje|Chikumbu|Mulatha
Mulanje|Chikumbu|Muliba
Mulanje|Chikumbu|Muliba Trading Centre
Mulanje|Chikumbu|Muliya
Mulanje|Chikumbu|Mulula
Mulanje|Chikumbu|Munyani
Mulanje|Chikumbu|Musisi
Mulanje|Chikumbu|Muthawa
Mulanje|Chikumbu|Mwamadi
Mulanje|Chikumbu|Mwineliya
Mulanje|Chikumbu|Nachimango Trading Centre
Mulanje|Chikumbu|Nakhumwa
Mulanje|Chikumbu|Nakutho
Mulanje|Chikumbu|Naliya
Mulanje|Chikumbu|Naliyama
Mulanje|Chikumbu|Namachesa
Mulanje|Chikumbu|Namagonya
Mulanje|Chikumbu|Namakhutcha
Mulanje|Chikumbu|Namanyangala
Mulanje|Chikumbu|Namatingwi
Mulanje|Chikumbu|Namijingo
Mulanje|Chikumbu|Namikungulu
Mulanje|Chikumbu|Namisasi Trading Centre
Mulanje|Chikumbu|Namphutu
Mulanje|Chikumbu|Nanchapa
Mulanje|Chikumbu|Ndala
Mulanje|Chikumbu|Ndalapa
Mulanje|Chikumbu|Ndunya
Mulanje|Chikumbu|Ngolowera
Mulanje|Chikumbu|Ng'oma
Mulanje|Chikumbu|Njema
Mulanje|Chikumbu|Njoloma
Mulanje|Chikumbu|Nkhuku
Mulanje|Chikumbu|Nkhuta
Mulanje|Chikumbu|Nkhutha
Mulanje|Chikumbu|Nsamela
Mulanje|Chikumbu|Ntenjera
Mulanje|Chikumbu|Nyezelera
Mulanje|Chikumbu|Nyezerela
Mulanje|Chikumbu|Paundi
Mulanje|Chikumbu|Phada
Mulanje|Chikumbu|Phangala
Mulanje|Chikumbu|Phuwani
Mulanje|Chikumbu|Roben
Mulanje|Chikumbu|Sakhama
Mulanje|Chikumbu|Sanganiza
Mulanje|Chikumbu|Sapala
Mulanje|Chikumbu|Sapuwa
Mulanje|Chikumbu|Sikeya
Mulanje|Chikumbu|Sikoya
Mulanje|Chikumbu|Sitola
Mulanje|Chikumbu|Sitola Trading Centre
Mulanje|Chikumbu|Sitolo
Mulanje|Chikumbu|Sochera I
Mulanje|Chikumbu|Sochera II
Mulanje|Chikumbu|Suga
Mulanje|Chikumbu|Sulumba
Mulanje|Chikumbu|Tambala
Mulanje|Chikumbu|Tambala Trading Centre
Mulanje|Chikumbu|Tambwali
Mulanje|Chikumbu|Tenthiwa
Mulanje|Chikumbu|Thanda
Mulanje|Chikumbu|Unyolo
Mulanje|Chikumbu|Unyolo   I
Mulanje|Chikumbu|Unyolo   II
Mulanje|Chikumbu|Waruma
Mulanje|Chikumbu|Wasiya
Mulanje|Chikumbu|Zingula
Mulanje|Chikumbu|Zipangani
Mulanje|Juma|Asiki
Mulanje|Juma|Bakili
Mulanje|Juma|Basale
Mulanje|Juma|Chafikana
Mulanje|Juma|Chakhuta Trading Centre
Mulanje|Juma|Chapweteka
Mulanje|Juma|Chapweteka  Trading Centre
Mulanje|Juma|Chawawa
Mulanje|Juma|Chikomo
Mulanje|Juma|Chilemba
Mulanje|Juma|Chimbalanga
Mulanje|Juma|Chimbalanga Trading Centre
Mulanje|Juma|Chimwamezi
Mulanje|Juma|Chinama
Mulanje|Juma|Chirombo
Mulanje|Juma|Chiuta
Mulanje|Juma|Dalawesi
Mulanje|Juma|Drahamani
Mulanje|Juma|Dyanyama
Mulanje|Juma|Gomani
Mulanje|Juma|Gumera
Mulanje|Juma|John
Mulanje|Juma|Joni
Mulanje|Juma|Julio
Mulanje|Juma|Juma
Mulanje|Juma|Kabuthu
Mulanje|Juma|Kachenje
Mulanje|Juma|Kachingwe
Mulanje|Juma|Kalale
Mulanje|Juma|Kamoto
Mulanje|Juma|Kamwendo
Mulanje|Juma|Kamwendo Trading Centre
Mulanje|Juma|Kandulo
Mulanje|Juma|Khokholiwa
Mulanje|Juma|Khongonyowa
Mulanje|Juma|Khunyeriwa
Mulanje|Juma|Khwalala
Mulanje|Juma|KhwalalaTrading Centre
Mulanje|Juma|Kombola
Mulanje|Juma|Kondwani
Mulanje|Juma|Kumponya
Mulanje|Juma|Kuselema
Mulanje|Juma|Likhomo
Mulanje|Juma|Likwethu
Mulanje|Juma|Liwonde
Mulanje|Juma|Lolo
Mulanje|Juma|LoloTrading Centre
Mulanje|Juma|Lwangwa
Mulanje|Juma|Madukani
Mulanje|Juma|Madzuwa
Mulanje|Juma|Makina
Mulanje|Juma|Makokola
Mulanje|Juma|Makwangwala
Mulanje|Juma|Makwinja
Mulanje|Juma|Malakamu
Mulanje|Juma|Mali Trading Centre
Mulanje|Juma|Mambiya
Mulanje|Juma|Mangwaya
Mulanje|Juma|Manyumba
Mulanje|Juma|Manyumba Trading Centre
Mulanje|Juma|Masauli
Mulanje|Juma|Masauli Trading Centre
Mulanje|Juma|Matekenya
Mulanje|Juma|Matewere
Mulanje|Juma|Matuta
Mulanje|Juma|Matuwisa
Mulanje|Juma|Matyola
Mulanje|Juma|Mawondo Trading Centre
Mulanje|Juma|Mbonga
Mulanje|Juma|Mchoma
Mulanje|Juma|Mfumuyayikazi
Mulanje|Juma|Misomali
Mulanje|Juma|Mkomaula
Mulanje|Juma|Mkwapatira
Mulanje|Juma|Mkwapatira  Trading Centre
Mulanje|Juma|Mlakata
Mulanje|Juma|Mlapa
Mulanje|Juma|Molton Trading Centre
Mulanje|Juma|Mpheni
Mulanje|Juma|Mphwecha
Mulanje|Juma|Mpondesi
Mulanje|Juma|Muhiyo
Mulanje|Juma|Mukhwapa
Mulanje|Juma|Muliva
Mulanje|Juma|Muliya Trading Centre
Mulanje|Juma|Mulunguzi
Mulanje|Juma|Munlo
Mulanje|Juma|Muzombwe
Mulanje|Juma|Mvunguti
Mulanje|Juma|Mwakhiwa
Mulanje|Juma|Mwala
Mulanje|Juma|Mwanyungwa
Mulanje|Juma|Mwawihe
Mulanje|Juma|Nachongo
Mulanje|Juma|Nalipa
Mulanje|Juma|Namkuyu Trading Centre
Mulanje|Juma|Namphungo
Mulanje|Juma|Namphungo   Trading Centre
Mulanje|Juma|Namphungo  Trading Centre
Mulanje|Juma|Namulenga  Trading Centre
Mulanje|Juma|Nankhumwa
Mulanje|Juma|Napweto
Mulanje|Juma|Natawa
Mulanje|Juma|Naveya
Mulanje|Juma|Nawitika
Mulanje|Juma|Ndalawesi
Mulanje|Juma|Ndanga
Mulanje|Juma|Ndanga Trading Centre
Mulanje|Juma|Nguwo
Mulanje|Juma|Nguwo Trading Centre
Mulanje|Juma|Nkando
Mulanje|Juma|Nkando     Trading Centre
Mulanje|Juma|Nkando    Trading Centre
Mulanje|Juma|Nkatasi
Mulanje|Juma|Nkolong'ong'o
Mulanje|Juma|Nkorong'ong'o
Mulanje|Juma|Nsanjama
Mulanje|Juma|Phulanya
Mulanje|Juma|Richard
Mulanje|Juma|Sabola
Mulanje|Juma|Sagawa
Mulanje|Juma|Sagawa Trading Centre
Mulanje|Juma|Samton
Mulanje|Juma|Sanjama
Mulanje|Juma|Sauka
Mulanje|Juma|Sikoti
Mulanje|Juma|Sitolo
Mulanje|Juma|Suliwa
Mulanje|Juma|Sumani
Mulanje|Juma|Tamani
Mulanje|Juma|Tambala
Mulanje|Juma|Tchavi
Mulanje|Juma|Tepani
Mulanje|Juma|Theramau Trading Centre
Mulanje|Juma|Thuluwa
Mulanje|Juma|Tonthola
Mulanje|Juma|Wabu
Mulanje|Juma|Wathuluwa
Mulanje|Juma|Wendewende
Mulanje|Juma|Wendewende Trading Centre
Mulanje|Juma|Wetheya
Mulanje|Juma|Wisiman
Mulanje|Juma|Yohane
Mulanje|Mabuka|Bafuta
Mulanje|Mabuka|Bango
Mulanje|Mabuka|Bokosi
Mulanje|Mabuka|Bondo
Mulanje|Mabuka|Bwanali
Mulanje|Mabuka|Canning Compound
Mulanje|Mabuka|Chabwera
Mulanje|Mabuka|Chaima
Mulanje|Mabuka|Chanunkha Compound
Mulanje|Mabuka|Chapota
Mulanje|Mabuka|Chathamanja
Mulanje|Mabuka|Chenali
Mulanje|Mabuka|Chigamba
Mulanje|Mabuka|Chigundula
Mulanje|Mabuka|Chikanamba
Mulanje|Mabuka|Chikanda
Mulanje|Mabuka|Chikandwe
Mulanje|Mabuka|Chikapa
Mulanje|Mabuka|Chikule Estate
Mulanje|Mabuka|Chikuse
Mulanje|Mabuka|Chikuse Trading Centr
Mulanje|Mabuka|Chimtengo
Mulanje|Mabuka|Chimwaza
Mulanje|Mabuka|Chingozi CIC Compound
Mulanje|Mabuka|Chingozi Compound
Mulanje|Mabuka|Chinyama
Mulanje|Mabuka|Chinyama Trading Centr
Mulanje|Mabuka|Chipembere
Mulanje|Mabuka|Chipoka
Mulanje|Mabuka|Chipoka Trading Centr
Mulanje|Mabuka|Chisinkha
Mulanje|Mabuka|Dani
Mulanje|Mabuka|Division Camp No. 2
Mulanje|Mabuka|Division ll Compound
Mulanje|Mabuka|Division lll Compound
Mulanje|Mabuka|Duguda
Mulanje|Mabuka|Dungunyuwa
Mulanje|Mabuka|Duswa
Mulanje|Mabuka|Dzenje
Mulanje|Mabuka|Ekhamuni
Mulanje|Mabuka|Eldorado Compound
Mulanje|Mabuka|Esparanza Compound
Mulanje|Mabuka|Field Three Compound
Mulanje|Mabuka|Fikani
Mulanje|Mabuka|Firiston
Mulanje|Mabuka|Fulama
Mulanje|Mabuka|Gawanya
Mulanje|Mabuka|Gladson
Mulanje|Mabuka|Glynorchy Compound
Mulanje|Mabuka|Godobola
Mulanje|Mabuka|Gogodo
Mulanje|Mabuka|Gondwa
Mulanje|Mabuka|Guleti
Mulanje|Mabuka|Gulumba
Mulanje|Mabuka|Gulumba Trading Centr
Mulanje|Mabuka|Gumbanyiwa
Mulanje|Mabuka|Gwendema
Mulanje|Mabuka|Havera
Mulanje|Mabuka|Ingolo
Mulanje|Mabuka|Izeki
Mulanje|Mabuka|Jailosi
Mulanje|Mabuka|Jali
Mulanje|Mabuka|Jambawe Trading Centr
Mulanje|Mabuka|James
Mulanje|Mabuka|James Trading Centr
Mulanje|Mabuka|John Chiwaya
Mulanje|Mabuka|John Mabuka
Mulanje|Mabuka|John Zinthuli
Mulanje|Mabuka|Kabuthu
Mulanje|Mabuka|Kalamwa
Mulanje|Mabuka|Kaliza
Mulanje|Mabuka|Kaliza CIC Compound
Mulanje|Mabuka|Kalodzwa
Mulanje|Mabuka|Kambali
Mulanje|Mabuka|Kang'oma
Mulanje|Mabuka|Kanyandula
Mulanje|Mabuka|Kapesi
Mulanje|Mabuka|Kashoni
Mulanje|Mabuka|Katekesa
Mulanje|Mabuka|Kathumba
Mulanje|Mabuka|Katute
Mulanje|Mabuka|Khanyizira
Mulanje|Mabuka|Khavala
Mulanje|Mabuka|Khenyiwa
Mulanje|Mabuka|Khongoloni Compound
Mulanje|Mabuka|Khumbanyiwa
Mulanje|Mabuka|Korinto
Mulanje|Mabuka|Launderdale Compound
Mulanje|Mabuka|Libolobolo
Mulanje|Mabuka|Lichenya Compound
Mulanje|Mabuka|Lijanga
Mulanje|Mabuka|Likanga Compound
Mulanje|Mabuka|Likanga Staff Houses
Mulanje|Mabuka|Likhomo
Mulanje|Mabuka|Likhubula Compound
Mulanje|Mabuka|Liwawala
Mulanje|Mabuka|Lowa
Mulanje|Mabuka|Lu jeri Estate Compound 1
Mulanje|Mabuka|Lubalu
Mulanje|Mabuka|Lujeri Compound 5
Mulanje|Mabuka|Lujeri Estate
Mulanje|Mabuka|Lumala
Mulanje|Mabuka|Lumala Trading Centr
Mulanje|Mabuka|Lundu
Mulanje|Mabuka|Mabi
Mulanje|Mabuka|Mabuka
Mulanje|Mabuka|Machokola
Mulanje|Mabuka|Maero
Mulanje|Mabuka|Magabwa
Mulanje|Mabuka|Magagada
Mulanje|Mabuka|Magara
Mulanje|Mabuka|Maguba
Mulanje|Mabuka|Magulo
Mulanje|Mabuka|Magwelegwede
Mulanje|Mabuka|Magwira
Mulanje|Mabuka|Majawa
Mulanje|Mabuka|Majiya
Mulanje|Mabuka|Makala Trading Centre
Mulanje|Mabuka|Makaula
Mulanje|Mabuka|Makuluni
Mulanje|Mabuka|Makupiza
Mulanje|Mabuka|makuwa
Mulanje|Mabuka|Makwale
Mulanje|Mabuka|Makwete
Mulanje|Mabuka|Malembe
Mulanje|Mabuka|Mambulu
Mulanje|Mabuka|Mambulu Trading Centr
Mulanje|Mabuka|Mamela
Mulanje|Mabuka|Mandala Trading Centr
Mulanje|Mabuka|Mandanda
Mulanje|Mabuka|Mandula
Mulanje|Mabuka|Mangame
Mulanje|Mabuka|Mangondo Compound
Mulanje|Mabuka|Mangondo Trading centre
Mulanje|Mabuka|Mapale Camp
Mulanje|Mabuka|Mapereka
Mulanje|Mabuka|Mapesi
Mulanje|Mabuka|Masanga
Mulanje|Mabuka|Masawa
Mulanje|Mabuka|Masepula
Mulanje|Mabuka|Masito
Mulanje|Mabuka|Matereka
Mulanje|Mabuka|Matewere
Mulanje|Mabuka|Mathalawuza
Mulanje|Mabuka|Mathambi
Mulanje|Mabuka|Mathambi Trading Center
Mulanje|Mabuka|Mawuluka
Mulanje|Mabuka|Mayingwa
Mulanje|Mabuka|Mberemuno
Mulanje|Mabuka|Mbewa
Mulanje|Mabuka|MboeraTrading Centr
Mulanje|Mabuka|Mbyuyerima
Mulanje|Mabuka|Michenga
Mulanje|Mabuka|Mikhuthi
Mulanje|Mabuka|Mikundi
Mulanje|Mabuka|Mimosa Compound
Mulanje|Mabuka|Mimosa EP Compound
Mulanje|Mabuka|Mimosa IO Compound
Mulanje|Mabuka|Mimosa Trading Centre
Mulanje|Mabuka|Mingwa
Mulanje|Mabuka|Minimini Compound 4
Mulanje|Mabuka|Minimini Trading Centr
Mulanje|Mabuka|Misanjo
Mulanje|Mabuka|Misewu
Mulanje|Mabuka|Misewu Four Trading Centre
Mulanje|Mabuka|Misewu Four Trading Cenyre
Mulanje|Mabuka|Mishoni
Mulanje|Mabuka|Misomali
Mulanje|Mabuka|Mitombozi Trading Centre
Mulanje|Mabuka|Mjojo
Mulanje|Mabuka|Mlimiha
Mulanje|Mabuka|Mlofinyo
Mulanje|Mabuka|Mlomo
Mulanje|Mabuka|Mofati
Mulanje|Mabuka|Mose
Mulanje|Mabuka|Mothiwa
Mulanje|Mabuka|Mpala
Mulanje|Mabuka|Mpala Trading Centr
Mulanje|Mabuka|Mpando
Mulanje|Mabuka|Mpholiwa
Mulanje|Mabuka|Mphonde
Mulanje|Mabuka|Mphuchila
Mulanje|Mabuka|Mphusu
Mulanje|Mabuka|Mt Zion Compound
Mulanje|Mabuka|Mukharara
Mulanje|Mabuka|Mulelemba
Mulanje|Mabuka|Mulima
Mulanje|Mabuka|Mulola
Mulanje|Mabuka|Muloza Compound
Mulanje|Mabuka|Mungonya
Mulanje|Mabuka|Muntake
Mulanje|Mabuka|Munyaka
Mulanje|Mabuka|Mutake
Mulanje|Mabuka|Muyeliwa
Mulanje|Mabuka|Mwazambo
Mulanje|Mabuka|Mwehiwa
Mulanje|Mabuka|Mweliwa
Mulanje|Mabuka|Mwera
Mulanje|Mabuka|Mwingwa
Mulanje|Mabuka|Nachwachwa
Mulanje|Mabuka|Najira
Mulanje|Mabuka|Nakholu Compound
Mulanje|Mabuka|Nakhwakhwa
Mulanje|Mabuka|Naluso
Mulanje|Mabuka|Naluwade
Mulanje|Mabuka|Namaja
Mulanje|Mabuka|Namangolo
Mulanje|Mabuka|Namanja
Mulanje|Mabuka|Namarucha
Mulanje|Mabuka|Namazoma
Mulanje|Mabuka|Namunda
Mulanje|Mabuka|Namunda Trading Centr
Mulanje|Mabuka|Nanchwachwa
Mulanje|Mabuka|Nande
Mulanje|Mabuka|Nandolo
Mulanje|Mabuka|Nandolo Camp
Mulanje|Mabuka|Nansila
Mulanje|Mabuka|Nanyanga
Mulanje|Mabuka|Nasiyaya
Mulanje|Mabuka|Nathambwe Compound
Mulanje|Mabuka|Nayimbele
Mulanje|Mabuka|Nchima
Mulanje|Mabuka|Nduguda
Mulanje|Mabuka|Nessa
Mulanje|Mabuka|Ng'omba
Mulanje|Mabuka|Ngomola
Mulanje|Mabuka|Ngongondole
Mulanje|Mabuka|Ngongondole Trading Centre
Mulanje|Mabuka|Ngwalamba
Mulanje|Mabuka|Ngwezu
Mulanje|Mabuka|Njema
Mulanje|Mabuka|Njirambo
Mulanje|Mabuka|Nkhakamira
Mulanje|Mabuka|Nkundi
Mulanje|Mabuka|Nkuta
Mulanje|Mabuka|Nsila
Mulanje|Mabuka|Nsona
Mulanje|Mabuka|Ntanga
Mulanje|Mabuka|Ntata
Mulanje|Mabuka|Ntchentche
Mulanje|Mabuka|Ntemanjuchi Trading Centr
Mulanje|Mabuka|Ntiza
Mulanje|Mabuka|Nyambalo
Mulanje|Mabuka|Nyangayathyoka
Mulanje|Mabuka|Nyangu
Mulanje|Mabuka|Nyimbiri
Mulanje|Mabuka|Phanitsa
Mulanje|Mabuka|Ruo Estate Compound
Mulanje|Mabuka|Sagawa
Mulanje|Mabuka|Sakhama
Mulanje|Mabuka|Salamba
Mulanje|Mabuka|Samala Banja Compound
Mulanje|Mabuka|Samson
Mulanje|Mabuka|Sayama Compound
Mulanje|Mabuka|Sayama Staff Houses
Mulanje|Mabuka|Sazola
Mulanje|Mabuka|Scot Compound
Mulanje|Mabuka|Sinior StaffHouses
Mulanje|Mabuka|Siwala
Mulanje|Mabuka|Small Holder Compound
Mulanje|Mabuka|Sombani
Mulanje|Mabuka|Sona
Mulanje|Mabuka|Sona  Trading Center
Mulanje|Mabuka|Sonjeka
Mulanje|Mabuka|Sozola
Mulanje|Mabuka|Suluku Compound
Mulanje|Mabuka|Sunguma
Mulanje|Mabuka|Supuni
Mulanje|Mabuka|Taleka
Mulanje|Mabuka|Tambala
Mulanje|Mabuka|Tchete
Mulanje|Mabuka|Tchete Compound
Mulanje|Mabuka|Tchodola
Mulanje|Mabuka|Tengamisala
Mulanje|Mabuka|Thawira
Mulanje|Mabuka|Thopinya
Mulanje|Mabuka|Thornwood Trading Centr
Mulanje|Mabuka|Thundu Trading Centr
Mulanje|Mabuka|Wasi
Mulanje|Mabuka|Zamulire
Mulanje|Mabuka|Zing'ono
Mulanje|Mabuka|Zowa
Mulanje|Mulanje Boma|Bush
Mulanje|Mulanje Boma|Chipoka
Mulanje|Mulanje Boma|Chitakale
Mulanje|Mulanje Boma|Chitakale     Trading Centre
Mulanje|Mulanje Boma|Chitakale Compound 2
Mulanje|Mulanje Boma|Chitakale Estate Compound 1
Mulanje|Mulanje Boma|Chitakale Estate Compound 2
Mulanje|Mulanje Boma|Chitakale Estate Compound 4
Mulanje|Mulanje Boma|Chitakale Estate Compound 5
Mulanje|Mulanje Boma|Chitakale Estate Compound 6
Mulanje|Mulanje Boma|Chitakale Trading Centre
Mulanje|Mulanje Boma|D.Cs' Lines
Mulanje|Mulanje Boma|Esparanza Compound
Mulanje|Mulanje Boma|Glrnorchy Compound 2
Mulanje|Mulanje Boma|Glrnorchy Compound 3
Mulanje|Mulanje Boma|Glrnorchy Compound 4
Mulanje|Mulanje Boma|Glrnorchy Compound1
Mulanje|Mulanje Boma|Gulumba
Mulanje|Mulanje Boma|Khonya
Mulanje|Mulanje Boma|Khonya  Trading Centre
Mulanje|Mulanje Boma|Kumwamba
Mulanje|Mulanje Boma|Lomo
Mulanje|Mulanje Boma|Mandanda
Mulanje|Mulanje Boma|Mkanamwano Compound
Mulanje|Mulanje Boma|Mulanje Boma
Mulanje|Mulanje Boma|Nakholu  Trading Centre
Mulanje|Mulanje Boma|Nakulo Estate Compound 1
Mulanje|Mulanje Boma|Namichila
Mulanje|Mulanje Boma|Njedza
Mulanje|Mulanje Boma|Police House
Mulanje|Mulanje Boma|Polopoto Trading Centre
Mulanje|Mulanje Boma|Tchete
Mulanje|Mulanje Mountain|Chambe
Mulanje|Mulanje Mountain|Chilemba
Mulanje|Mulanje Mountain|Chinzama
Mulanje|Mulanje Mountain|Dzole
Mulanje|Mulanje Mountain|Khuto
Mulanje|Mulanje Mountain|Lichenya Plateau
Mulanje|Mulanje Mountain|Manene
Mulanje|Mulanje Mountain|Manga
Mulanje|Mulanje Mountain|Matambale
Mulanje|Mulanje Mountain|Muloza Drift Compound
Mulanje|Mulanje Mountain|Nakodzwe
Mulanje|Mulanje Mountain|Namasile
Mulanje|Mulanje Mountain|Nandalanda
Mulanje|Mulanje Mountain|Nayikoto
Mulanje|Mulanje Mountain|Sapitwa
Mulanje|Mulanje Mountain|Tsunga
Mulanje|Njema|Baliga Compound
Mulanje|Njema|Benesi
Mulanje|Njema|Bloomfield
Mulanje|Njema|Bodole
Mulanje|Njema|Bona
Mulanje|Njema|Chambira
Mulanje|Njema|Chibade
Mulanje|Njema|Chimbira
Mulanje|Njema|Chimwaza
Mulanje|Njema|Chimwemwe Compound
Mulanje|Njema|Chinsewu
Mulanje|Njema|Chisambo
Mulanje|Njema|Chisambo Compound NO 1
Mulanje|Njema|Chisambo Compound NO 2
Mulanje|Njema|Chisambo Compound No 3
Mulanje|Njema|Chizonde
Mulanje|Njema|Gawani
Mulanje|Njema|Gladstone
Mulanje|Njema|Gwirima
Mulanje|Njema|Kalongonda
Mulanje|Njema|Kambalame Compound No 5
Mulanje|Njema|Kambalame Compound No 6
Mulanje|Njema|Khula Compound NO 3
Mulanje|Njema|Khumbanyiwa
Mulanje|Njema|Kometi
Mulanje|Njema|Kupsyangele
Mulanje|Njema|Ligonera
Mulanje|Njema|Limbuli
Mulanje|Njema|Limbuli  Compound NO 1
Mulanje|Njema|Limbuli  Compound No 4
Mulanje|Njema|Limbuli  Compound NO 6
Mulanje|Njema|Limbuli  Compound NO 8
Mulanje|Njema|Limbuli Trading Centre
Mulanje|Njema|Lupha
Mulanje|Njema|Lupiya
Mulanje|Njema|Mabveya
Mulanje|Njema|Mabveya Compound
Mulanje|Njema|Makokola
Mulanje|Njema|Makuluni
Mulanje|Njema|Maliyera
Mulanje|Njema|Malunda
Mulanje|Njema|Manyamba
Mulanje|Njema|Mataya
Mulanje|Njema|Matimati
Mulanje|Njema|Matola
Mulanje|Njema|Mbeleza
Mulanje|Njema|Mdala
Mulanje|Njema|Mdala Trading Centre
Mulanje|Njema|Mishoni
Mulanje|Njema|Mkhumba
Mulanje|Njema|Monda
Mulanje|Njema|Motola
Mulanje|Njema|Motola Trading Centre
Mulanje|Njema|Msikita
Mulanje|Njema|Mtalika
Mulanje|Njema|Mtambalika
Mulanje|Njema|Mujiwa
Mulanje|Njema|Muloza
Mulanje|Njema|Muloza Trading Centre
Mulanje|Njema|Muluzi Compound
Mulanje|Njema|Musumele
Mulanje|Njema|Muyebe
Mulanje|Njema|Mverera
Mulanje|Njema|Mwakhiwa
Mulanje|Njema|Namani
Mulanje|Njema|Namani Compound
Mulanje|Njema|Namaona
Mulanje|Njema|Namasalima
Mulanje|Njema|Namwera
Mulanje|Njema|Nanduma
Mulanje|Njema|Naphimba
Mulanje|Njema|Ndaonetsa
Mulanje|Njema|Ndunde
Mulanje|Njema|Ngulama
Mulanje|Njema|Nsikita
Mulanje|Njema|Nsuwadzi Compound
Mulanje|Njema|Nsuwadzi Compound No 3
Mulanje|Njema|Ntikhe
Mulanje|Njema|Nyalinga
Mulanje|Njema|Pangani
Mulanje|Njema|Phwazi Compound No1
Mulanje|Njema|Ruo Chithando Compound NO4
Mulanje|Njema|Ruo Trading Centre
Mulanje|Njema|Safali
Mulanje|Njema|Sakhera
Mulanje|Njema|Sambani
Mulanje|Njema|Sathawa
Mulanje|Njema|Sekeya
Mulanje|Njema|Songwe
Mulanje|Njema|Soza
Mulanje|Njema|Subili
Mulanje|Njema|Sulumba
Mulanje|Njema|Tengani
Mulanje|Njema|Thakiwa
Mulanje|Njema|Thigila
Mulanje|Njema|Thundu Compound No2
Mulanje|Njema|Zongwe
Mulanje|Njema|Zuku
Mulanje|Njema|Zumbira
Mulanje|Nkanda|Ben
Mulanje|Nkanda|Binali
Mulanje|Nkanda|Binali Trading Centre
Mulanje|Nkanda|Bwina
Mulanje|Nkanda|Chabvi
Mulanje|Nkanda|Chabwera
Mulanje|Nkanda|Chambe
Mulanje|Nkanda|Chambe Trading Centre
Mulanje|Nkanda|Chanje
Mulanje|Nkanda|Chanje Trading Centre
Mulanje|Nkanda|Chikweo
Mulanje|Nkanda|Chilanga
Mulanje|Nkanda|Chilembwe
Mulanje|Nkanda|Chiputu
Mulanje|Nkanda|Chitimbe
Mulanje|Nkanda|Chiuta
Mulanje|Nkanda|Chiuta Trading Centre
Mulanje|Nkanda|Chole
Mulanje|Nkanda|Chole Trading Centre
Mulanje|Nkanda|Demula
Mulanje|Nkanda|Dulankhani Trading Centre
Mulanje|Nkanda|Fundi
Mulanje|Nkanda|Gelegele
Mulanje|Nkanda|Gowelo
Mulanje|Nkanda|Harneck
Mulanje|Nkanda|John
Mulanje|Nkanda|John Manai
Mulanje|Nkanda|Joseph
Mulanje|Nkanda|Kachenje
Mulanje|Nkanda|Kalilima
Mulanje|Nkanda|Kalilima  Trading Centre
Mulanje|Nkanda|Kambenje
Mulanje|Nkanda|Kambenje  Trading Centre
Mulanje|Nkanda|Kamwendo
Mulanje|Nkanda|Kazembe
Mulanje|Nkanda|Khalameya
Mulanje|Nkanda|Khanyanga
Mulanje|Nkanda|Khubvala
Mulanje|Nkanda|Kukada
Mulanje|Nkanda|Kunda
Mulanje|Nkanda|Kunduwero
Mulanje|Nkanda|Kunlola
Mulanje|Nkanda|Ligwinji
Mulanje|Nkanda|Likhubula
Mulanje|Nkanda|Likhubula Trading Centre
Mulanje|Nkanda|Litsinje
Mulanje|Nkanda|Livetere
Mulanje|Nkanda|Liwakhwa
Mulanje|Nkanda|Lwaya
Mulanje|Nkanda|Macholowe
Mulanje|Nkanda|Magareta
Mulanje|Nkanda|Magombo
Mulanje|Nkanda|Makanda
Mulanje|Nkanda|Makumano Trading Centre
Mulanje|Nkanda|Malekwa
Mulanje|Nkanda|Maliro
Mulanje|Nkanda|Mandanda
Mulanje|Nkanda|Mandawala
Mulanje|Nkanda|Mandolo
Mulanje|Nkanda|Mangasanja
Mulanje|Nkanda|Maning'a
Mulanje|Nkanda|Manjomo
Mulanje|Nkanda|Manolo
Mulanje|Nkanda|Maoni Trading Centre
Mulanje|Nkanda|Masuku
Mulanje|Nkanda|Matanya II
Mulanje|Nkanda|Mataya
Mulanje|Nkanda|Matenje
Mulanje|Nkanda|Matuwika
Mulanje|Nkanda|Mbandanga
Mulanje|Nkanda|Mbendela
Mulanje|Nkanda|Mbendera
Mulanje|Nkanda|Mbunumbu
Mulanje|Nkanda|Mchakala
Mulanje|Nkanda|Mchemula
Mulanje|Nkanda|Mcheziwa
Mulanje|Nkanda|Mchiwa
Mulanje|Nkanda|Mchiwa Trading Centre
Mulanje|Nkanda|Mchoma
Mulanje|Nkanda|Miano
Mulanje|Nkanda|Miano Trading Centre
Mulanje|Nkanda|Mkawera
Mulanje|Nkanda|Mkwaila
Mulanje|Nkanda|Mkwera
Mulanje|Nkanda|Mlava
Mulanje|Nkanda|Mlere
Mulanje|Nkanda|Mlotho
Mulanje|Nkanda|Mombe
Mulanje|Nkanda|Mongola
Mulanje|Nkanda|Mongolo
Mulanje|Nkanda|Mphaya
Mulanje|Nkanda|Mphaya Trading Centre
Mulanje|Nkanda|Mphinyiwa
Mulanje|Nkanda|Mphwanya
Mulanje|Nkanda|Mphwanye
Mulanje|Nkanda|Mpombwe
Mulanje|Nkanda|Mponda
Mulanje|Nkanda|Mpumphira
Mulanje|Nkanda|Msikita
Mulanje|Nkanda|Mtolera
Mulanje|Nkanda|Muhiyo
Mulanje|Nkanda|Muhowa
Mulanje|Nkanda|Mulera
Mulanje|Nkanda|Mulima
Mulanje|Nkanda|Muluwane
Mulanje|Nkanda|Muriya
Mulanje|Nkanda|Muruwane
Mulanje|Nkanda|Mussa
Mulanje|Nkanda|Mwachande
Mulanje|Nkanda|Mwachumu
Mulanje|Nkanda|Mwanakhu
Mulanje|Nkanda|Mwanakhu Trading Centre
Mulanje|Nkanda|MwanakhuTrading Centre
Mulanje|Nkanda|Mwanamulanje Trading Centre
Mulanje|Nkanda|Mwanamvula
Mulanje|Nkanda|Mwanero
Mulanje|Nkanda|Mwanga Trading Centre
Mulanje|Nkanda|Mwanyali
Mulanje|Nkanda|Mwawalo
Mulanje|Nkanda|Mwenero
Mulanje|Nkanda|Mwetiheni
Mulanje|Nkanda|Mwinyere
Mulanje|Nkanda|Mwithwa
Mulanje|Nkanda|Nakhonya
Mulanje|Nkanda|Nakhonyo
Mulanje|Nkanda|Nalanda Trading Centre
Mulanje|Nkanda|Nalifu
Mulanje|Nkanda|Nalikata
Mulanje|Nkanda|Nalikata Trading Centre
Mulanje|Nkanda|Namatikha
Mulanje|Nkanda|Nankwakwa
Mulanje|Nkanda|Nankwakwala
Mulanje|Nkanda|Nasiyaya
Mulanje|Nkanda|Nchaathu
Mulanje|Nkanda|Nengwere
Mulanje|Nkanda|Ng'ong'ola
Mulanje|Nkanda|Ng'ong'ola Trading Centre
Mulanje|Nkanda|Nkanda
Mulanje|Nkanda|Nkando
Mulanje|Nkanda|Nkhuku
Mulanje|Nkanda|Nkhulera
Mulanje|Nkanda|Nkulola
Mulanje|Nkanda|Nkunguza
Mulanje|Nkanda|Nogwe
Mulanje|Nkanda|Nongwe
Mulanje|Nkanda|Nongwe Trading Centre
Mulanje|Nkanda|Nthokole
Mulanje|Nkanda|Ntolera
Mulanje|Nkanda|Ntonda
Mulanje|Nkanda|Ntonya
Mulanje|Nkanda|Phweremwe
Mulanje|Nkanda|Phwitiko
Mulanje|Nkanda|Roben
Mulanje|Nkanda|Robert
Mulanje|Nkanda|Sabuni
Mulanje|Nkanda|Sadibwa
Mulanje|Nkanda|Salimu
Mulanje|Nkanda|Sanyiwa
Mulanje|Nkanda|Shaibu
Mulanje|Nkanda|Simoni
Mulanje|Nkanda|Sopa
Mulanje|Nkanda|Tchaluwa
Mulanje|Nkanda|Tembenu
Mulanje|Nkanda|Thaba
Mulanje|Nkanda|Thokole
Mulanje|Nkanda|Thuluwe
Mulanje|Nkanda|Tontholo
Mulanje|Nkanda|Wanama
Mulanje|Nkanda|Yapa
Mulanje|Nthiramanja|Abunu
Mulanje|Nthiramanja|Abunu Nthiramanja
Mulanje|Nthiramanja|Alufaneti
Mulanje|Nthiramanja|Balabala
Mulanje|Nthiramanja|Bandawe
Mulanje|Nthiramanja|Chikhwaza
Mulanje|Nthiramanja|Chikwapa
Mulanje|Nthiramanja|Chimbalanga
Mulanje|Nthiramanja|Chinakanaka
Mulanje|Nthiramanja|Chinakanaka Trading Centre
Mulanje|Nthiramanja|Chinthuli
Mulanje|Nthiramanja|Chinthuli Trading Centre
Mulanje|Nthiramanja|Chisutu
Mulanje|Nthiramanja|Chisutu Tradinng Centre
Mulanje|Nthiramanja|Chituwatuwa
Mulanje|Nthiramanja|Chiuta
Mulanje|Nthiramanja|Chiwanda
Mulanje|Nthiramanja|Chonde
Mulanje|Nthiramanja|Gojo
Mulanje|Nthiramanja|Gumulira
Mulanje|Nthiramanja|Gunda
Mulanje|Nthiramanja|January
Mulanje|Nthiramanja|Jika
Mulanje|Nthiramanja|Kantunda
Mulanje|Nthiramanja|Khayano
Mulanje|Nthiramanja|Khobiri
Mulanje|Nthiramanja|Khoviwa
Mulanje|Nthiramanja|Khuliro
Mulanje|Nthiramanja|Komwa
Mulanje|Nthiramanja|Kukalanga
Mulanje|Nthiramanja|Kululira
Mulanje|Nthiramanja|Kumwanje
Mulanje|Nthiramanja|Kwikalawe
Mulanje|Nthiramanja|Ligomba
Mulanje|Nthiramanja|Likhala
Mulanje|Nthiramanja|Likoto
Mulanje|Nthiramanja|Liponda
Mulanje|Nthiramanja|Liveya
Mulanje|Nthiramanja|Magaleta
Mulanje|Nthiramanja|Magombo
Mulanje|Nthiramanja|Majawa
Mulanje|Nthiramanja|Majiya
Mulanje|Nthiramanja|Makolija
Mulanje|Nthiramanja|Makwinja
Mulanje|Nthiramanja|Malota
Mulanje|Nthiramanja|Maluwa
Mulanje|Nthiramanja|Matipwiri
Mulanje|Nthiramanja|Mbali
Mulanje|Nthiramanja|Mbiza
Mulanje|Nthiramanja|Michiliro
Mulanje|Nthiramanja|Milambe
Mulanje|Nthiramanja|Mkumbira
Mulanje|Nthiramanja|Mlambe
Mulanje|Nthiramanja|Molande
Mulanje|Nthiramanja|Msisi Trading  Cenre
Mulanje|Nthiramanja|Mtambo
Mulanje|Nthiramanja|Mwamadi
Mulanje|Nthiramanja|Mwarama
Mulanje|Nthiramanja|Mwasa
Mulanje|Nthiramanja|Mwenyekasi
Mulanje|Nthiramanja|Mzinganyama
Mulanje|Nthiramanja|Mzizila
Mulanje|Nthiramanja|Mzizira
Mulanje|Nthiramanja|Nakoma
Mulanje|Nthiramanja|Namagunda
Mulanje|Nthiramanja|Namakhololo
Mulanje|Nthiramanja|Namale
Mulanje|Nthiramanja|Namalenda
Mulanje|Nthiramanja|Namangunda
Mulanje|Nthiramanja|Namitupa
Mulanje|Nthiramanja|Namoyo
Mulanje|Nthiramanja|Ngakusa
Mulanje|Nthiramanja|Nguluwe
Mulanje|Nthiramanja|Njete
Mulanje|Nthiramanja|Nkumbira
Mulanje|Nthiramanja|Nthiramanja
Mulanje|Nthiramanja|Nyalugwe
Mulanje|Nthiramanja|Ozamba
Mulanje|Nthiramanja|Pangani
Mulanje|Nthiramanja|Potani
Mulanje|Nthiramanja|Saenda
Mulanje|Nthiramanja|Salipa
Mulanje|Nthiramanja|Sambatiyawo
Mulanje|Nthiramanja|Tambala
Mulanje|Nthiramanja|Thanguli
Mulanje|Nthiramanja|Thomu
Mulanje|Nthiramanja|Wasi
Mwanza|Kanduku|AGMA Estate
Mwanza|Kanduku|Amosi
Mwanza|Kanduku|Benjamin
Mwanza|Kanduku|Chabweza
Mwanza|Kanduku|Changona
Mwanza|Kanduku|Chaponda
Mwanza|Kanduku|Chatha
Mwanza|Kanduku|Chikolosa
Mwanza|Kanduku|Chilala
Mwanza|Kanduku|Chipondeni
Mwanza|Kanduku|Chipondeni I
Mwanza|Kanduku|Chithumbwi
Mwanza|Kanduku|Chiunguza
Mwanza|Kanduku|Dicksoni
Mwanza|Kanduku|Donkeni
Mwanza|Kanduku|Galafa
Mwanza|Kanduku|Gulumba
Mwanza|Kanduku|Hau
Mwanza|Kanduku|Humba
Mwanza|Kanduku|Jeke
Mwanza|Kanduku|Jimu
Mwanza|Kanduku|John
Mwanza|Kanduku|Kanduku
Mwanza|Kanduku|Kanduku I
Mwanza|Kanduku|Kanduku II
Mwanza|Kanduku|Kanduku IV
Mwanza|Kanduku|Katunga
Mwanza|Kanduku|Kunenekude
Mwanza|Kanduku|Kunenekude Trading Centre
Mwanza|Kanduku|Lipenga
Mwanza|Kanduku|Liwonde
Mwanza|Kanduku|Luka Chimweta
Mwanza|Kanduku|Lupiya
Mwanza|Kanduku|Mandolo
Mwanza|Kanduku|Mdzinja
Mwanza|Kanduku|Mgango
Mwanza|Kanduku|Mkwichi
Mwanza|Kanduku|Mlongolola
Mwanza|Kanduku|Moffati
Mwanza|Kanduku|Mphete Trading Centre
Mwanza|Kanduku|Mpima
Mwanza|Kanduku|Msakambewa B
Mwanza|Kanduku|Mwalemera
Mwanza|Kanduku|Nchotseni
Mwanza|Kanduku|Ngadziwe
Mwanza|Kanduku|Ngadziwe Trading Centre
Mwanza|Kanduku|Njolomola
Mwanza|Kanduku|Njolomole
Mwanza|Kanduku|Ntasa
Mwanza|Kanduku|Peter
Mwanza|Kanduku|Press Agri. Estate
Mwanza|Kanduku|Rabsoni
Mwanza|Kanduku|Raundi
Mwanza|Kanduku|Roundi
Mwanza|Kanduku|Samu
Mwanza|Kanduku|Siledi
Mwanza|Kanduku|Sudala
Mwanza|Kanduku|Thambala
Mwanza|Kanduku|Tulonkhondo
Mwanza|Kanduku|Wingolo
Mwanza|Kanduku|Yepesi
Mwanza|Kanduku|Zikaloga
Mwanza|Kanduku|Ziyaya
Mwanza|Mwanza Boma|Chikolosa
Mwanza|Mwanza Boma|Hau
Mwanza|Mwanza Boma|Liwonde
Mwanza|Mwanza Boma|Msakambewa
Mwanza|Mwanza Boma|Mwanza Trading Centre
Mwanza|Mwanza Boma|Nchotseni
Mwanza|Mwanza Boma|Sudala
Mwanza|Nthache|Biriwiri
Mwanza|Nthache|Chatambala
Mwanza|Nthache|Chikapa
Mwanza|Nthache|Chikoleka
Mwanza|Nthache|Chimbwinda
Mwanza|Nthache|Chimulango
Mwanza|Nthache|Chimwalira
Mwanza|Nthache|Chinangwa
Mwanza|Nthache|Chiwambo
Mwanza|Nthache|Chiwembu
Mwanza|Nthache|Dzilima
Mwanza|Nthache|Enoko
Mwanza|Nthache|Faiti
Mwanza|Nthache|Galatiya
Mwanza|Nthache|Golowa
Mwanza|Nthache|Govati
Mwanza|Nthache|Gwirenchila
Mwanza|Nthache|Ilemba
Mwanza|Nthache|Jamu
Mwanza|Nthache|Jeke
Mwanza|Nthache|Joseph
Mwanza|Nthache|Kabango
Mwanza|Nthache|Kabvalansi
Mwanza|Nthache|Kagoinamwa
Mwanza|Nthache|Kagoinamwake
Mwanza|Nthache|Kagulo
Mwanza|Nthache|Kalanga
Mwanza|Nthache|Kalanga Trading Centre
Mwanza|Nthache|Kalima I
Mwanza|Nthache|Kamphirimo
Mwanza|Nthache|Kamwendo
Mwanza|Nthache|Kankoma
Mwanza|Nthache|Kanyani
Mwanza|Nthache|Kanyani II
Mwanza|Nthache|Kapherana
Mwanza|Nthache|Kapise
Mwanza|Nthache|Kasapha
Mwanza|Nthache|Kasuza
Mwanza|Nthache|Kawiliza
Mwanza|Nthache|Kayera
Mwanza|Nthache|Khonje
Mwanza|Nthache|Kunkhoma
Mwanza|Nthache|Machilika
Mwanza|Nthache|Makanani
Mwanza|Nthache|Mangulenje
Mwanza|Nthache|Masokosa
Mwanza|Nthache|Michiru Estate
Mwanza|Nthache|Minjale
Mwanza|Nthache|Mpandasoni
Mwanza|Nthache|Mpeni
Mwanza|Nthache|Msembedzel
Mwanza|Nthache|Mtitima
Mwanza|Nthache|Nankhundwe Estate
Mwanza|Nthache|Nasongole
Mwanza|Nthache|Ndilire
Mwanza|Nthache|Ng'onzo
Mwanza|Nthache|Nguteya
Mwanza|Nthache|Nguteyu
Mwanza|Nthache|Ngwedula
Mwanza|Nthache|Njanjama
Mwanza|Nthache|Njenjema
Mwanza|Nthache|Nkulira
Mwanza|Nthache|Nkwete
Mwanza|Nthache|Ntalimanja
Mwanza|Nthache|Ntasa
Mwanza|Nthache|Ntchale
Mwanza|Nthache|Nthache
Mwanza|Nthache|Pfupa
Mwanza|Nthache|Sapanga
Mwanza|Nthache|Sikweya
Mwanza|Nthache|Silota
Mwanza|Nthache|Tambo
Mwanza|Nthache|Thambani Trading Centre
Mwanza|Nthache|Tipatuleni
Mwanza|Nthache|Tsegulani
Mzimba|Chindi|Abisalomu Ngulube
Mzimba|Chindi|Aggripa Jere
Mzimba|Chindi|Akimu
Mzimba|Chindi|Area North Estate Compound no.1
Mzimba|Chindi|Aroni Mapala
Mzimba|Chindi|Balamesi Chirwa
Mzimba|Chindi|Bandawe
Mzimba|Chindi|Baphani Kamanga
Mzimba|Chindi|Basopo Lungu
Mzimba|Chindi|Batulumeyo Kamanga
Mzimba|Chindi|Bayani
Mzimba|Chindi|Benjamini Moyo
Mzimba|Chindi|Beyenga Bongobongo
Mzimba|Chindi|Bongowongo
Mzimba|Chindi|Bongowowo
Mzimba|Chindi|Boti
Mzimba|Chindi|Bulala Trading Centre
Mzimba|Chindi|Bundi
Mzimba|Chindi|Chadewa
Mzimba|Chindi|Chadewa II
Mzimba|Chindi|Chadewa Malinyete
Mzimba|Chindi|Chadewa Matomola
Mzimba|Chindi|Chagoga
Mzimba|Chindi|Chagoma
Mzimba|Chindi|Chagoma Mnhlanga
Mzimba|Chindi|Chakhalira Gondwe
Mzimba|Chindi|Chakulota
Mzimba|Chindi|Chalimbana
Mzimba|Chindi|Chalinda Nyanjagha
Mzimba|Chindi|Chamama
Mzimba|Chindi|Chandondo
Mzimba|Chindi|Changa
Mzimba|Chindi|Changa Mafuleka
Mzimba|Chindi|Chapangalika
Mzimba|Chindi|Chapangalika Ng'oma
Mzimba|Chindi|Chaphweka Ndengu
Mzimba|Chindi|Chavinda
Mzimba|Chindi|Chibabula
Mzimba|Chindi|Chibala Nkosi
Mzimba|Chindi|Chibetete
Mzimba|Chindi|Chibeza Mwanza
Mzimba|Chindi|Chibisa
Mzimba|Chindi|Chibisa Chirwa
Mzimba|Chindi|Chibizula Ndhlovu
Mzimba|Chindi|Chibula Mbokoma
Mzimba|Chindi|Chibula Moyo
Mzimba|Chindi|Chibula Nkhoma
Mzimba|Chindi|Chibwana Mkhalipi
Mzimba|Chindi|Chidera
Mzimba|Chindi|Chidesa
Mzimba|Chindi|Chidiwa Nzima
Mzimba|Chindi|Chidulika
Mzimba|Chindi|Chidumayo Phiri
Mzimba|Chindi|Chiduswa
Mzimba|Chindi|Chidyaka
Mzimba|Chindi|Chidyakale Zulu Gama
Mzimba|Chindi|Chiganga Mbulo
Mzimba|Chindi|Chigoga Jere
Mzimba|Chindi|Chigona Mkandawire
Mzimba|Chindi|Chigowo
Mzimba|Chindi|Chijere Khondowe
Mzimba|Chindi|Chikaka
Mzimba|Chindi|Chikaka Mwanza
Mzimba|Chindi|Chikalamu Makamo
Mzimba|Chindi|Chikayange
Mzimba|Chindi|Chikhota Mkhalipi
Mzimba|Chindi|Chikhumbi
Mzimba|Chindi|Chikhutu
Mzimba|Chindi|Chikoko
Mzimba|Chindi|Chikoko Mkandawire
Mzimba|Chindi|Chikoko Tchayiso
Mzimba|Chindi|Chikoma
Mzimba|Chindi|Chikoma Bota
Mzimba|Chindi|Chikomeni Kamanga
Mzimba|Chindi|Chikongeya
Mzimba|Chindi|Chikosera
Mzimba|Chindi|Chikoya Nkhata
Mzimba|Chindi|Chikozola
Mzimba|Chindi|Chilambe  Mkandawire
Mzimba|Chindi|Chilekamwali
Mzimba|Chindi|Chilinda George
Mzimba|Chindi|Chiliuli
Mzimba|Chindi|Chilotechi
Mzimba|Chindi|Chilubigho Mbunge
Mzimba|Chindi|Chimbavi
Mzimba|Chindi|Chimbinthula
Mzimba|Chindi|Chimbizya Gondwe
Mzimba|Chindi|Chimdima
Mzimba|Chindi|Chimenyanga
Mzimba|Chindi|Chimimba
Mzimba|Chindi|Chimimba Chipeta
Mzimba|Chindi|Chimkwayaya
Mzimba|Chindi|Chimlambala
Mzimba|Chindi|Chim'nyama
Mzimba|Chindi|Chimozimozi
Mzimba|Chindi|Chimphwako
Mzimba|Chindi|Chimsawa
Mzimba|Chindi|Chimukusa
Mzimba|Chindi|Chimukusa Kumwenda
Mzimba|Chindi|Chimwembe Chinkhuntha
Mzimba|Chindi|Chimwembe Masala
Mzimba|Chindi|Chimwembe Mphande
Mzimba|Chindi|Chindewe Nyirenda
Mzimba|Chindi|Chindi
Mzimba|Chindi|Chingﾇnyi
Mzimba|Chindi|Chinjati Nkwinika
Mzimba|Chindi|Chinkholongo
Mzimba|Chindi|Chinomba
Mzimba|Chindi|Chinombo Jere
Mzimba|Chindi|Chinyama
Mzimba|Chindi|Chinyenga
Mzimba|Chindi|Chipofya
Mzimba|Chindi|Chipoka Nchama
Mzimba|Chindi|Chiponda
Mzimba|Chindi|Chisasa
Mzimba|Chindi|Chisavu Nkhowani
Mzimba|Chindi|Chisengezi Trading Centre
Mzimba|Chindi|Chitandika
Mzimba|Chindi|Chitangala
Mzimba|Chindi|Chitapa Moyo
Mzimba|Chindi|Chitawo
Mzimba|Chindi|Chitete
Mzimba|Chindi|Chiti
Mzimba|Chindi|Chitowo
Mzimba|Chindi|Chitowo Kumwenda
Mzimba|Chindi|Chivwama Gondwe
Mzimba|Chindi|Chiwandauka
Mzimba|Chindi|Chiwenje
Mzimba|Chindi|Chiyola Mphaka
Mzimba|Chindi|Chiyotha
Mzimba|Chindi|Chiyotha Ngulube
Mzimba|Chindi|Chizapo
Mzimba|Chindi|Chizola Nthala
Mzimba|Chindi|Dakuti
Mzimba|Chindi|Damaseke Mkandawire
Mzimba|Chindi|Daneil Kumwenda
Mzimba|Chindi|Daniel Jere
Mzimba|Chindi|Daniel Kumwenda Chisekeni
Mzimba|Chindi|Daniel Moyo
Mzimba|Chindi|Daniel Mughogho
Mzimba|Chindi|Daudi
Mzimba|Chindi|Daulire Moyo
Mzimba|Chindi|David
Mzimba|Chindi|David Nyirenda
Mzimba|Chindi|Dembera Mkhalipi
Mzimba|Chindi|Dikangulu
Mzimba|Chindi|Dolora Ngwira
Mzimba|Chindi|Domudomu
Mzimba|Chindi|Duka Msimuko
Mzimba|Chindi|Dukutu Gondwe
Mzimba|Chindi|Elifala Nzima
Mzimba|Chindi|Elija Kumwenda
Mzimba|Chindi|Eliya Shaba
Mzimba|Chindi|Emhlambeni
Mzimba|Chindi|Euthini Trading Centre
Mzimba|Chindi|Filimon
Mzimba|Chindi|Filimon Kayidoke
Mzimba|Chindi|Fuzani Lungu
Mzimba|Chindi|Gala Mkandawire
Mzimba|Chindi|Gamphamawe
Mzimba|Chindi|Gamphani Hara
Mzimba|Chindi|Gayo
Mzimba|Chindi|General Farming Estate104
Mzimba|Chindi|George Chilinda
Mzimba|Chindi|Gomani Chirwa
Mzimba|Chindi|Gowoka Mkandawire
Mzimba|Chindi|Grezge Kumwenda
Mzimba|Chindi|Guza Chumbi
Mzimba|Chindi|Hannock Ng'oma
Mzimba|Chindi|Hannock Ngwira
Mzimba|Chindi|Hezekiya Banda
Mzimba|Chindi|Hezekiya Mbewe
Mzimba|Chindi|Hora
Mzimba|Chindi|Hoyi Mwanza
Mzimba|Chindi|Isake Tembo
Mzimba|Chindi|Jakuzi
Mzimba|Chindi|Jalako
Mzimba|Chindi|Jalako Mongola
Mzimba|Chindi|Jalani Kaunda
Mzimba|Chindi|James Balamu
Mzimba|Chindi|James Kamtondoli {Chiwowa}
Mzimba|Chindi|James Longwe
Mzimba|Chindi|James Moyo
Mzimba|Chindi|Jayilosi Gondwe
Mzimba|Chindi|Jeremia Chima
Mzimba|Chindi|Jeremia Lungu
Mzimba|Chindi|Jeremia Nyirenda
Mzimba|Chindi|Jeremia Samwila
Mzimba|Chindi|Jimu
Mzimba|Chindi|Joel Katoto Luhanga
Mzimba|Chindi|Joel Mhango
Mzimba|Chindi|Jolamu Nyirongo
Mzimba|Chindi|Jonasi Kumwenda
Mzimba|Chindi|Jonathan Khonje
Mzimba|Chindi|Jubeka
Mzimba|Chindi|Jubeka Chipeta
Mzimba|Chindi|Juliasi Kumwenda
Mzimba|Chindi|Jumbamo Ndhlovu
Mzimba|Chindi|Kabembe Mbunge
Mzimba|Chindi|Kabichi
Mzimba|Chindi|Kabichi Msoti
Mzimba|Chindi|Kabizi
Mzimba|Chindi|Kabumba
Mzimba|Chindi|Kachamba
Mzimba|Chindi|Kachilikana
Mzimba|Chindi|Kadali Sanga
Mzimba|Chindi|Kagizi
Mzimba|Chindi|Kaishani
Mzimba|Chindi|Kajembe Kumwenda
Mzimba|Chindi|Kalima Phiri
Mzimba|Chindi|Kalizga Gondwe
Mzimba|Chindi|Kamangadazi
Mzimba|Chindi|Kamangadazi Soko
Mzimba|Chindi|Kamangolo
Mzimba|Chindi|Kambadya Phiri
Mzimba|Chindi|Kambombo
Mzimba|Chindi|Kambombo Kumwenda
Mzimba|Chindi|Kam'bumbe
Mzimba|Chindi|Kambwiri
Mzimba|Chindi|Kambwiri Mbale
Mzimba|Chindi|Kamchere
Mzimba|Chindi|Kamchocho
Mzimba|Chindi|Kamchocho Banda
Mzimba|Chindi|Kamija Kunabani
Mzimba|Chindi|Kamkondo Nchama
Mzimba|Chindi|Kampingo Nyambose
Mzimba|Chindi|Kamtondoli
Mzimba|Chindi|Kamubumbe Kamanga
Mzimba|Chindi|Kamwelero
Mzimba|Chindi|Kanamuso Phiri
Mzimba|Chindi|Kanazamba
Mzimba|Chindi|Kanazumbwe
Mzimba|Chindi|Kanazumbwe Bota
Mzimba|Chindi|Kandani Phiri
Mzimba|Chindi|Kandelema
Mzimba|Chindi|Kandinda
Mzimba|Chindi|Kanthambani Mtonga
Mzimba|Chindi|Kanyala
Mzimba|Chindi|Kanyama Mosses Mkandawire
Mzimba|Chindi|Kanyaru
Mzimba|Chindi|Kanyimbwi
Mzimba|Chindi|Kanyonya
Mzimba|Chindi|Kanyuka
Mzimba|Chindi|Kanyunya
Mzimba|Chindi|Kapalamazange
Mzimba|Chindi|Kapando
Mzimba|Chindi|Kapando Trading Centre
Mzimba|Chindi|Kapera Mphangula
Mzimba|Chindi|Kapinyuka
Mzimba|Chindi|Kapinyuka Kumwenda
Mzimba|Chindi|Kaseka
Mzimba|Chindi|Kasolokera
Mzimba|Chindi|Kasolokera Kaunda
Mzimba|Chindi|Kasutha
Mzimba|Chindi|Kasuzumila Phiri
Mzimba|Chindi|Kathumba
Mzimba|Chindi|Katolola Mfuni
Mzimba|Chindi|Katolora  Mfuni
Mzimba|Chindi|Katondeka Mhango
Mzimba|Chindi|Katongomala
Mzimba|Chindi|Katongomala Gowa Zimba
Mzimba|Chindi|Katulunga
Mzimba|Chindi|Katulunga Kumwenda
Mzimba|Chindi|Katyola
Mzimba|Chindi|Katyola Ngulube
Mzimba|Chindi|Kavalo Nyirenda
Mzimba|Chindi|Kavibizi
Mzimba|Chindi|Kavisepo
Mzimba|Chindi|Kavizombo Nkosi
Mzimba|Chindi|Kawaza Estate
Mzimba|Chindi|Kawaza Estate Number 105
Mzimba|Chindi|Kawaza Estate Number 6
Mzimba|Chindi|Kawaza Estate Number 90
Mzimba|Chindi|Kawaza Estate Number 91
Mzimba|Chindi|Kawaza Estate Number 96
Mzimba|Chindi|Kawaza General Farming Number 104
Mzimba|Chindi|Kaweche
Mzimba|Chindi|Kayidoke
Mzimba|Chindi|Kayuni
Mzimba|Chindi|Kayuni Luhanga
Mzimba|Chindi|Kazibalwe
Mzimba|Chindi|Kazibalwe Chimbalame
Mzimba|Chindi|Kazibalwe Nyirenda
Mzimba|Chindi|Kesale
Mzimba|Chindi|Kesale Nyangulu
Mzimba|Chindi|Khamukhamu
Mzimba|Chindi|Khozapi
Mzimba|Chindi|Khozapi Mbale
Mzimba|Chindi|Khwemani
Mzimba|Chindi|Kong'oli Chilanga
Mzimba|Chindi|Ku 3 Estate no 3
Mzimba|Chindi|Ku 3 Estate no.100
Mzimba|Chindi|Ku Bezi Estate no.5
Mzimba|Chindi|Kumbanga
Mzimba|Chindi|Kunabani
Mzimba|Chindi|Kusonga Kabenga
Mzimba|Chindi|Kusutha
Mzimba|Chindi|Lambalamba Chinula
Mzimba|Chindi|Langa
Mzimba|Chindi|Layele
Mzimba|Chindi|Lazalo Phiri
Mzimba|Chindi|Lazaro Phiri
Mzimba|Chindi|Levi Mhpande
Mzimba|Chindi|Lowole
Mzimba|Chindi|Lufeyo Mphepo
Mzimba|Chindi|Luji Phiri
Mzimba|Chindi|Lukhele
Mzimba|Chindi|Lunda Lusale
Mzimba|Chindi|Lwatamba
Mzimba|Chindi|Lwatamba Ngwira
Mzimba|Chindi|Mabuka
Mzimba|Chindi|Mabunda
Mzimba|Chindi|Mabuso Mvalo
Mzimba|Chindi|Madede
Mzimba|Chindi|Madede Nzima
Mzimba|Chindi|Madede Trading Centre
Mzimba|Chindi|Magodi Nyirenda
Mzimba|Chindi|Maguru Chavula
Mzimba|Chindi|Maguzo Mafuleka
Mzimba|Chindi|Magwambani Ngulube
Mzimba|Chindi|Mahachi Chiumia
Mzimba|Chindi|Mahekeya
Mzimba|Chindi|Mahowe Kachali
Mzimba|Chindi|Major Moyo
Mzimba|Chindi|Makhambira
Mzimba|Chindi|Makhosana {Ndisani Nzima}
Mzimba|Chindi|Makhubalo Nyirongo
Mzimba|Chindi|Malambo Tembo
Mzimba|Chindi|Malamula Somba
Mzimba|Chindi|Malata
Mzimba|Chindi|Malaya
Mzimba|Chindi|Malidade Kumwenda
Mzimba|Chindi|Malinyete Trading Centre
Mzimba|Chindi|Malongo
Mzimba|Chindi|Maluza
Mzimba|Chindi|Mangaliso
Mzimba|Chindi|Mangaliso Nkwinika
Mzimba|Chindi|Manjubulu
Mzimba|Chindi|Maquwucho
Mzimba|Chindi|Masango Nyangulu
Mzimba|Chindi|Masumba
Mzimba|Chindi|Matemanga Nyirongo
Mzimba|Chindi|Mateyo Ngﾗma
Mzimba|Chindi|Mateyu
Mzimba|Chindi|Matola Honde
Mzimba|Chindi|Matomola
Mzimba|Chindi|Matomola Moyo
Mzimba|Chindi|Matongomala G. Ziba
Mzimba|Chindi|Mawe
Mzimba|Chindi|Mayembe {Chiduswa}
Mzimba|Chindi|Mbaimbai
Mzimba|Chindi|Mbalachanda Estate
Mzimba|Chindi|Mbalachanda Malani Lungu's estate no.9
Mzimba|Chindi|Mbalachanda Robson Chirwa's Estate no.7
Mzimba|Chindi|Mbalachanda Trading Centre
Mzimba|Chindi|Mbati Mazgopa
Mzimba|Chindi|Mbayimbayi
Mzimba|Chindi|Mbenji
Mzimba|Chindi|Mbokoma Mtonga
Mzimba|Chindi|Mbonde
Mzimba|Chindi|Mbongo
Mzimba|Chindi|Mbongo Moyo
Mzimba|Chindi|Mbuzi Mzumara
Mzimba|Chindi|Mchekacheka
Mzimba|Chindi|Mdalamba
Mzimba|Chindi|Mgabi
Mzimba|Chindi|Mgada Mkandawire
Mzimba|Chindi|Mgindi
Mzimba|Chindi|Mgubani Chipeta
Mzimba|Chindi|Mgunda
Mzimba|Chindi|Mhaka Nyungwe
Mzimba|Chindi|Mjimambewa
Mzimba|Chindi|Mkango
Mzimba|Chindi|Mkango Banda
Mzimba|Chindi|Mkhala Mtonda
Mzimba|Chindi|Mkhalipi
Mzimba|Chindi|Mkhulu
Mzimba|Chindi|Mkhuzo Moyo
Mzimba|Chindi|Mkhuzo Mumba
Mzimba|Chindi|Mkolera Nyirongo
Mzimba|Chindi|Mkondambili
Mzimba|Chindi|Mkulalero
Mzimba|Chindi|Mkweta
Mzimba|Chindi|M'mbelwa Farm Institute
Mzimba|Chindi|Morozi
Mzimba|Chindi|Morton Mtonga
Mzimba|Chindi|Mosses Gama
Mzimba|Chindi|Mpande
Mzimba|Chindi|Mpemphu
Mzimba|Chindi|Mpeyama Gondwe
Mzimba|Chindi|Mpeyama Nkhata
Mzimba|Chindi|Mphaka Nyungwe
Mzimba|Chindi|Mphande {Ingamo}
Mzimba|Chindi|Mpilingu
Mzimba|Chindi|Msazulwa
Mzimba|Chindi|Mselema Ngwira
Mzimba|Chindi|Msilikani
Mzimba|Chindi|Msipani
Mzimba|Chindi|Msitu Madhlopa
Mzimba|Chindi|Msutu
Mzimba|Chindi|Mtambalika Mkandawire
Mzimba|Chindi|Mtasuka Mwanza
Mzimba|Chindi|Mtekele
Mzimba|Chindi|Mtelera
Mzimba|Chindi|Mtembelembe Mkandawire
Mzimba|Chindi|Mtende
Mzimba|Chindi|Mtende Trading Centre
Mzimba|Chindi|Mtumbuka
Mzimba|Chindi|Mubama
Mzimba|Chindi|Mubanda Chinkhunda
Mzimba|Chindi|Mubango Juba
Mzimba|Chindi|Mudaghanjara
Mzimba|Chindi|Mudunkhwa
Mzimba|Chindi|Mugidi Mkhalipi
Mzimba|Chindi|Muhinga Tchongwe
Mzimba|Chindi|Muhlalapa Moyo
Mzimba|Chindi|Mukoko Seri
Mzimba|Chindi|Mukolera
Mzimba|Chindi|Mulongoti
Mzimba|Chindi|Mulwangwa
Mzimba|Chindi|Mundubi
Mzimba|Chindi|Mungo Juba
Mzimba|Chindi|Muryawaka Guwa
Mzimba|Chindi|Musa Mhango
Mzimba|Chindi|Musapata Nyangulu
Mzimba|Chindi|Muyehele  Kumwenda
Mzimba|Chindi|Muyehele Mbuluma
Mzimba|Chindi|Muyehere Mbuluma
Mzimba|Chindi|Muyeya
Mzimba|Chindi|Muyombe
Mzimba|Chindi|Muyuzga
Mzimba|Chindi|Muyuzga Mphamba
Mzimba|Chindi|Muzito
Mzimba|Chindi|Muzito  {Boti}
Mzimba|Chindi|Muziwalema  Kumwenda
Mzimba|Chindi|Mvenda Khonje
Mzimba|Chindi|Mvuna
Mzimba|Chindi|Mwale
Mzimba|Chindi|Mwamba
Mzimba|Chindi|Mwambongo
Mzimba|Chindi|Mwembe Chipeta
Mzimba|Chindi|Myanga
Mzimba|Chindi|Mzalangwe
Mzimba|Chindi|Mzalangwe Trading Centre
Mzimba|Chindi|Mzale Kachali
Mzimba|Chindi|Mzambazi  Trading Centre
Mzimba|Chindi|Mzima
Mzimba|Chindi|Mzimbamubi
Mzimba|Chindi|Mzuku
Mzimba|Chindi|Ndabambe Gausi
Mzimba|Chindi|Ndakala
Mzimba|Chindi|Ndakala Chavinda
Mzimba|Chindi|Ndakula Chavinda
Mzimba|Chindi|Ndembera
Mzimba|Chindi|Ndembera Mkhalipi
Mzimba|Chindi|Ndezu Nyirenda
Mzimba|Chindi|Ngamiyawo Moyo
Mzimba|Chindi|Ngulika
Mzimba|Chindi|Ngwaba
Mzimba|Chindi|Ngwadi Mkhalipi
Mzimba|Chindi|Nkhambule
Mzimba|Chindi|Nkhata Sitola
Mzimba|Chindi|Nkhoma
Mzimba|Chindi|Nkhusa
Mzimba|Chindi|Nkosi Tchongwe
Mzimba|Chindi|Nyalubwe
Mzimba|Chindi|Nyalubwe Muthavulanga
Mzimba|Chindi|Nyambo Zimba
Mzimba|Chindi|Nyangulu
Mzimba|Chindi|Nyifwayatose
Mzimba|Chindi|Nyirenda
Mzimba|Chindi|Nyungwe Mphaka
Mzimba|Chindi|Nzima
Mzimba|Chindi|Panali
Mzimba|Chindi|Paulosi Banda
Mzimba|Chindi|Paulosi Nkosi
Mzimba|Chindi|Pendamadzuba Chizinga
Mzimba|Chindi|Peter
Mzimba|Chindi|Pondamale
Mzimba|Chindi|Quabaniso Moyo
Mzimba|Chindi|Reuben Lungu
Mzimba|Chindi|Robert Moyo
Mzimba|Chindi|Robert Mtika
Mzimba|Chindi|Robert Tembo
Mzimba|Chindi|Rufa  Mkwinika
Mzimba|Chindi|Sabuda
Mzimba|Chindi|Saidi Mziya
Mzimba|Chindi|Samuel Hara
Mzimba|Chindi|Samuel Mumba
Mzimba|Chindi|Sangaziche Mlotha
Mzimba|Chindi|Saulosi  Kamanga
Mzimba|Chindi|Saulosi  Ngulube
Mzimba|Chindi|Saulosi Mwanza
Mzimba|Chindi|Shaba
Mzimba|Chindi|Silisa Thengha
Mzimba|Chindi|Siliwuka
Mzimba|Chindi|Simeji Nyirenda
Mzimba|Chindi|Simeon Chikolosela Gondwe
Mzimba|Chindi|Simeon Jere
Mzimba|Chindi|Simion Moyo
Mzimba|Chindi|Simion Ngulube
Mzimba|Chindi|Simwaka
Mzimba|Chindi|Sinizga Kasonga
Mzimba|Chindi|Sitefano Mwanza
Mzimba|Chindi|Sitonya Lugaba
Mzimba|Chindi|Sonkho Mvula
Mzimba|Chindi|South Rukuru Estate no.99
Mzimba|Chindi|Tambo Msukuma
Mzimba|Chindi|Tchaiso
Mzimba|Chindi|Tchaiso {Daniel Mughogho}
Mzimba|Chindi|Tchalinda Nyanjagha
Mzimba|Chindi|Tchalindu
Mzimba|Chindi|Tchayiso Ndhlovu
Mzimba|Chindi|Tchoko Luhanga
Mzimba|Chindi|Tchokola Nzima
Mzimba|Chindi|Tela Banda
Mzimba|Chindi|Tembaukali Mtika
Mzimba|Chindi|Tembo
Mzimba|Chindi|Thangayacha
Mzimba|Chindi|Thateyo Mvula
Mzimba|Chindi|Thibu
Mzimba|Chindi|Thokolani Nzima
Mzimba|Chindi|Thom Mtonga
Mzimba|Chindi|Thom Ndhlovu
Mzimba|Chindi|Thomas Hara
Mzimba|Chindi|Thomasi Nkosi
Mzimba|Chindi|Thundila
Mzimba|Chindi|Tikatika Lungu
Mzimba|Chindi|Timeyo
Mzimba|Chindi|Timeyo Tchuwa
Mzimba|Chindi|Timeyo Tembo
Mzimba|Chindi|Timoti Bota
Mzimba|Chindi|Timoti Bota Nyanjagha
Mzimba|Chindi|Tindi
Mzimba|Chindi|Ulera
Mzimba|Chindi|Valela Botha
Mzimba|Chindi|Valeni {Lungu}
Mzimba|Chindi|Valeni Nyirenda
Mzimba|Chindi|Vitolotolo Compound
Mzimba|Chindi|Vundika
Mzimba|Chindi|Vuyauka Munthali
Mzimba|Chindi|Vwabe
Mzimba|Chindi|Vwabi
Mzimba|Chindi|Vyapatamo Hande
Mzimba|Chindi|Wadilika
Mzimba|Chindi|Wadilika Tembo
Mzimba|Chindi|Wilson Sakala
Mzimba|Chindi|Yakobe
Mzimba|Chindi|Yakobe Gama
Mzimba|Chindi|Yakobe Ndezu Nyirenda
Mzimba|Chindi|Yakobe Ngulube
Mzimba|Chindi|Yakobe Nyirenda
Mzimba|Chindi|Yakobo
Mzimba|Chindi|Yakuwata Trading Centre
Mzimba|Chindi|Yalede
Mzimba|Chindi|Yalede Chiumia
Mzimba|Chindi|Yesaya Nkosi
Mzimba|Chindi|Yitele Nyirongo
Mzimba|Chindi|Yobe Gama
Mzimba|Chindi|Yobe Jere
Mzimba|Chindi|Yokonia
Mzimba|Chindi|Yolamu Nthala
Mzimba|Chindi|Yoramu Ndhlovu
Mzimba|Chindi|Yotamu Moyo
Mzimba|Chindi|Yotamu Ziba
Mzimba|Chindi|Zabayumo
Mzimba|Chindi|Zachilikana
Mzimba|Chindi|Zakeyo Tchongwe
Mzimba|Chindi|Zamani Chinkhuntha
Mzimba|Chindi|Zandiyele Ndhlovu
Mzimba|Chindi|Zawanje Mphepo
Mzimba|Chindi|Zebediya Mkandawire
Mzimba|Chindi|Zebron Kong'oli
Mzimba|Chindi|Zibambela
Mzimba|Chindi|Zindonde
Mzimba|Chindi|Zinyathi Soko
Mzimba|Chindi|Zinyongochilasa
Mzimba|Chindi|Zinyongochilasa{Mabuka}
Mzimba|Chindi|Zithyoka
Mzimba|Chindi|Ziwanje Mphepo
Mzimba|Chindi|Ziyaka Ngwira
Mzimba|Chindi|Zobala {Mbokoma}
Mzimba|Chindi|Zomba Kamanga
Mzimba|Chindi|Zondwayo Nkosi
Mzimba|Chindi|Zopala Mgaba
Mzimba|Chindi|Zubayo Nzima
Mzimba|Chindi|Zulani Ngulube
Mzimba|Chindi|Zwawongo
Mzimba|Mabulabo|Abela Saka
Mzimba|Mabulabo|Akimu Chirwa
Mzimba|Mabulabo|Alarm Shuga
Mzimba|Mabulabo|Amoni Changaya
Mzimba|Mabulabo|Amoni Chirwa
Mzimba|Mabulabo|Amose Jere
Mzimba|Mabulabo|Balato
Mzimba|Mabulabo|Bandawe Mbale
Mzimba|Mabulabo|Batumeyo
Mzimba|Mabulabo|Beneka Jere
Mzimba|Mabulabo|Bumbunyika TC
Mzimba|Mabulabo|Bushi
Mzimba|Mabulabo|Bwanamdoko Mugemezulu
Mzimba|Mabulabo|Chakunyunda Phiri
Mzimba|Mabulabo|Chakwanika Ngulube
Mzimba|Mabulabo|Chambachakoma Bilima
Mzimba|Mabulabo|Champhira Forest Camp
Mzimba|Mabulabo|Champhira TC
Mzimba|Mabulabo|Chapaluka
Mzimba|Mabulabo|Chapaluka Banda
Mzimba|Mabulabo|Chasefu Trading Centre
Mzimba|Mabulabo|Chaweya
Mzimba|Mabulabo|Chazilala
Mzimba|Mabulabo|Chibama Moyo
Mzimba|Mabulabo|Chibamba
Mzimba|Mabulabo|Chibandauka
Mzimba|Mabulabo|Chibandauka TC
Mzimba|Mabulabo|Chibeyo Nyirenda
Mzimba|Mabulabo|Chibisa Mphande
Mzimba|Mabulabo|Chibisa Phiri
Mzimba|Mabulabo|Chibizula Ngenya
Mzimba|Mabulabo|Chibunguzga Nyirongo
Mzimba|Mabulabo|Chibwana
Mzimba|Mabulabo|Chibwana Honde
Mzimba|Mabulabo|Chibwana Ngulube
Mzimba|Mabulabo|Chidyake Jere
Mzimba|Mabulabo|Chidyake Sibande
Mzimba|Mabulabo|Chidyaonga
Mzimba|Mabulabo|Chigoti(VH Perete)
Mzimba|Mabulabo|Chihepo Zimba
Mzimba|Mabulabo|Chikhumbi
Mzimba|Mabulabo|Chikomba Mvula
Mzimba|Mabulabo|Chimbala
Mzimba|Mabulabo|Chimgolo
Mzimba|Mabulabo|Chimphamba
Mzimba|Mabulabo|Chimzimu
Mzimba|Mabulabo|Chimzongonda
Mzimba|Mabulabo|Chindakuzeri
Mzimba|Mabulabo|Chingayipe Mithi
Mzimba|Mabulabo|Chinjoka Baloyi
Mzimba|Mabulabo|Chinjokolo(VG Chizani)
Mzimba|Mabulabo|Chinkhwangwa
Mzimba|Mabulabo|Chinthumbo
Mzimba|Mabulabo|Chinyamachinji
Mzimba|Mabulabo|Chipeni Banda
Mzimba|Mabulabo|Chipetuka Chima
Mzimba|Mabulabo|Chipezeani Jere
Mzimba|Mabulabo|Chipitamkhwawa
Mzimba|Mabulabo|Chipomeza Hara
Mzimba|Mabulabo|Chitimbi Nyirongo
Mzimba|Mabulabo|Chivina Mwaya
Mzimba|Mabulabo|Chongeya
Mzimba|Mabulabo|Chopankondo
Mzimba|Mabulabo|Chowezga Manda
Mzimba|Mabulabo|Dabani
Mzimba|Mabulabo|Dabani Mhone
Mzimba|Mabulabo|Damaseke Nyirongo
Mzimba|Mabulabo|Damaseki Chirwa
Mzimba|Mabulabo|Daniel Aaron
Mzimba|Mabulabo|Daniel Jere
Mzimba|Mabulabo|Daniel Nhlane
Mzimba|Mabulabo|Davide Jere
Mzimba|Mabulabo|Dazi Baloyi
Mzimba|Mabulabo|Elias Ngwenya
Mzimba|Mabulabo|Elija Baloyi
Mzimba|Mabulabo|Elija Tembo
Mzimba|Mabulabo|Elunyeni
Mzimba|Mabulabo|Emfeni TC
Mzimba|Mabulabo|Falo Banda
Mzimba|Mabulabo|Filimoni Mzembe
Mzimba|Mabulabo|Fote Nhlane(VHDaniel Aaron).
Mzimba|Mabulabo|Fulumila Nyirenda
Mzimba|Mabulabo|Fumuzonse Chisi
Mzimba|Mabulabo|Fwangalubila
Mzimba|Mabulabo|Fyalawike
Mzimba|Mabulabo|Gavalamenti Tembo
Mzimba|Mabulabo|George Ndhlovu
Mzimba|Mabulabo|George Ngulube
Mzimba|Mabulabo|German Shonga
Mzimba|Mabulabo|Gezani Chipeta(VH Elija Tembo)
Mzimba|Mabulabo|Gonthako Ng'anjo
Mzimba|Mabulabo|Gwalawala Sibande
Mzimba|Mabulabo|Gwere
Mzimba|Mabulabo|Hamadi Kanyinji
Mzimba|Mabulabo|Hanock
Mzimba|Mabulabo|Izeki Banda
Mzimba|Mabulabo|James (VH Chipomezi)
Mzimba|Mabulabo|James Baloyi
Mzimba|Mabulabo|James Chirwa
Mzimba|Mabulabo|James Zimba
Mzimba|Mabulabo|Jenda TC
Mzimba|Mabulabo|Jenjena Kasenga
Mzimba|Mabulabo|Jeremani Ndhlovu
Mzimba|Mabulabo|Jeremani Shonga
Mzimba|Mabulabo|Jilimono Mseteka
Mzimba|Mabulabo|Jimu Kamduju Sibande
Mzimba|Mabulabo|Jimu Simon
Mzimba|Mabulabo|Jimu Simon Chirwa
Mzimba|Mabulabo|John Ndhlovu
Mzimba|Mabulabo|Jonas Tembo(VH Kapindula)
Mzimba|Mabulabo|Jonathan Mwale
Mzimba|Mabulabo|Julias Mdhluli
Mzimba|Mabulabo|Julius Jere
Mzimba|Mabulabo|Julius Mvula
Mzimba|Mabulabo|Juliza Baloyi
Mzimba|Mabulabo|Kabanga Moyo
Mzimba|Mabulabo|Kadalikanga Mvula
Mzimba|Mabulabo|Kademu Nyangulu
Mzimba|Mabulabo|Kaghoga Nyalubanga
Mzimba|Mabulabo|Kajawa Chisi
Mzimba|Mabulabo|Kajikhomere(VH J Shonga)
Mzimba|Mabulabo|Kaloli
Mzimba|Mabulabo|Kalongosi
Mzimba|Mabulabo|Kalundi
Mzimba|Mabulabo|Kamagwana Nyangulu
Mzimba|Mabulabo|Kamanga Saka(VH Elija Tembo)
Mzimba|Mabulabo|Kamatimba  Estate
Mzimba|Mabulabo|Kamatimba Farm
Mzimba|Mabulabo|Kamduza Gumbo
Mzimba|Mabulabo|Kamkunthe
Mzimba|Mabulabo|Kamphete
Mzimba|Mabulabo|Kampupu Baloyi
Mzimba|Mabulabo|Kamtagwala
Mzimba|Mabulabo|Kamulemani Ngwira
Mzimba|Mabulabo|Kamundaya Nyasulu
Mzimba|Mabulabo|Kamushosho Theu
Mzimba|Mabulabo|Kanaizi Ndhlovu
Mzimba|Mabulabo|Kangawa Siwu
Mzimba|Mabulabo|Kanjala Chibwe
Mzimba|Mabulabo|Kanjuchi TC
Mzimba|Mabulabo|Kanyemba Moyo
Mzimba|Mabulabo|Kapantha Mkwewo
Mzimba|Mabulabo|Kapatamoyo
Mzimba|Mabulabo|Kapatuka Longwe
Mzimba|Mabulabo|Kapindula
Mzimba|Mabulabo|Kapingama Chirwa
Mzimba|Mabulabo|Kapoloza
Mzimba|Mabulabo|Kapoloza Nkhoma
Mzimba|Mabulabo|Kasankha Chisi
Mzimba|Mabulabo|Katandila(VH Chibamba)
Mzimba|Mabulabo|Katchinjo
Mzimba|Mabulabo|Kathewera
Mzimba|Mabulabo|Kavinkhama TC
Mzimba|Mabulabo|Kawole Kamanga
Mzimba|Mabulabo|Kayigunde
Mzimba|Mabulabo|Kayilole Isaac
Mzimba|Mabulabo|Kayilole soko
Mzimba|Mabulabo|Kayungu (VH Chipomezi)
Mzimba|Mabulabo|Kayuni
Mzimba|Mabulabo|Kayuni Kamanga
Mzimba|Mabulabo|Kuginga(VH Bwanamdoko)
Mzimba|Mabulabo|Lazalo Jere
Mzimba|Mabulabo|Lazaro Mwale
Mzimba|Mabulabo|Levi Jere
Mzimba|Mabulabo|Levi Kamando
Mzimba|Mabulabo|Lubanda Ndhlovu
Mzimba|Mabulabo|Lugwenje
Mzimba|Mabulabo|Lupenga Kumwenda
Mzimba|Mabulabo|Luwelezi Trading Centre
Mzimba|Mabulabo|Mafundeya
Mzimba|Mabulabo|Mafundeya TC
Mzimba|Mabulabo|Magundubula
Mzimba|Mabulabo|Majiakwenda Zimba
Mzimba|Mabulabo|Makamula Mvula
Mzimba|Mabulabo|Makhula
Mzimba|Mabulabo|Malabo Nkosi
Mzimba|Mabulabo|Malahleka Nkhambule
Mzimba|Mabulabo|Malanga Phiri
Mzimba|Mabulabo|Malaswa Shaba
Mzimba|Mabulabo|Malenga Matundu
Mzimba|Mabulabo|Malisawo
Mzimba|Mabulabo|Malizweni
Mzimba|Mabulabo|Maluza Nyirenda
Mzimba|Mabulabo|Mangani Mgemezulu
Mzimba|Mabulabo|Manguba Phiri
Mzimba|Mabulabo|Manjemeka
Mzimba|Mabulabo|Mapheya
Mzimba|Mabulabo|Masayiti Chulu
Mzimba|Mabulabo|Matamanga Msofi
Mzimba|Mabulabo|Mathambo Ndhlovu
Mzimba|Mabulabo|Matumba
Mzimba|Mabulabo|Matyulucha Ngulube
Mzimba|Mabulabo|Mazala Estate
Mzimba|Mabulabo|Mazombwe
Mzimba|Mabulabo|Mbachazwa
Mzimba|Mabulabo|Mbelewele
Mzimba|Mabulabo|Mbiriyawaka Shaba
Mzimba|Mabulabo|Mbizi (VH Yobe Jere)
Mzimba|Mabulabo|Mchingawana
Mzimba|Mabulabo|Mehemiya Mvula
Mzimba|Mabulabo|Mganiso
Mzimba|Mabulabo|Mgwede Mhone
Mzimba|Mabulabo|Million Jere
Mzimba|Mabulabo|Minhla
Mzimba|Mabulabo|Minhla Estate
Mzimba|Mabulabo|Mjinge Moyo
Mzimba|Mabulabo|Mjuma
Mzimba|Mabulabo|Mjuma Ngoma
Mzimba|Mabulabo|Mkola Chirwa
Mzimba|Mabulabo|Mkomandolo
Mzimba|Mabulabo|Mkoza Chirwa
Mzimba|Mabulabo|Moloko Banda
Mzimba|Mabulabo|Mona Ngulube
Mzimba|Mabulabo|Monjeza Zimba
Mzimba|Mabulabo|Moses Baloyi
Mzimba|Mabulabo|Moses Jere
Mzimba|Mabulabo|Moses Ngulube
Mzimba|Mabulabo|Moses Shumba
Mzimba|Mabulabo|Moveti Nkhoma
Mzimba|Mabulabo|Mphamadi
Mzimba|Mabulabo|Mphilipili Mgemezulu
Mzimba|Mabulabo|Mponda Ngulube
Mzimba|Mabulabo|Mpoto
Mzimba|Mabulabo|Mpundu Estate
Mzimba|Mabulabo|Mqamachi Sezi
Mzimba|Mabulabo|Mseka Mwaya
Mzimba|Mabulabo|Msekeni Gumbo
Mzimba|Mabulabo|Mteketeke ( VH Kamtagwala)
Mzimba|Mabulabo|Muhabi Nali
Mzimba|Mabulabo|Muhlati Phiri
Mzimba|Mabulabo|Mukondanyifwa Honde
Mzimba|Mabulabo|Mulinda Sengwa
Mzimba|Mabulabo|Musitimale
Mzimba|Mabulabo|Muswamphira Mwandira
Mzimba|Mabulabo|Muthanji Banda
Mzimba|Mabulabo|Muvwapule Chisi
Mzimba|Mabulabo|Muyeleka
Mzimba|Mabulabo|Muyombe Jere
Mzimba|Mabulabo|Mvakudeni Ndhlovi
Mzimba|Mabulabo|Mwale Josiya
Mzimba|Mabulabo|Mwale Mhone
Mzimba|Mabulabo|Mwalimo
Mzimba|Mabulabo|Mwalimu Baloyi
Mzimba|Mabulabo|Mwenye Nkhata
Mzimba|Mabulabo|Myombe Jere
Mzimba|Mabulabo|Ndawambe Ngenya
Mzimba|Mabulabo|Ndhlovu
Mzimba|Mabulabo|Neula
Mzimba|Mabulabo|Ngalawanda
Mzimba|Mabulabo|Ng'onomo
Mzimba|Mabulabo|Ngulube Mzobala
Mzimba|Mabulabo|Nkhambule
Mzimba|Mabulabo|Nkhanizamowa
Mzimba|Mabulabo|Ntchawaka Jere
Mzimba|Mabulabo|Nthapangwa Kamanga
Mzimba|Mabulabo|Nthazama Matundu
Mzimba|Mabulabo|Nyalubanga
Mzimba|Mabulabo|Nyifwayatose
Mzimba|Mabulabo|Nyirongo(VHKamduza Gumbo)
Mzimba|Mabulabo|Paulos Phiri
Mzimba|Mabulabo|Perete Phiri
Mzimba|Mabulabo|Peter Jere
Mzimba|Mabulabo|Peter Mbuyisela
Mzimba|Mabulabo|Peter Phiri
Mzimba|Mabulabo|Petros Nyangulu
Mzimba|Mabulabo|Phillip Phiri
Mzimba|Mabulabo|Phwelemu(VH Chihepo)
Mzimba|Mabulabo|Polombwe Mweka
Mzimba|Mabulabo|Robert Mhone Kanjuchi
Mzimba|Mabulabo|Robert Zimba
Mzimba|Mabulabo|Sabili Ng'oma
Mzimba|Mabulabo|Saile Shaba
Mzimba|Mabulabo|Sakazinji
Mzimba|Mabulabo|Samuel Ngoma
Mzimba|Mabulabo|Samuel Nyirongo
Mzimba|Mabulabo|Sandiles Banda
Mzimba|Mabulabo|Santhe(VH Venga)
Mzimba|Mabulabo|Sauti Chirwa
Mzimba|Mabulabo|Shaba Waleni
Mzimba|Mabulabo|Shemu Chima
Mzimba|Mabulabo|Simion Kaunda(VH Chibizula)
Mzimba|Mabulabo|Simon Kanjere Jere
Mzimba|Mabulabo|Simon Zimba
Mzimba|Mabulabo|Simoni
Mzimba|Mabulabo|Simoni Chisi
Mzimba|Mabulabo|Simoni Kamanga
Mzimba|Mabulabo|Sitima
Mzimba|Mabulabo|Sofi Israel Musofi
Mzimba|Mabulabo|Soka Lankhuku
Mzimba|Mabulabo|Solomoni Mithi
Mzimba|Mabulabo|Solomoni Phiri
Mzimba|Mabulabo|Stambule Chima
Mzimba|Mabulabo|Tembe Ziba
Mzimba|Mabulabo|Thomasi Nali
Mzimba|Mabulabo|Thumbalamoto(VHBwanamdoko)
Mzimba|Mabulabo|Timothy Jere
Mzimba|Mabulabo|Towela Mphala Saka
Mzimba|Mabulabo|Venga Baloyi
Mzimba|Mabulabo|Venge Gumbo
Mzimba|Mabulabo|Vinthombi
Mzimba|Mabulabo|Wafuntha Zunga
Mzimba|Mabulabo|Walter Mafuleka
Mzimba|Mabulabo|Wisdom Thomas Nali
Mzimba|Mabulabo|Wuyani Ngoma
Mzimba|Mabulabo|Yaledi
Mzimba|Mabulabo|Yesaya Jere
Mzimba|Mabulabo|Yobe Jere
Mzimba|Mabulabo|Yobe Kaunda
Mzimba|Mabulabo|Yohane Gumbo
Mzimba|Mabulabo|Yoramu Chirwa
Mzimba|Mabulabo|Yotamu Gumbo
Mzimba|Mabulabo|Yoyilo Shaba
Mzimba|Mabulabo|Zakayo Nyirenda
Mzimba|Mabulabo|Zanda Phiri
Mzimba|Mabulabo|Zangana
Mzimba|Mabulabo|Zayona
Mzimba|Mabulabo|Zifa Mhlanga
Mzimba|Mabulabo|Zinayumo Moyo
Mzimba|Mabulabo|Zing'awa Jere
Mzimba|Mabulabo|Zinyoni
Mzimba|Mabulabo|Ziyona
Mzimba|Mabulabo|Zowani Mziya
Mzimba|M'mbelwa|Aaron Hara
Mzimba|M'mbelwa|Amon Mvula
Mzimba|M'mbelwa|Amon Nyirongo
Mzimba|M'mbelwa|Andreya Jere
Mzimba|M'mbelwa|Andreya Nkuna
Mzimba|M'mbelwa|Baba Banda
Mzimba|M'mbelwa|Bandawe
Mzimba|M'mbelwa|Bawa
Mzimba|M'mbelwa|Ben Kaskombe
Mzimba|M'mbelwa|Ben Kishombe
Mzimba|M'mbelwa|Benjamin Zimba
Mzimba|M'mbelwa|Bichi Chiswa
Mzimba|M'mbelwa|Bigilala
Mzimba|M'mbelwa|Bizeki Shaba
Mzimba|M'mbelwa|Bokosi Dindi
Mzimba|M'mbelwa|Buchi Chiswa
Mzimba|M'mbelwa|Chaipa Soko
Mzimba|M'mbelwa|Chakwaba
Mzimba|M'mbelwa|Chalotwa
Mzimba|M'mbelwa|Chanunkha Shaba
Mzimba|M'mbelwa|Chaphuka Musaya
Mzimba|M'mbelwa|Chapitamuno Mphembe
Mzimba|M'mbelwa|Charles Chinula
Mzimba|M'mbelwa|Chiba Phulira
Mzimba|M'mbelwa|Chibamu Jere
Mzimba|M'mbelwa|Chibeku Ngulube
Mzimba|M'mbelwa|Chibisa Mtonga
Mzimba|M'mbelwa|Chibisa Sakulu
Mzimba|M'mbelwa|Chibo Zinyenjele
Mzimba|M'mbelwa|Chibula
Mzimba|M'mbelwa|Chidyaka Nkhata
Mzimba|M'mbelwa|Chikapu Moyo
Mzimba|M'mbelwa|Chikayanga
Mzimba|M'mbelwa|Chilupula Mtonga
Mzimba|M'mbelwa|Chimangamachira
Mzimba|M'mbelwa|Chimbala Shaba
Mzimba|M'mbelwa|Chimbota Mkandawire
Mzimba|M'mbelwa|Chimsebezo
Mzimba|M'mbelwa|Chimsebezo Banda
Mzimba|M'mbelwa|Chimumbwangandu Kamanga
Mzimba|M'mbelwa|Chimutu Hara
Mzimba|M'mbelwa|Chimutu Hara Trading Centre
Mzimba|M'mbelwa|Chingoli Chirwa
Mzimba|M'mbelwa|Chinkhuntha
Mzimba|M'mbelwa|Chinkhwazala
Mzimba|M'mbelwa|Chinkhwazala Kanyinji
Mzimba|M'mbelwa|Chiona Nyirenda
Mzimba|M'mbelwa|Chipokolo Chikoti
Mzimba|M'mbelwa|Chisakasa Nyirenda
Mzimba|M'mbelwa|Chisebe Nyambose
Mzimba|M'mbelwa|Chisenga Kwenda
Mzimba|M'mbelwa|Chiswa Mumba
Mzimba|M'mbelwa|Chiwaya Mkandawire
Mzimba|M'mbelwa|Chiweta Hara
Mzimba|M'mbelwa|Chiza Nyirongo
Mzimba|M'mbelwa|Chuya Nkhata
Mzimba|M'mbelwa|Daniel Makamo
Mzimba|M'mbelwa|Daniel Ngoma
Mzimba|M'mbelwa|Daniel Tembo
Mzimba|M'mbelwa|Daudi Zganyungu
Mzimba|M'mbelwa|Dobela Phiri
Mzimba|M'mbelwa|Dulu
Mzimba|M'mbelwa|Edakweni
Mzimba|M'mbelwa|Edingeni
Mzimba|M'mbelwa|Egugwini
Mzimba|M'mbelwa|Elli Phiri
Mzimba|M'mbelwa|Emfeni
Mzimba|M'mbelwa|Emphingweni
Mzimba|M'mbelwa|Emtelera
Mzimba|M'mbelwa|Engalaweni
Mzimba|M'mbelwa|Ezunguleni
Mzimba|M'mbelwa|Galamala Mgungwe
Mzimba|M'mbelwa|Galera Shaba
Mzimba|M'mbelwa|Gamphani Ndhlovu
Mzimba|M'mbelwa|Gamu Mwandila
Mzimba|M'mbelwa|George Jere
Mzimba|M'mbelwa|George Mwanza
Mzimba|M'mbelwa|Gomani Mkandawire
Mzimba|M'mbelwa|Grenja
Mzimba|M'mbelwa|Gwamanda Ngwira
Mzimba|M'mbelwa|Handile Ndhlovu
Mzimba|M'mbelwa|Hannock Banda
Mzimba|M'mbelwa|Hezekia
Mzimba|M'mbelwa|Isaac Lukhanda
Mzimba|M'mbelwa|Isaac Mwanza
Mzimba|M'mbelwa|Jacob Phiri
Mzimba|M'mbelwa|Jaje Chisi
Mzimba|M'mbelwa|Jalizga Ng'oma
Mzimba|M'mbelwa|Jamu Kaluwa
Mzimba|M'mbelwa|Janakazi
Mzimba|M'mbelwa|Jasi
Mzimba|M'mbelwa|Jeremani Mahobe
Mzimba|M'mbelwa|Jinyi Loti Phiri
Mzimba|M'mbelwa|Jinyi Phiri
Mzimba|M'mbelwa|Joel Zimba
Mzimba|M'mbelwa|Jonasi Lobole
Mzimba|M'mbelwa|Jonathan Nkhata (Emtelera)
Mzimba|M'mbelwa|Josen Nkhoma
Mzimba|M'mbelwa|Jubeka
Mzimba|M'mbelwa|Jubeka Sala
Mzimba|M'mbelwa|Kabalamula
Mzimba|M'mbelwa|Kabamila Ngoma
Mzimba|M'mbelwa|Kabamila Ng'oma
Mzimba|M'mbelwa|Kabubu Nyirenda
Mzimba|M'mbelwa|Kachijere Nyirongo
Mzimba|M'mbelwa|Kachingwe Lukhere
Mzimba|M'mbelwa|Kaduska Msangula
Mzimba|M'mbelwa|Kamangadazi Chisamu
Mzimba|M'mbelwa|Kamangadazi Makamo
Mzimba|M'mbelwa|Kambewa Zimba
Mzimba|M'mbelwa|Kambombo Phiri
Mzimba|M'mbelwa|Kamtepa
Mzimba|M'mbelwa|Kamteteka Hara
Mzimba|M'mbelwa|Kamutepa Mwale
Mzimba|M'mbelwa|Kamuzalule
Mzimba|M'mbelwa|Kamwazamchenga Mubanga
Mzimba|M'mbelwa|Kandodo Chisi
Mzimba|M'mbelwa|Kanjere Tembo
Mzimba|M'mbelwa|Kantowa
Mzimba|M'mbelwa|Kanyelamalo
Mzimba|M'mbelwa|Kanyelamalo Thika
Mzimba|M'mbelwa|Kanzenzani
Mzimba|M'mbelwa|Kapangavisoti
Mzimba|M'mbelwa|Kaphokoto Mwandila
Mzimba|M'mbelwa|Kaphuta
Mzimba|M'mbelwa|Kapinya Zgambo
Mzimba|M'mbelwa|Kapyokolo
Mzimba|M'mbelwa|Kasalika
Mzimba|M'mbelwa|Kasayila Theu
Mzimba|M'mbelwa|Kasaza  Nqumayo
Mzimba|M'mbelwa|Kasichi
Mzimba|M'mbelwa|Kasichi Mvula
Mzimba|M'mbelwa|Kasichi Trading Centre
Mzimba|M'mbelwa|Kasitomu
Mzimba|M'mbelwa|Kasiya Jonasi
Mzimba|M'mbelwa|Kasoti Phiri
Mzimba|M'mbelwa|Kasula Phiri
Mzimba|M'mbelwa|Katambalala Phiri
Mzimba|M'mbelwa|Kaweteka
Mzimba|M'mbelwa|Kayeleka  Banda
Mzimba|M'mbelwa|Kayendama Banda
Mzimba|M'mbelwa|Kayesa
Mzimba|M'mbelwa|Kazuba Shaba
Mzimba|M'mbelwa|Kenani Chavula
Mzimba|M'mbelwa|Kholowani
Mzimba|M'mbelwa|Kondowole
Mzimba|M'mbelwa|Kubuku Nyirenda
Mzimba|M'mbelwa|Levi Chisi
Mzimba|M'mbelwa|Lithuli Makomo
Mzimba|M'mbelwa|Lithuli Malabweka
Mzimba|M'mbelwa|Longwe Kamanga
Mzimba|M'mbelwa|Mabaleka Mvuma
Mzimba|M'mbelwa|Mabamba Mtonga
Mzimba|M'mbelwa|Mafa Chipeta
Mzimba|M'mbelwa|Magodi Shumba
Mzimba|M'mbelwa|Malagasa Mtonga
Mzimba|M'mbelwa|Malata Joshua
Mzimba|M'mbelwa|Malaya Phiri
Mzimba|M'mbelwa|Malembo Nkhoma
Mzimba|M'mbelwa|Malinga
Mzimba|M'mbelwa|Malivenji
Mzimba|M'mbelwa|Maloza Ziba
Mzimba|M'mbelwa|Maluza Mkandawire
Mzimba|M'mbelwa|Manyamula   Trading Centre
Mzimba|M'mbelwa|Maole
Mzimba|M'mbelwa|Mapulanga
Mzimba|M'mbelwa|Mathale
Mzimba|M'mbelwa|Mathambo Ngulube
Mzimba|M'mbelwa|Mbawala Nguluwe
Mzimba|M'mbelwa|Mbobo
Mzimba|M'mbelwa|Mbongo Mwanza
Mzimba|M'mbelwa|Mbucho
Mzimba|M'mbelwa|Mchapansalu
Mzimba|M'mbelwa|Mchatika Mahowe
Mzimba|M'mbelwa|Mdachi Nyirenda
Mzimba|M'mbelwa|Mdima Mwandira
Mzimba|M'mbelwa|Mgaba
Mzimba|M'mbelwa|Mgabi Shaba
Mzimba|M'mbelwa|Mgoni Makamo
Mzimba|M'mbelwa|Mgubani Ndhlovu
Mzimba|M'mbelwa|Mhlanga
Mzimba|M'mbelwa|Milingo Jere
Mzimba|M'mbelwa|Mjinge Ziba
Mzimba|M'mbelwa|Mkhuzo Jere
Mzimba|M'mbelwa|Mkwawila
Mzimba|M'mbelwa|Mlonyeni Bambilo
Mzimba|M'mbelwa|Moses Chilenje
Mzimba|M'mbelwa|Moses Mkandawire
Mzimba|M'mbelwa|Mphosi Mhlanga
Mzimba|M'mbelwa|Mpowola Banda
Mzimba|M'mbelwa|Mqocha
Mzimba|M'mbelwa|Mqocha Mtonga
Mzimba|M'mbelwa|Msangula Ndolo
Mzimba|M'mbelwa|Msofi Mahayira Shumba
Mzimba|M'mbelwa|Msuku
Mzimba|M'mbelwa|Mtambalika Moyo
Mzimba|M'mbelwa|Mtegha Nyirongo
Mzimba|M'mbelwa|Mtenguleni
Mzimba|M'mbelwa|Mteyo
Mzimba|M'mbelwa|Mtola Nyanjagha
Mzimba|M'mbelwa|Mtowera Chimeto Ngwira
Mzimba|M'mbelwa|Mtuska
Mzimba|M'mbelwa|Mugubani Mbeya
Mzimba|M'mbelwa|Mungoni
Mzimba|M'mbelwa|Mungoni Makamo
Mzimba|M'mbelwa|Mungonilongo Tembo
Mzimba|M'mbelwa|Musaya
Mzimba|M'mbelwa|Muyehele
Mzimba|M'mbelwa|Muzgezge Chikoti
Mzimba|M'mbelwa|Mvula Japhet
Mzimba|M'mbelwa|Mvula Mponda
Mzimba|M'mbelwa|Mwalimu Mhlanga
Mzimba|M'mbelwa|Mwazamchenga
Mzimba|M'mbelwa|Mzamu Ndolo
Mzimba|M'mbelwa|Mzikoti Saka
Mzimba|M'mbelwa|Mziwira Kanyinji
Mzimba|M'mbelwa|Mzoma Trading Centre
Mzimba|M'mbelwa|Ndembela Ngwira
Mzimba|M'mbelwa|Nezala Kamanga
Mzimba|M'mbelwa|Njebwa Gondwe
Mzimba|M'mbelwa|Njembwa Msangulu
Mzimba|M'mbelwa|Njoba Makamo
Mzimba|M'mbelwa|Nkhunga Ngwira
Mzimba|M'mbelwa|Nthala
Mzimba|M'mbelwa|Paulosi Nthara
Mzimba|M'mbelwa|Peter Ndabandaba
Mzimba|M'mbelwa|Phazima Nkambule
Mzimba|M'mbelwa|Phyokawaka Nkhata
Mzimba|M'mbelwa|Qolocha Tembo
Mzimba|M'mbelwa|Samsoni Shumba
Mzimba|M'mbelwa|Samuel Mabaso
Mzimba|M'mbelwa|Samuel Moyo
Mzimba|M'mbelwa|Samuel Shumba
Mzimba|M'mbelwa|Saulosi Tembo
Mzimba|M'mbelwa|Sekeni
Mzimba|M'mbelwa|Sigu Kampingo
Mzimba|M'mbelwa|Simoion Mvula
Mzimba|M'mbelwa|Simon Kumwenda
Mzimba|M'mbelwa|Simon Lutupo
Mzimba|M'mbelwa|Sitonga Vinkhumbo
Mzimba|M'mbelwa|Siyotha Zimba
Mzimba|M'mbelwa|Solomoni Phiri
Mzimba|M'mbelwa|Tegha Nyirenda
Mzimba|M'mbelwa|Thawalaba Mtonga
Mzimba|M'mbelwa|Thomas Manda
Mzimba|M'mbelwa|Thomas Nyirenda
Mzimba|M'mbelwa|Timoti Chisi
Mzimba|M'mbelwa|Timoti Makamo
Mzimba|M'mbelwa|Timoti Makomo
Mzimba|M'mbelwa|Tinyi Phiri
Mzimba|M'mbelwa|Tiyezge Mtonga
Mzimba|M'mbelwa|Vakaza
Mzimba|M'mbelwa|Vinkhumbo
Mzimba|M'mbelwa|Vulakaoni
Mzimba|M'mbelwa|Vulakayini Ngwenya
Mzimba|M'mbelwa|Vuta Chipeta
Mzimba|M'mbelwa|Wajingo
Mzimba|M'mbelwa|Wajingo Theu
Mzimba|M'mbelwa|White Mphande
Mzimba|M'mbelwa|William Ngwenya
Mzimba|M'mbelwa|Wilson Jere
Mzimba|M'mbelwa|Yakobe Mhlanga
Mzimba|M'mbelwa|Yarede Nyirenda
Mzimba|M'mbelwa|Yazoza
Mzimba|M'mbelwa|Yazoza Nyirenda
Mzimba|M'mbelwa|Yesaya Shumba
Mzimba|M'mbelwa|Yibombeni
Mzimba|M'mbelwa|Yobe Moyo
Mzimba|M'mbelwa|Yobe Zimba
Mzimba|M'mbelwa|Yohane Chisi
Mzimba|M'mbelwa|Yohane Makamo
Mzimba|M'mbelwa|Yotamu Ngoma
Mzimba|M'mbelwa|Yotamu N'goma
Mzimba|M'mbelwa|Zaga Munthali
Mzimba|M'mbelwa|Zakeyo Moyo
Mzimba|M'mbelwa|Zebediya Makamo
Mzimba|M'mbelwa|Zebediya Nyirenda
Mzimba|M'mbelwa|Zebela Dewe
Mzimba|M'mbelwa|Zikholi
Mzimba|M'mbelwa|Zikoti
Mzimba|M'mbelwa|Zinyenjele
Mzimba|M'mbelwa|Zithole
Mzimba|M'mbelwa|Zithole Sakala
Mzimba|M'mbelwa|Zondo Chafisi
Mzimba|M'mbelwa|Zondo Shaba
Mzimba|M'mbelwa|Zubayumo
Mzimba|M'mbelwa|Zumbwani
Mzimba|Mpherembe|Aaron Jere
Mzimba|Mpherembe|Alifeyo Munyanjagha Bota
Mzimba|Mpherembe|Aramu Jere
Mzimba|Mpherembe|Chanangika Chawinga
Mzimba|Mpherembe|Chanyeka
Mzimba|Mpherembe|Chanyonga Esteta
Mzimba|Mpherembe|Chauluma Nyirenda
Mzimba|Mpherembe|Chawa Mvula
Mzimba|Mpherembe|Chibangalala Estate
Mzimba|Mpherembe|Chibeko Kasyombe
Mzimba|Mpherembe|Chibula Madhlopa
Mzimba|Mpherembe|Chidau Makwakwa
Mzimba|Mpherembe|Chigagu Jere
Mzimba|Mpherembe|Chihototo Makwakwa
Mzimba|Mpherembe|Chikoya Mhango
Mzimba|Mpherembe|Chikwati Mkandawire
Mzimba|Mpherembe|Chilinkhu Farm
Mzimba|Mpherembe|Chilumba Estate
Mzimba|Mpherembe|Chiminyira Bota
Mzimba|Mpherembe|Chiminyu Estate
Mzimba|Mpherembe|Chimozimozi Estate
Mzimba|Mpherembe|Chimunyama Madhlopa
Mzimba|Mpherembe|Chinjoka Nkuna
Mzimba|Mpherembe|Chinombo Jere
Mzimba|Mpherembe|Chisau Mkandawire
Mzimba|Mpherembe|Chisau Mkandawire Estate
Mzimba|Mpherembe|Chitheba Estate
Mzimba|Mpherembe|Chivwara
Mzimba|Mpherembe|Chiweme Estate
Mzimba|Mpherembe|Chonde
Mzimba|Mpherembe|Danga Estate
Mzimba|Mpherembe|Daniel Jere
Mzimba|Mpherembe|Diele Estate
Mzimba|Mpherembe|Diyere Mjumira
Mzimba|Mpherembe|Eneya Kumwenda
Mzimba|Mpherembe|Filimon Kumwenda
Mzimba|Mpherembe|Genesis Nzima
Mzimba|Mpherembe|Godi Chambani
Mzimba|Mpherembe|Gotani Estate
Mzimba|Mpherembe|Gowoyani Nyangulu
Mzimba|Mpherembe|Greya Jere
Mzimba|Mpherembe|Gulinga Mhango
Mzimba|Mpherembe|Hannock Botha
Mzimba|Mpherembe|Harawa Estate
Mzimba|Mpherembe|Jeremiya Ngoma
Mzimba|Mpherembe|John Machimi Jere
Mzimba|Mpherembe|John Machuni Jere
Mzimba|Mpherembe|John Muchimi Jere
Mzimba|Mpherembe|Joseph Qoma
Mzimba|Mpherembe|Joshua Mafuleka
Mzimba|Mpherembe|Julius  Nkuna
Mzimba|Mpherembe|Julius Nyirenda
Mzimba|Mpherembe|Kabwafu Settllement
Mzimba|Mpherembe|Kabwafu Shed
Mzimba|Mpherembe|Kabwafu TC
Mzimba|Mpherembe|Kahalayi Estate
Mzimba|Mpherembe|Kajaba Nyirenda
Mzimba|Mpherembe|Kalema Estate
Mzimba|Mpherembe|Kalindamawe
Mzimba|Mpherembe|Kamangadazi Makwakwa
Mzimba|Mpherembe|Kamata Estate
Mzimba|Mpherembe|Kambombo Nyirenda
Mzimba|Mpherembe|Kampepule Nqumayo
Mzimba|Mpherembe|Kantchewere
Mzimba|Mpherembe|Kapepe Esate
Mzimba|Mpherembe|Kapilinjowela Estate
Mzimba|Mpherembe|Kaseka
Mzimba|Mpherembe|Katanga Farm
Mzimba|Mpherembe|Katantha Musimuko
Mzimba|Mpherembe|Kathumba
Mzimba|Mpherembe|Kazinga Mkandawire
Mzimba|Mpherembe|Kazuni TC
Mzimba|Mpherembe|Khabango Mbawa
Mzimba|Mpherembe|Khozapi Mtonga
Mzimba|Mpherembe|Lameck Mkandawire
Mzimba|Mpherembe|Langa Mgemezulu
Mzimba|Mpherembe|Lusacho Estate
Mzimba|Mpherembe|Lwanja Chilumba
Mzimba|Mpherembe|Mabulabo Mbeba
Mzimba|Mpherembe|Machesano Mkandawire
Mzimba|Mpherembe|Mahohae Estate
Mzimba|Mpherembe|Mahuza
Mzimba|Mpherembe|Malidade Jere
Mzimba|Mpherembe|Malidadi Jere
Mzimba|Mpherembe|Manolo Estate
Mzimba|Mpherembe|Manzini Jere
Mzimba|Mpherembe|Masabani Makwakwa
Mzimba|Mpherembe|Matala Estate
Mzimba|Mpherembe|Mathulu Estate
Mzimba|Mpherembe|Matufeyo Ndhlovu
Mzimba|Mpherembe|Mawira Jere
Mzimba|Mpherembe|Mhone Mphasi
Mzimba|Mpherembe|Mkatakulima Gondwe
Mzimba|Mpherembe|Mlova Farm
Mzimba|Mpherembe|Moses Hara
Mzimba|Mpherembe|Moses Nqumayo
Mzimba|Mpherembe|Mphita Mkandawire
Mzimba|Mpherembe|Msikinya Jere
Mzimba|Mpherembe|Mtambalika
Mzimba|Mpherembe|Muchantcha Thera
Mzimba|Mpherembe|Muchintha Chawinga
Mzimba|Mpherembe|Mulwangwa Zimba
Mzimba|Mpherembe|Musafire Nqumayo
Mzimba|Mpherembe|Mwamba Jere
Mzimba|Mpherembe|Mzuku
Mzimba|Mpherembe|Natizi Estate
Mzimba|Mpherembe|Ndazi Estate
Mzimba|Mpherembe|Nemoni Mlotha
Mzimba|Mpherembe|Nkharamu Jere
Mzimba|Mpherembe|Nkhawanawo Estate
Mzimba|Mpherembe|Penyani Mkandawire
Mzimba|Mpherembe|Peter Msimuko
Mzimba|Mpherembe|Phara Estate
Mzimba|Mpherembe|Pokani Estate
Mzimba|Mpherembe|Robert Qoma
Mzimba|Mpherembe|Robertson Jere
Mzimba|Mpherembe|Samala Nqumayo
Mzimba|Mpherembe|Samuel M Jere
Mzimba|Mpherembe|Samuel Makwakwa
Mzimba|Mpherembe|Sandres Mlotha
Mzimba|Mpherembe|Saulosi Mgemezulu
Mzimba|Mpherembe|Selemani Mkandawire
Mzimba|Mpherembe|Simon Chisi
Mzimba|Mpherembe|Simon Nthara
Mzimba|Mpherembe|Simoni Chisi
Mzimba|Mpherembe|Solomon Jere
Mzimba|Mpherembe|Takamani Ngulube
Mzimba|Mpherembe|Tambalika Walika
Mzimba|Mpherembe|Thembani Mkandawire
Mzimba|Mpherembe|Thomas Mkandawire
Mzimba|Mpherembe|Thukwayo Jere
Mzimba|Mpherembe|Timeyo Musimuko
Mzimba|Mpherembe|Timeyo Uteka
Mzimba|Mpherembe|Timoti Hojani
Mzimba|Mpherembe|Timoti Nkosana Nsere
Mzimba|Mpherembe|Tolotolo Estate
Mzimba|Mpherembe|Tutumale
Mzimba|Mpherembe|Walita Nyirenda
Mzimba|Mpherembe|Wanthenje
Mzimba|Mpherembe|Waziloya Makwakwa
Mzimba|Mpherembe|Wombe Bota
Mzimba|Mpherembe|Yobe Jere
Mzimba|Mpherembe|Zibuya Lungu
Mzimba|Mpherembe|Zikheta Mjima
Mzimba|Mpherembe|Zikhuwa Mgemezulu
Mzimba|Mpherembe|Zimema Jere
Mzimba|Mpherembe|Zinyoni Estate
Mzimba|Mpherembe|Zyawela Nkuna
Mzimba|Mtwalo|Aaron Makwakwa
Mzimba|Mtwalo|Aaron Mithi
Mzimba|Mtwalo|Aaron Mvula
Mzimba|Mtwalo|Alick Thera
Mzimba|Mtwalo|Alifeyo Mjuma Nyasulu
Mzimba|Mtwalo|Alifeyo Nyoni
Mzimba|Mtwalo|Anderson K Mkandawire
Mzimba|Mtwalo|Andreya Moyo
Mzimba|Mtwalo|Andreya Phiri
Mzimba|Mtwalo|Barton Mzima
Mzimba|Mtwalo|Bekisa Siula
Mzimba|Mtwalo|Bich Moyo
Mzimba|Mtwalo|Bongololo Estate
Mzimba|Mtwalo|Bowoza Singini
Mzimba|Mtwalo|Bunganya Camp
Mzimba|Mtwalo|Burton Juba
Mzimba|Mtwalo|Bwanamulomo
Mzimba|Mtwalo|Byambyali Malumbi
Mzimba|Mtwalo|Byambyali Mulomu
Mzimba|Mtwalo|Chabwa Chabwa
Mzimba|Mtwalo|Chakolagaru Jere
Mzimba|Mtwalo|Chalambila Shonga
Mzimba|Mtwalo|Chamahiya
Mzimba|Mtwalo|Chamfuto Farm
Mzimba|Mtwalo|Chamhanya Gondwe
Mzimba|Mtwalo|Chamswera  Farm
Mzimba|Mtwalo|Chandalala Jere
Mzimba|Mtwalo|Chankhome Farm
Mzimba|Mtwalo|Chauluma Jere
Mzimba|Mtwalo|Chauluma Mhango
Mzimba|Mtwalo|Chayankhu Chimaliro
Mzimba|Mtwalo|Chibalaza Gondwe
Mzimba|Mtwalo|Chibami Nyirenda
Mzimba|Mtwalo|Chibisa
Mzimba|Mtwalo|Chibwana Kaunda
Mzimba|Mtwalo|Chidubika Nyangulu
Mzimba|Mtwalo|Chidyake
Mzimba|Mtwalo|Chifuba Sakala
Mzimba|Mtwalo|Chifwamusala Chisi
Mzimba|Mtwalo|Chiganda Chipeta
Mzimba|Mtwalo|Chikapa Chimaliro
Mzimba|Mtwalo|Chikhwa Munthali
Mzimba|Mtwalo|Chikomanichi Mkandawire
Mzimba|Mtwalo|Chikombo Mwanza
Mzimba|Mtwalo|Chikumukumu Ngoma
Mzimba|Mtwalo|Chilatani Makwakwa
Mzimba|Mtwalo|Chilera Farm
Mzimba|Mtwalo|Chilikubani Mkandawire
Mzimba|Mtwalo|Chilitani Makwakwa
Mzimba|Mtwalo|Chiluwigho Estate
Mzimba|Mtwalo|Chimbangala Mazola
Mzimba|Mtwalo|Chimbere Makwakwa
Mzimba|Mtwalo|Chimbowovera Mhone
Mzimba|Mtwalo|Chimbuzimbuzi Chavura
Mzimba|Mtwalo|Chimdima Mhango
Mzimba|Mtwalo|Chimeta Chataya
Mzimba|Mtwalo|Chimgogo Nkhambule
Mzimba|Mtwalo|Chimonechi Moyo
Mzimba|Mtwalo|Chimudima Mhango
Mzimba|Mtwalo|Chimutu Msiska
Mzimba|Mtwalo|Chimuzinga Tembo
Mzimba|Mtwalo|Chimwembe Mapala
Mzimba|Mtwalo|Chinde Nkosi
Mzimba|Mtwalo|Chingaba
Mzimba|Mtwalo|Chingababa Nkhonjera
Mzimba|Mtwalo|Chingerezi Mithi
Mzimba|Mtwalo|Chinjoka Soko
Mzimba|Mtwalo|Chinombo Shonga
Mzimba|Mtwalo|Chipajala Ngwira
Mzimba|Mtwalo|Chipala Nyirenda
Mzimba|Mtwalo|Chipemba Mhango
Mzimba|Mtwalo|Chipetupetu
Mzimba|Mtwalo|Chipetupetu Mvula
Mzimba|Mtwalo|Chipima  Estate
Mzimba|Mtwalo|Chipundwe Estate
Mzimba|Mtwalo|Chipwantha Phiri
Mzimba|Mtwalo|Chisambi
Mzimba|Mtwalo|Chithinda Moyo
Mzimba|Mtwalo|Chito Mchizi
Mzimba|Mtwalo|Chitunzi Nyirenda
Mzimba|Mtwalo|Chivwayila
Mzimba|Mtwalo|Chiwala Nkhambule
Mzimba|Mtwalo|Chiwala Tembo
Mzimba|Mtwalo|Chiwato Jere
Mzimba|Mtwalo|Chiyekere Hara
Mzimba|Mtwalo|Chombero
Mzimba|Mtwalo|Chotha Tembo
Mzimba|Mtwalo|Daile Kumwenda
Mzimba|Mtwalo|Daniel Chima
Mzimba|Mtwalo|David Nkhambule
Mzimba|Mtwalo|David Sibande
Mzimba|Mtwalo|Davide Thupa
Mzimba|Mtwalo|Dingile Farm
Mzimba|Mtwalo|Dingiswayo Moyo
Mzimba|Mtwalo|Dobera Chihana
Mzimba|Mtwalo|Dolola Bota
Mzimba|Mtwalo|Donald Tembo
Mzimba|Mtwalo|Duka Kaluba
Mzimba|Mtwalo|Dumekude Thole
Mzimba|Mtwalo|Dunduzule Hara
Mzimba|Mtwalo|Dungamizi Sambo
Mzimba|Mtwalo|Ekwendeni Trading Centre
Mzimba|Mtwalo|Eliya Chiwone
Mzimba|Mtwalo|Enukweni Trading Centre
Mzimba|Mtwalo|Ephraimu Matutu Gwayi
Mzimba|Mtwalo|Fulama Munthali
Mzimba|Mtwalo|Fuyiwa Soko
Mzimba|Mtwalo|Galasi Madise
Mzimba|Mtwalo|George Chikoko Mhango
Mzimba|Mtwalo|Gezamunjobe Thabe
Mzimba|Mtwalo|Gideon Ngulube
Mzimba|Mtwalo|Give Mhango
Mzimba|Mtwalo|Godogodo Ngulube
Mzimba|Mtwalo|Gonamavi Hara
Mzimba|Mtwalo|Gonera Hara
Mzimba|Mtwalo|Gowoka Nyangulu
Mzimba|Mtwalo|Gulu Chirambo
Mzimba|Mtwalo|Gunda Jere
Mzimba|Mtwalo|Gundazichi Zgambo
Mzimba|Mtwalo|Gunyu Zgambo
Mzimba|Mtwalo|Gwamba Mnyanjagha
Mzimba|Mtwalo|Gwazamo Hara
Mzimba|Mtwalo|Hannock Longwe
Mzimba|Mtwalo|Hanock Mpata
Mzimba|Mtwalo|Hezekia Jere
Mzimba|Mtwalo|Hlekanabana Mithi
Mzimba|Mtwalo|Hlekwayo Nyambose
Mzimba|Mtwalo|Holoholo Farm
Mzimba|Mtwalo|Jacob Chakuluntha
Mzimba|Mtwalo|Jacob Chanthuluka
Mzimba|Mtwalo|Jailosi Mhlanga
Mzimba|Mtwalo|Jalani Khongolo
Mzimba|Mtwalo|James Chavula
Mzimba|Mtwalo|James Jere
Mzimba|Mtwalo|James Kayira
Mzimba|Mtwalo|James Luhanga
Mzimba|Mtwalo|James Masoka Soko
Mzimba|Mtwalo|James Soko
Mzimba|Mtwalo|James Zigodo Nhlema
Mzimba|Mtwalo|Jeka
Mzimba|Mtwalo|Jendausiku Chavula
Mzimba|Mtwalo|Jendausiku Farm
Mzimba|Mtwalo|Jeremiya Mvalo
Mzimba|Mtwalo|Jolobale Nyirenda
Mzimba|Mtwalo|Jombo Trading Centre
Mzimba|Mtwalo|Juda Chibisa Kaunda
Mzimba|Mtwalo|Julius Thera
Mzimba|Mtwalo|Kabanika Chisi
Mzimba|Mtwalo|Kabemisha Hara
Mzimba|Mtwalo|Kabindula Nkhonjera
Mzimba|Mtwalo|Kabindule Khonje
Mzimba|Mtwalo|Kachaso Jere
Mzimba|Mtwalo|Kacheche Mhango
Mzimba|Mtwalo|Kachinda Hara
Mzimba|Mtwalo|Kachinda Mhango
Mzimba|Mtwalo|Kahanje Estate
Mzimba|Mtwalo|Kaithazi
Mzimba|Mtwalo|Kajaba Nyasulu
Mzimba|Mtwalo|Kajawa Mumba
Mzimba|Mtwalo|Kajengo Moyo
Mzimba|Mtwalo|Kajiso Shaba
Mzimba|Mtwalo|Kalama Estate
Mzimba|Mtwalo|Kalani Msiska
Mzimba|Mtwalo|Kalindamaliro
Mzimba|Mtwalo|Kamangadazi Ngwira
Mzimba|Mtwalo|Kamangadazi Nhlema
Mzimba|Mtwalo|Kamangadazi Nyirenda
Mzimba|Mtwalo|Kamani Madise
Mzimba|Mtwalo|Kamchekulu Mbunge
Mzimba|Mtwalo|Kamndavwa Chiumya
Mzimba|Mtwalo|Kamnthambani
Mzimba|Mtwalo|Kampheti Nyirenda
Mzimba|Mtwalo|Kampupu Ziba
Mzimba|Mtwalo|Kamubumbe Farm
Mzimba|Mtwalo|Kamukwamba Nyambose
Mzimba|Mtwalo|Kamuwole Estate
Mzimba|Mtwalo|Kamuzati Baloyi
Mzimba|Mtwalo|Kamuzunguzeni Zgambo
Mzimba|Mtwalo|Kamwe  Estate
Mzimba|Mtwalo|Kamzati Baloyi
Mzimba|Mtwalo|Kanthumba Shaba
Mzimba|Mtwalo|Kanyere
Mzimba|Mtwalo|Kapama Makwakwa
Mzimba|Mtwalo|Kapandajuba Chibambo
Mzimba|Mtwalo|Kapatamoyo Mhango
Mzimba|Mtwalo|Kaphiribita Mkandawire
Mzimba|Mtwalo|Kaphotoka Moyo
Mzimba|Mtwalo|Kapilisisi Estate
Mzimba|Mtwalo|Kapilizuni
Mzimba|Mtwalo|Kapota Mbunge
Mzimba|Mtwalo|Kapotavingwe
Mzimba|Mtwalo|Katalima Chitaya
Mzimba|Mtwalo|Katandula
Mzimba|Mtwalo|Katangalika Chibaka
Mzimba|Mtwalo|Kathulu Mkandawire
Mzimba|Mtwalo|Katonthowolo Estate
Mzimba|Mtwalo|Kaweche Investiment Compound
Mzimba|Mtwalo|Kayigange Nyirenda
Mzimba|Mtwalo|Kazithule Ziba
Mzimba|Mtwalo|Kennani Tchongwe
Mzimba|Mtwalo|Khovani Qoma
Mzimba|Mtwalo|Khupa Munthali
Mzimba|Mtwalo|Khuyu Estate
Mzimba|Mtwalo|Komanani Nzima
Mzimba|Mtwalo|Kuvute Shaba
Mzimba|Mtwalo|Kwechisa Jere
Mzimba|Mtwalo|Langa Lungu
Mzimba|Mtwalo|Lazalo Jere
Mzimba|Mtwalo|Lazaro Jere
Mzimba|Mtwalo|Lazaro Makwakwa
Mzimba|Mtwalo|Lidson Yalimba Nkosi
Mzimba|Mtwalo|Liwindi Farm
Mzimba|Mtwalo|Longwe  Residence
Mzimba|Mtwalo|Loti
Mzimba|Mtwalo|Luhomelo Estate
Mzimba|Mtwalo|Lunyangwa Forest Camp
Mzimba|Mtwalo|Mabamba Nkhambule
Mzimba|Mtwalo|Mabwanya Liche
Mzimba|Mtwalo|Madise Trading Centre
Mzimba|Mtwalo|Mafa Tchongwe
Mzimba|Mtwalo|Maferandawone Tembo
Mzimba|Mtwalo|Magezanga Tchongwe
Mzimba|Mtwalo|Magoda Chipeta
Mzimba|Mtwalo|Magululuka  Estate
Mzimba|Mtwalo|Magwaza Nyirongo
Mzimba|Mtwalo|Magwegwe Nkosi
Mzimba|Mtwalo|Mahekeya Blackwell Makwakwa
Mzimba|Mtwalo|Mahuza Mbizi
Mzimba|Mtwalo|Mahuza Mzima
Mzimba|Mtwalo|Majamabire Shera
Mzimba|Mtwalo|Majiga Trading centre
Mzimba|Mtwalo|Majimbula Chavula
Mzimba|Mtwalo|Majimsingo Zgambo
Mzimba|Mtwalo|Majubani Mwandira
Mzimba|Mtwalo|Makalanje Tchuwa
Mzimba|Mtwalo|Makanjira Gondwe
Mzimba|Mtwalo|Makanjira Thera
Mzimba|Mtwalo|Makhetani Singini
Mzimba|Mtwalo|Makura Longwe
Mzimba|Mtwalo|Makwakwazi Moyo
Mzimba|Mtwalo|Malidade Madise
Mzimba|Mtwalo|Malidade Mphepo
Mzimba|Mtwalo|Malisawa Baloyi
Mzimba|Mtwalo|Malisawa Chavula
Mzimba|Mtwalo|Malisawa Kumwenda
Mzimba|Mtwalo|Malisawa Ngwira
Mzimba|Mtwalo|Malivenji Chavula
Mzimba|Mtwalo|Malumbo Ziba
Mzimba|Mtwalo|Malunga
Mzimba|Mtwalo|Manjolo Moyo
Mzimba|Mtwalo|Manyela Lazalo
Mzimba|Mtwalo|Masakula Chipeta
Mzimba|Mtwalo|Masekwani Zgambo
Mzimba|Mtwalo|Masonga Estate
Mzimba|Mtwalo|Master Munkowo
Mzimba|Mtwalo|Mataneka Estate
Mzimba|Mtwalo|Matchinisa Shaba
Mzimba|Mtwalo|Matchona Kaunda
Mzimba|Mtwalo|Matekenya Shaba
Mzimba|Mtwalo|Matemanga Vinkhumbu
Mzimba|Mtwalo|Mateyu Chataya
Mzimba|Mtwalo|Mateyu Madolo Jere
Mzimba|Mtwalo|Mateyu Ngoma
Mzimba|Mtwalo|Mateyu Ng'oma
Mzimba|Mtwalo|Mathambo Chaungwe
Mzimba|Mtwalo|Mathambo Mtete
Mzimba|Mtwalo|Mathambo Tchetche
Mzimba|Mtwalo|Mavighambeba Kumwenda
Mzimba|Mtwalo|Mawa Nalepuni
Mzimba|Mtwalo|Mayaka
Mzimba|Mtwalo|Mayipa Nyoni
Mzimba|Mtwalo|Mayotcha Munthali
Mzimba|Mtwalo|Mbena Moyo
Mzimba|Mtwalo|Mbuyonga Nyirenda
Mzimba|Mtwalo|Mesheck Nzima
Mzimba|Mtwalo|Mgombera Jere
Mzimba|Mtwalo|Mgwanjabile Nyirenda
Mzimba|Mtwalo|Mihla Nkosi
Mzimba|Mtwalo|Mkandawire
Mzimba|Mtwalo|Mkhalabweka  Estate
Mzimba|Mtwalo|Mkobela Mhlanga
Mzimba|Mtwalo|Mkopeka Khowoya
Mzimba|Mtwalo|Moffat Nkosi
Mzimba|Mtwalo|Mombwe Estate
Mzimba|Mtwalo|Mopho Jere
Mzimba|Mtwalo|Moses Hara
Mzimba|Mtwalo|Moses Nqumayo
Mzimba|Mtwalo|Moses Nyambose
Mzimba|Mtwalo|Movet Mkandawire
Mzimba|Mtwalo|Mpangavisoti Nzima
Mzimba|Mtwalo|Mpapalika Ng'oma
Mzimba|Mtwalo|Mpherapi
Mzimba|Mtwalo|Mponda Ngulube
Mzimba|Mtwalo|Msekeni Nkabelani
Mzimba|Mtwalo|Mselema Kamanga
Mzimba|Mtwalo|Mseteka
Mzimba|Mtwalo|Msokwa Phiri
Mzimba|Mtwalo|Mtembalibwe Nkosi
Mzimba|Mtwalo|Mtendere Farm
Mzimba|Mtwalo|Mtengasalu
Mzimba|Mtwalo|Mtwalo Jere
Mzimba|Mtwalo|Mubangwe Estate
Mzimba|Mtwalo|Mugondero Farm
Mzimba|Mtwalo|Muhamadi Wannkhama
Mzimba|Mtwalo|Muhlolo Nondo
Mzimba|Mtwalo|Mukhutchwa Nyambose
Mzimba|Mtwalo|Mukhuzo Mbizi
Mzimba|Mtwalo|Mukochiwa Hara
Mzimba|Mtwalo|Mukondambiri Mphasi
Mzimba|Mtwalo|Mulindansengwe
Mzimba|Mtwalo|Muloyi Maona
Mzimba|Mtwalo|Muloyi Neba II
Mzimba|Mtwalo|Munthimba Ngulube
Mzimba|Mtwalo|Munthwani Hara
Mzimba|Mtwalo|Munyehele Mbulume
Mzimba|Mtwalo|Muona Ngwira
Mzimba|Mtwalo|Musakula Chavula
Mzimba|Mtwalo|Muthakapoli Longwe
Mzimba|Mtwalo|Mutheto Hara
Mzimba|Mtwalo|Mututa Mnyanjagha
Mzimba|Mtwalo|Muyangwe
Mzimba|Mtwalo|Muzgamasi Thole
Mzimba|Mtwalo|Mwanamwene
Mzimba|Mtwalo|Mwelekete
Mzimba|Mtwalo|Mzemba Ngwira
Mzimba|Mtwalo|Mzikubola Jere
Mzimba|Mtwalo|Nashon Nhlema
Mzimba|Mtwalo|Ndala Matchere
Mzimba|Mtwalo|Ndamila Chiwone
Mzimba|Mtwalo|Ndamila Farm
Mzimba|Mtwalo|N'dili
Mzimba|Mtwalo|Ngala Estate
Mzimba|Mtwalo|Ngomambi Nzima
Mzimba|Mtwalo|Ng'ongo Estate
Mzimba|Mtwalo|Ngoti Ngwira
Mzimba|Mtwalo|Ngozi Mvula
Mzimba|Mtwalo|Njakwa Trading Centre
Mzimba|Mtwalo|Nkhondopera Nyirenda
Mzimba|Mtwalo|Nkhunga Kumwenda
Mzimba|Mtwalo|Ntchungu Nkhambule
Mzimba|Mtwalo|Nthapangwa Njakwa
Mzimba|Mtwalo|Nthembe Ya Mwana
Mzimba|Mtwalo|Nyakasi Nyanguru
Mzimba|Mtwalo|Nyambwani Chavula
Mzimba|Mtwalo|Nyandolo Ziba
Mzimba|Mtwalo|Nyirenda Farm
Mzimba|Mtwalo|Nyomoka Mvula
Mzimba|Mtwalo|Nyozomo
Mzimba|Mtwalo|Nyozomo Chima
Mzimba|Mtwalo|Nyozomo Nyirenda
Mzimba|Mtwalo|Parango Mhango
Mzimba|Mtwalo|Paulosi Khongolo
Mzimba|Mtwalo|Paulosi Shaba
Mzimba|Mtwalo|Paulosi Sindani
Mzimba|Mtwalo|Perekamoyo Chima
Mzimba|Mtwalo|Peter Chavula Kampeya B
Mzimba|Mtwalo|Peter Mawona
Mzimba|Mtwalo|Peter Mukonyo Tembo
Mzimba|Mtwalo|Philimon Chirwa
Mzimba|Mtwalo|Philimon Gama
Mzimba|Mtwalo|Philip Makwakwa
Mzimba|Mtwalo|Philip Zitchoka Hara
Mzimba|Mtwalo|Phoseka Jere
Mzimba|Mtwalo|Pondamale Harawa
Mzimba|Mtwalo|Pyokani Soko
Mzimba|Mtwalo|Reuben Qongwani
Mzimba|Mtwalo|Robert Kumwenda
Mzimba|Mtwalo|Robert Moyo
Mzimba|Mtwalo|Robert Mudolo
Mzimba|Mtwalo|Robert Thupa
Mzimba|Mtwalo|Rukuru Estate
Mzimba|Mtwalo|Safari
Mzimba|Mtwalo|Sahani Zgambo
Mzimba|Mtwalo|Salabayake Chunga
Mzimba|Mtwalo|Salala Nkhana
Mzimba|Mtwalo|Samani Chiumia
Mzimba|Mtwalo|Sambamo Chiumia
Mzimba|Mtwalo|Samhlolo Nkhambule
Mzimba|Mtwalo|Samson Muthandi
Mzimba|Mtwalo|Samuel Jere
Mzimba|Mtwalo|Samuel Mvula
Mzimba|Mtwalo|Samuel Nyoni
Mzimba|Mtwalo|Samuel Yohane Jere
Mzimba|Mtwalo|Sangasinje
Mzimba|Mtwalo|Sangazinjo Ziba
Mzimba|Mtwalo|Satiyeli Sibande
Mzimba|Mtwalo|Saulosi  Chiuma
Mzimba|Mtwalo|Saulosi Chiumia
Mzimba|Mtwalo|Saulosi Mofat
Mzimba|Mtwalo|Saulosi Nkosi
Mzimba|Mtwalo|Sawdason Nyangulu
Mzimba|Mtwalo|Scott Mhango
Mzimba|Mtwalo|Shadreck Makwakwa
Mzimba|Mtwalo|Silundu Kanyika
Mzimba|Mtwalo|Simon Chavula
Mzimba|Mtwalo|Simon Makwapasi Mbizi
Mzimba|Mtwalo|Sinya Mhone
Mzimba|Mtwalo|Siwuli Tembo
Mzimba|Mtwalo|Sokopo Chinula
Mzimba|Mtwalo|Solomoni Matchere
Mzimba|Mtwalo|Sondwani Nhlema
Mzimba|Mtwalo|Sonjo Forest Reserve
Mzimba|Mtwalo|Sosoli Farm
Mzimba|Mtwalo|Sosten Ndhlovu
Mzimba|Mtwalo|Sungwayo Ng'oma
Mzimba|Mtwalo|Sungwayo Ng'oma VH Residence
Mzimba|Mtwalo|Tandamale Chipofya
Mzimba|Mtwalo|Thandata Chirambo
Mzimba|Mtwalo|Thom Kumwenda
Mzimba|Mtwalo|Thomas Mhone
Mzimba|Mtwalo|Thomas Mkandawire
Mzimba|Mtwalo|Thomas Nyirongo
Mzimba|Mtwalo|Tigone Munthali
Mzimba|Mtwalo|Timeyo Chipeta
Mzimba|Mtwalo|Timeyo M Shonga
Mzimba|Mtwalo|Timeyo Thandeka Soko
Mzimba|Mtwalo|Timoni Bunda
Mzimba|Mtwalo|Timothi Nyezini
Mzimba|Mtwalo|Tomasi Lungu
Mzimba|Mtwalo|Tomasi Nyirongo
Mzimba|Mtwalo|Venge Nkosi
Mzimba|Mtwalo|Vilimujembe Estate
Mzimba|Mtwalo|Vinkhumbu
Mzimba|Mtwalo|Walter Kacheche
Mzimba|Mtwalo|Wandoli
Mzimba|Mtwalo|Wankhama Kumwenda
Mzimba|Mtwalo|Wayisunkhunya Mbizi
Mzimba|Mtwalo|Waziloya Makwakwa
Mzimba|Mtwalo|William Chisi
Mzimba|Mtwalo|Wilson Moyo
Mzimba|Mtwalo|Yagontha
Mzimba|Mtwalo|Yagontha Estate
Mzimba|Mtwalo|Yakobe Singini
Mzimba|Mtwalo|Yapoma Matupi
Mzimba|Mtwalo|Yeremia Madise
Mzimba|Mtwalo|Yesaya Chinombo Jere
Mzimba|Mtwalo|Yesaya Hara
Mzimba|Mtwalo|Yesaya Shaba
Mzimba|Mtwalo|Yesaya Shonga
Mzimba|Mtwalo|Yezgani Estate
Mzimba|Mtwalo|Yobe Jere
Mzimba|Mtwalo|Yobe Sambo
Mzimba|Mtwalo|Yoramu Nyasulu
Mzimba|Mtwalo|Yorum Kapili Kamanga
Mzimba|Mtwalo|Yunga Kumwenda
Mzimba|Mtwalo|Zabuloni Chiwone
Mzimba|Mtwalo|Zakaria Gondwe
Mzimba|Mtwalo|Zakeyo Chibaka
Mzimba|Mtwalo|Zamanala Matengere
Mzimba|Mtwalo|Zanda Mziya
Mzimba|Mtwalo|Zaya Nkhoma
Mzimba|Mtwalo|Zayuka
Mzimba|Mtwalo|Zebediya
Mzimba|Mtwalo|Zebediya Kaunda
Mzimba|Mtwalo|Zebediya Makwakwa
Mzimba|Mtwalo|Zebediya Makwakwa Farm
Mzimba|Mtwalo|Zenga Mkandawire
Mzimba|Mtwalo|Zgokani Estate
Mzimba|Mtwalo|Ziga Tembo
Mzimba|Mtwalo|Ziliro Nkawerani
Mzimba|Mtwalo|Zimakazi Moyo
Mzimba|Mtwalo|Zimema Chisi
Mzimba|Mtwalo|Zinolino Chakufwa Nkhonje
Mzimba|Mtwalo|Zipantha Mtonga
Mzimba|Mtwalo|Zoloke Ngulube
Mzimba|Mtwalo|Zoloke Ngulube Habitant
Mzimba|Mtwalo|Zunguwala Chima
Mzimba|Mtwalo|Zungwala Khowoya
Mzimba|Mzikubola|Aaron Jere Chimsolo
Mzimba|Mzikubola|Alick Chisi
Mzimba|Mzikubola|Alick Gausi
Mzimba|Mzikubola|Alick Lukhanda
Mzimba|Mzikubola|Alick Ndabandaba
Mzimba|Mzikubola|Alifeyo Jere
Mzimba|Mzikubola|Amoni Moyo
Mzimba|Mzikubola|Andrea Kamanga
Mzimba|Mzikubola|Baloni Chisi (VH Isaac)
Mzimba|Mzikubola|Bokola(VH Kathundu)
Mzimba|Mzikubola|Bokosi Hunga
Mzimba|Mzikubola|Botha
Mzimba|Mzikubola|Bwanaholo
Mzimba|Mzikubola|Bwanaholo (VH Mzondi)
Mzimba|Mzikubola|Bwanali Mkhalipi
Mzimba|Mzikubola|Chakhalila
Mzimba|Mzikubola|Chakoma Nyirenda
Mzimba|Mzikubola|Chambamkuya Ng'oma
Mzimba|Mzikubola|Champhira Compound
Mzimba|Mzikubola|Chang'ombe
Mzimba|Mzikubola|Chapuma Malili
Mzimba|Mzikubola|Chasowa (VH Mzondi)
Mzimba|Mzikubola|Chendelamanja
Mzimba|Mzikubola|Chibinganyama
Mzimba|Mzikubola|Chibiya Nyasulu
Mzimba|Mzikubola|Chibowa
Mzimba|Mzikubola|Chibula Kajani
Mzimba|Mzikubola|Chibwana
Mzimba|Mzikubola|Chigowani Nkhata
Mzimba|Mzikubola|Chigwaze Longwe
Mzimba|Mzikubola|Chihayi Chirwa
Mzimba|Mzikubola|Chikhumbi Nyirenda
Mzimba|Mzikubola|Chikoko Manda
Mzimba|Mzikubola|Chikomeni
Mzimba|Mzikubola|Chikomeni Nyirenda
Mzimba|Mzikubola|Chikondawanga
Mzimba|Mzikubola|Chikondawanga Lusale
Mzimba|Mzikubola|Chikondawanga nhlane
Mzimba|Mzikubola|Chikwa Theu
Mzimba|Mzikubola|Chilawo Banda
Mzimba|Mzikubola|Chilawo Kamanga
Mzimba|Mzikubola|Chilekwa
Mzimba|Mzikubola|Chimaliro Forest Camp
Mzimba|Mzikubola|Chimbuha Chirwa
Mzimba|Mzikubola|Chimkombelo
Mzimba|Mzikubola|Chimtembo Nyalubanga
Mzimba|Mzikubola|Chimukusa
Mzimba|Mzikubola|Chimuruchi
Mzimba|Mzikubola|Chimzinga
Mzimba|Mzikubola|Chinjoka
Mzimba|Mzikubola|Chinjoka Ng'oma
Mzimba|Mzikubola|Chinjovu Mseteka
Mzimba|Mzikubola|Chinombo Tchaya
Mzimba|Mzikubola|Chipokosa
Mzimba|Mzikubola|Chipokosa Chirwa
Mzimba|Mzikubola|Chipulumba (VH Mazwana)
Mzimba|Mzikubola|Chirokhola Chirwa I
Mzimba|Mzikubola|Chirokhola Chirwa II
Mzimba|Mzikubola|Chisusu Nyirongo
Mzimba|Mzikubola|Chithanthaumba
Mzimba|Mzikubola|Chithanthaumba Moyo
Mzimba|Mzikubola|Chivato
Mzimba|Mzikubola|Chiwole Zgambo
Mzimba|Mzikubola|Chizumba
Mzimba|Mzikubola|Chizumba Nguluwe
Mzimba|Mzikubola|Chizuwe Phiri
Mzimba|Mzikubola|Chovani Thole
Mzimba|Mzikubola|Custom Ndabandaba
Mzimba|Mzikubola|Damson (VH Chinjoka)
Mzimba|Mzikubola|Daniel Gausi
Mzimba|Mzikubola|Daniel Ng'oma (VH Yeremiya Shumba)
Mzimba|Mzikubola|Daseke
Mzimba|Mzikubola|Dekadeka Moyo
Mzimba|Mzikubola|Dembalauma
Mzimba|Mzikubola|Elemiya Manda
Mzimba|Mzikubola|Esraele Chigwazi
Mzimba|Mzikubola|Flaywil Shaba
Mzimba|Mzikubola|Forest Camp
Mzimba|Mzikubola|Fumbateka
Mzimba|Mzikubola|Fumbo
Mzimba|Mzikubola|German
Mzimba|Mzikubola|Gomphani Sambo
Mzimba|Mzikubola|Gong'o Nkhata
Mzimba|Mzikubola|Gungazichi
Mzimba|Mzikubola|Hezron Gausi
Mzimba|Mzikubola|Issac ngoyi
Mzimba|Mzikubola|James Shaba
Mzimba|Mzikubola|Jamson Shumba
Mzimba|Mzikubola|Jamu Kumwanda
Mzimba|Mzikubola|Jeke Saka
Mzimba|Mzikubola|Jenda TC
Mzimba|Mzikubola|Jendawekha Theu
Mzimba|Mzikubola|Jeremiya
Mzimba|Mzikubola|Jewe Zgambo
Mzimba|Mzikubola|Jimu Manda (VH Mboto)
Mzimba|Mzikubola|Joel Maxon
Mzimba|Mzikubola|Jonathan Nhlane
Mzimba|Mzikubola|Juma Mkandawire
Mzimba|Mzikubola|Kabazeru Mlotha
Mzimba|Mzikubola|Kachamba(VHKaputeni)
Mzimba|Mzikubola|Kachilanga Zulu
Mzimba|Mzikubola|Kachilemba
Mzimba|Mzikubola|Kafoteka Mkandawire
Mzimba|Mzikubola|Kajaba Langa
Mzimba|Mzikubola|Kajikhomerere
Mzimba|Mzikubola|Kajiso Phakati
Mzimba|Mzikubola|Kalimadola Zimba
Mzimba|Mzikubola|Kalulu Kanyinji(VH Sitonya Mazamba
Mzimba|Mzikubola|Kaluvume
Mzimba|Mzikubola|Kamalo Ngo'mbe
Mzimba|Mzikubola|Kamsombeni
Mzimba|Mzikubola|Kamtalala Kamanga
Mzimba|Mzikubola|Kamtalala Zatheka
Mzimba|Mzikubola|Kamzati
Mzimba|Mzikubola|Kanavula
Mzimba|Mzikubola|Kankhumbachi (VH Isaac)
Mzimba|Mzikubola|Kanthumba Nyirongo
Mzimba|Mzikubola|Kanthundu
Mzimba|Mzikubola|Kanyalu
Mzimba|Mzikubola|kanyunya
Mzimba|Mzikubola|Kanzunguzeni Jeke
Mzimba|Mzikubola|Kapalamunthowa Manda
Mzimba|Mzikubola|Kapokopoko (VH Nqumayo)
Mzimba|Mzikubola|Kaputeni Jere
Mzimba|Mzikubola|Kasazaulo
Mzimba|Mzikubola|Kaseka
Mzimba|Mzikubola|Kasichi Kamanga
Mzimba|Mzikubola|Kasokola Banda
Mzimba|Mzikubola|Kasoti
Mzimba|Mzikubola|Kausiku Ng'oma
Mzimba|Mzikubola|Kauta Muyaba
Mzimba|Mzikubola|Kauzungu Kamanga(VH Kanzunguzeni)
Mzimba|Mzikubola|Kavalo Theu
Mzimba|Mzikubola|Kavunguti
Mzimba|Mzikubola|Kaweya
Mzimba|Mzikubola|Kayipumule Saka
Mzimba|Mzikubola|Keyala Ndlovu
Mzimba|Mzikubola|Khosolo Nhlane
Mzimba|Mzikubola|Lameck Hara
Mzimba|Mzikubola|Lameck Ndhlovu
Mzimba|Mzikubola|Lazaro Gausi
Mzimba|Mzikubola|Livestock Centre
Mzimba|Mzikubola|Loseni Luanda
Mzimba|Mzikubola|Lunkhwawa Nyirongo
Mzimba|Mzikubola|Luwawa
Mzimba|Mzikubola|Luwawa Kamwamphimbi Camp
Mzimba|Mzikubola|Machilika
Mzimba|Mzikubola|Machowani Nkhoswe
Mzimba|Mzikubola|Magega
Mzimba|Mzikubola|Magoda Nhlane
Mzimba|Mzikubola|Malambika Shaba
Mzimba|Mzikubola|Mandeza Mwale
Mzimba|Mzikubola|Manunda Mchemera
Mzimba|Mzikubola|Manyutu Gondwe
Mzimba|Mzikubola|Matchokolisa
Mzimba|Mzikubola|Matemanga Chikombola
Mzimba|Mzikubola|Matepo Shaba
Mzimba|Mzikubola|Mateyo Shunga (VH Alick )
Mzimba|Mzikubola|Matheza Mwale
Mzimba|Mzikubola|Mayereere (VH Chinjoka)
Mzimba|Mzikubola|Mazinyani Ngwira
Mzimba|Mzikubola|Mazwana
Mzimba|Mzikubola|Mazwana Nhlane (Nthala)
Mzimba|Mzikubola|Mbalambala
Mzimba|Mzikubola|Mbocho Malindi (Nkhumbula vge)
Mzimba|Mzikubola|Mbofana
Mzimba|Mzikubola|M'bonzo Banda(Kenani Banda)
Mzimba|Mzikubola|Mboto Phiri
Mzimba|Mzikubola|Mcherezi Chirwa
Mzimba|Mzikubola|Mgabi
Mzimba|Mzikubola|MILALA ESTATE
Mzimba|Mzikubola|Mjojo
Mzimba|Mzikubola|Mjojo Muhlanga
Mzimba|Mzikubola|Mkhosana Nqumayo
Mzimba|Mzikubola|Mkwapu
Mzimba|Mzikubola|Mlongoti
Mzimba|Mzikubola|Mnyamazi Nkhata
Mzimba|Mzikubola|Moveti
Mzimba|Mzikubola|Moveti Nkhoma
Mzimba|Mzikubola|Mpinganjira Kapinda
Mzimba|Mzikubola|Msambazga
Mzimba|Mzikubola|Msambizga
Mzimba|Mzikubola|Msenjere
Mzimba|Mzikubola|Mswamphira Musi
Mzimba|Mzikubola|Mtangatanga
Mzimba|Mzikubola|Mtende (VH Nqumayo)
Mzimba|Mzikubola|Mtusani
Mzimba|Mzikubola|Mubelo Bulukutu
Mzimba|Mzikubola|Mulapamani Nyasulu
Mzimba|Mzikubola|Munyutu Gondwe
Mzimba|Mzikubola|Musafire
Mzimba|Mzikubola|Mutchereka Nyirenda(VH Alick)
Mzimba|Mzikubola|Mutuwawaka Chapama Longwe
Mzimba|Mzikubola|Muyunga Nkhata
Mzimba|Mzikubola|Muyunga(VH Chimusolo)
Mzimba|Mzikubola|Mwandira
Mzimba|Mzikubola|Mwandiza Mkhalipa
Mzimba|Mzikubola|Mwanuka
Mzimba|Mzikubola|Mzimuuli
Mzimba|Mzikubola|Mzimuuli Nkhata
Mzimba|Mzikubola|Mzoma Mithi
Mzimba|Mzikubola|Mzondi Ndhlovu
Mzimba|Mzikubola|Mzondi Shumba
Mzimba|Mzikubola|Ndowera (VH Mzondi)
Mzimba|Mzikubola|New Site
Mzimba|Mzikubola|Ngubani Banda
Mzimba|Mzikubola|Njerenjere(VH Kavunguti)
Mzimba|Mzikubola|Njomani Nhlane
Mzimba|Mzikubola|Nkholowando
Mzimba|Mzikubola|Nkhoma
Mzimba|Mzikubola|Nowa Gumba(VHNowa Mkochi
Mzimba|Mzikubola|Nowa Mkochi
Mzimba|Mzikubola|NTHUMBOLIBWE FARM
Mzimba|Mzikubola|Nyondo Compound
Mzimba|Mzikubola|Perekezi Camp
Mzimba|Mzikubola|Petros Mkandawire
Mzimba|Mzikubola|Pezupezu Chirwa
Mzimba|Mzikubola|Phillip Phiri
Mzimba|Mzikubola|Raiply Trading Centre
Mzimba|Mzikubola|Robert Chaula
Mzimba|Mzikubola|Robert mwanda
Mzimba|Mzikubola|Sakazinji Jere (VH Mzondi)
Mzimba|Mzikubola|Samson Shumba
Mzimba|Mzikubola|Samuel (VH Mboto)
Mzimba|Mzikubola|Samuel Jere
Mzimba|Mzikubola|Samuel Kamanga
Mzimba|Mzikubola|Sankhani thole
Mzimba|Mzikubola|Seda
Mzimba|Mzikubola|Sitonya Mazamba
Mzimba|Mzikubola|Sizala Lungu
Mzimba|Mzikubola|Solomoni Nhlane
Mzimba|Mzikubola|Songiso Jere
Mzimba|Mzikubola|Stonya Nhlane
Mzimba|Mzikubola|Suwe Mwale
Mzimba|Mzikubola|Tadeyo ndhlovu
Mzimba|Mzikubola|Tchekwere
Mzimba|Mzikubola|Tebulo (VH Mboto)
Mzimba|Mzikubola|Tembo
Mzimba|Mzikubola|Thomas Phiri
Mzimba|Mzikubola|Thoza TC
Mzimba|Mzikubola|Timote Chunga
Mzimba|Mzikubola|TIYEZGE FARM
Mzimba|Mzikubola|Vivya Timoteyo
Mzimba|Mzikubola|Vwalamutaba lusale
Mzimba|Mzikubola|Vwanena
Mzimba|Mzikubola|Wajuma Zgambo
Mzimba|Mzikubola|Walowela
Mzimba|Mzikubola|Wazengauli Chirwa
Mzimba|Mzikubola|William
Mzimba|Mzikubola|William Muyaba
Mzimba|Mzikubola|Wokho
Mzimba|Mzikubola|Yakobe Banda
Mzimba|Mzikubola|Yamboto Mkandawire
Mzimba|Mzikubola|Yangailo Kumwenda
Mzimba|Mzikubola|Yeremiya Shumba
Mzimba|Mzikubola|Yisake Ndowera
Mzimba|Mzikubola|Yolamu Saka
Mzimba|Mzikubola|Yonamu Phiri
Mzimba|Mzikubola|Zaba Gumbo
Mzimba|Mzikubola|Zabinduka
Mzimba|Mzikubola|Zabwera Gausi
Mzimba|Mzikubola|Zakeyo
Mzimba|Mzikubola|Zakeyo (VH Ngubani)
Mzimba|Mzikubola|Zakola Gausi
Mzimba|Mzikubola|Zamani
Mzimba|Mzikubola|Zangamsasa
Mzimba|Mzikubola|Zebediya Jere
Mzimba|Mzikubola|Zebron Phakati
Mzimba|Mzikubola|Zefaniya
Mzimba|Mzikubola|Zeleza Moyo
Mzimba|Mzikubola|Zifere Chisi
Mzimba|Mzikubola|Zilahle Mphande
Mzimba|Mzikubola|ZINTONDE MBAWALA ESTATE
Mzimba|Mzikubola|Zitchoka Gausi
Mzimba|Mzikubola|Zotomatola
Mzimba|Mzimba Boma|Chanthomba
Mzimba|Mzimba Boma|Chanthomba Location
Mzimba|Mzimba Boma|Chimkusa Location
Mzimba|Mzimba Boma|Engalaweni
Mzimba|Mzimba Boma|Kachiliki
Mzimba|Mzimba Boma|Kavukula
Mzimba|Mzimba Boma|Mabushi Location
Mzimba|Mzimba Boma|Mbale
Mzimba|Mzimba Boma|MBC Location
Mzimba|Mzimba Boma|MHC lines Location
Mzimba|Mzimba Boma|Mtende
Mzimba|Mzimba Boma|Mthandizi Location
Mzimba|Mzimba Boma|Mzimba Boma
Mzimba|Mzimba Boma|Mzimba Trading Centre
Mzimba|Mzimba Boma|Ngalaweni
Mzimba|Mzimba Boma|S.S Corner Location
Mzimba|Mzimba Boma|Sitima
Mzimba|Mzukuzuku|Alufeyo Jere
Mzimba|Mzukuzuku|Amoni Phiri
Mzimba|Mzukuzuku|Aram Mhone
Mzimba|Mzukuzuku|B. Gulala Ngulube
Mzimba|Mzukuzuku|Baleni Jere
Mzimba|Mzukuzuku|Bartimeyo Tembo
Mzimba|Mzukuzuku|Bekehlane Jere
Mzimba|Mzukuzuku|Boli
Mzimba|Mzukuzuku|Boli Nyirenda
Mzimba|Mzukuzuku|Bongoya Msimuko
Mzimba|Mzukuzuku|Chalambauko (VH Mulefu)
Mzimba|Mzukuzuku|Chalowataya Zulanga
Mzimba|Mzukuzuku|Chendalo jere
Mzimba|Mzukuzuku|Chibwana Moyo
Mzimba|Mzukuzuku|Chikuku Mithi
Mzimba|Mzukuzuku|Chilizwazwa Nyirongo
Mzimba|Mzukuzuku|Chilomba Nyirongo
Mzimba|Mzukuzuku|Chindiku Nkhata
Mzimba|Mzukuzuku|Chindoka Jonazi
Mzimba|Mzukuzuku|Chinjati Ndhlozi (VH Kajepu)
Mzimba|Mzukuzuku|Chinkhando Banda
Mzimba|Mzukuzuku|Chinombo Jere
Mzimba|Mzukuzuku|Chinphota
Mzimba|Mzukuzuku|Chinyanja Ndhlovu
Mzimba|Mzukuzuku|Chiputa Mvula
Mzimba|Mzukuzuku|Chitembeya Nkhata
Mzimba|Mzukuzuku|Chiwandauka Theu
Mzimba|Mzukuzuku|Chizawanji Jonasi
Mzimba|Mzukuzuku|Dakalimale
Mzimba|Mzukuzuku|Dakalimale Ndolo
Mzimba|Mzukuzuku|Eliyakimu Ngulube
Mzimba|Mzukuzuku|Embangweni Trading Centre
Mzimba|Mzukuzuku|Foster Chitere Jere
Mzimba|Mzukuzuku|Foster Jere
Mzimba|Mzukuzuku|Gangala
Mzimba|Mzukuzuku|Goboyani Tembo
Mzimba|Mzukuzuku|Golodema
Mzimba|Mzukuzuku|Harawa (David Moyo)
Mzimba|Mzukuzuku|Harry Tembo
Mzimba|Mzukuzuku|Isaac Luqoto
Mzimba|Mzukuzuku|Jakapu Phiri
Mzimba|Mzukuzuku|James Saka
Mzimba|Mzukuzuku|Jeremiya Ndhlovu
Mzimba|Mzukuzuku|Joile Jere
Mzimba|Mzukuzuku|Joseph Mumba
Mzimba|Mzukuzuku|Josephy Ziba
Mzimba|Mzukuzuku|Kabale Aaron Chirwa
Mzimba|Mzukuzuku|Kabinga Banda
Mzimba|Mzukuzuku|Kachala Banda
Mzimba|Mzukuzuku|Kajepu Theu
Mzimba|Mzukuzuku|Kalionge Shaba
Mzimba|Mzukuzuku|Kamangadauzi Moyo
Mzimba|Mzukuzuku|Kamangadazi Tembo
Mzimba|Mzukuzuku|Kampala Ndhlovu
Mzimba|Mzukuzuku|Kampangu Ndhlovu
Mzimba|Mzukuzuku|Kamuzingeni Banda
Mzimba|Mzukuzuku|Kapantha Mvula
Mzimba|Mzukuzuku|KaphiriKanjoka phiri
Mzimba|Mzukuzuku|Kaupochi Ng'oma
Mzimba|Mzukuzuku|Kawaza Zgambo
Mzimba|Mzukuzuku|Lameck Theu
Mzimba|Mzukuzuku|Longe Ndolo
Mzimba|Mzukuzuku|Longwe Nyirongo
Mzimba|Mzukuzuku|Machinga Saka
Mzimba|Mzukuzuku|Mafika Kambalira Ndhlovu
Mzimba|Mzukuzuku|Mahlahlubani Luqoto
Mzimba|Mzukuzuku|Majamala Kacheche
Mzimba|Mzukuzuku|Malepa Manda
Mzimba|Mzukuzuku|Maliwa
Mzimba|Mzukuzuku|Maliwa Soko
Mzimba|Mzukuzuku|Mandevu Mbeba
Mzimba|Mzukuzuku|Mapupu Ndhlovu
Mzimba|Mzukuzuku|Matekenya Jere
Mzimba|Mzukuzuku|Matemanga Moyo
Mzimba|Mzukuzuku|Mateyu Jere
Mzimba|Mzukuzuku|Mateyu Nyirenda
Mzimba|Mzukuzuku|Mavutuza Nkhata
Mzimba|Mzukuzuku|Mayau Saka
Mzimba|Mzukuzuku|Mbawa Agri Reserch Station
Mzimba|Mzukuzuku|Mbawa Trading Centre
Mzimba|Mzukuzuku|Mbenuka Nyirenda
Mzimba|Mzukuzuku|Mchilila M Tembo
Mzimba|Mzukuzuku|Mekwa Shaba
Mzimba|Mzukuzuku|Mhlaba Jere
Mzimba|Mzukuzuku|Mijere Ndhlovu
Mzimba|Mzukuzuku|Mkakeni Ng'oma
Mzimba|Mzukuzuku|Mlaba Manda
Mzimba|Mzukuzuku|Monani Jere
Mzimba|Mzukuzuku|Mpezeni Msimuko
Mzimba|Mzukuzuku|Mpwata Lukhele
Mzimba|Mzukuzuku|Mtambalika
Mzimba|Mzukuzuku|Mtezi Mithi
Mzimba|Mzukuzuku|Mtowole Phiri
Mzimba|Mzukuzuku|Muhawi Shaba
Mzimba|Mzukuzuku|Mujirima
Mzimba|Mzukuzuku|Mulefu mkweu Mbewe
Mzimba|Mzukuzuku|Mungoniwawo
Mzimba|Mzukuzuku|Mzukuzuku Jere
Mzimba|Mzukuzuku|Nashoni Ngulube
Mzimba|Mzukuzuku|Ngolokoto
Mzimba|Mzukuzuku|Nowa Phiri
Mzimba|Mzukuzuku|Petros Moyo
Mzimba|Mzukuzuku|Phillimon Ngulube
Mzimba|Mzukuzuku|Rabson Kapoli Mtonga
Mzimba|Mzukuzuku|Samuel Ndolo
Mzimba|Mzukuzuku|Simon Jere
Mzimba|Mzukuzuku|Simpontwani Lungu
Mzimba|Mzukuzuku|Sinda I Chimimba Nkhoma
Mzimba|Mzukuzuku|Sinda II Chimimba Nkhoma
Mzimba|Mzukuzuku|Sukumbiri Jere
Mzimba|Mzukuzuku|Tenthema
Mzimba|Mzukuzuku|Thaza Kapondela
Mzimba|Mzukuzuku|Thom Ndolo
Mzimba|Mzukuzuku|Thomas Nyika
Mzimba|Mzukuzuku|Yakobe Soko
Mzimba|Mzukuzuku|Yakobe Soko Estate
Mzimba|Mzukuzuku|Yeremia Lungu
Mzimba|Mzukuzuku|Yesake Mwale
Mzimba|Mzukuzuku|Yesaya Tembo
Mzimba|Mzukuzuku|Yohane Manda
Mzimba|Mzukuzuku|Yonamu Moyo
Mzimba|Mzukuzuku|Yyesake Tembo
Mzimba|Mzukuzuku|Zakeyo Mbale
Mzimba|Mzukuzuku|Zatuba Zimba
Mzimba|Mzukuzuku|Zebron Chipeta
Mzimba|Mzukuzuku|Zileke Changaya
Mzimba|Mzukuzuku|Ziwande Ngwata
Mzimba|Mzukuzuku|Zongonongo
Mzimba|S/C Jaravikuba Munthali|Balekwa Mkandawire
Mzimba|S/C Jaravikuba Munthali|Balekwa Trading Centre
Mzimba|S/C Jaravikuba Munthali|Banana Wilikani
Mzimba|S/C Jaravikuba Munthali|Bwabwabwa Mbeya
Mzimba|S/C Jaravikuba Munthali|Bwengu Trading Centre
Mzimba|S/C Jaravikuba Munthali|Chanozga Chimaliro
Mzimba|S/C Jaravikuba Munthali|Chikwama Mkandawire
Mzimba|S/C Jaravikuba Munthali|Chimuhoyere Chirwa
Mzimba|S/C Jaravikuba Munthali|Chingwelema Munthali
Mzimba|S/C Jaravikuba Munthali|Chipaula Nyasulu
Mzimba|S/C Jaravikuba Munthali|Chipusili Gondwe
Mzimba|S/C Jaravikuba Munthali|Chivalo Kamanga
Mzimba|S/C Jaravikuba Munthali|Chiweteka Gondwe
Mzimba|S/C Jaravikuba Munthali|Dobadoba Ngwira
Mzimba|S/C Jaravikuba Munthali|Filimoni Gama
Mzimba|S/C Jaravikuba Munthali|Golozera Gama
Mzimba|S/C Jaravikuba Munthali|Gudubule Salanda
Mzimba|S/C Jaravikuba Munthali|Jaji Samuel Kanyenda
Mzimba|S/C Jaravikuba Munthali|Jarafi Chandiwira Moyo
Mzimba|S/C Jaravikuba Munthali|Jaravikuba Munthali
Mzimba|S/C Jaravikuba Munthali|Jaravula Chirambo
Mzimba|S/C Jaravikuba Munthali|John Chibaka
Mzimba|S/C Jaravikuba Munthali|Joloti Kamanga
Mzimba|S/C Jaravikuba Munthali|Juma Chirambo
Mzimba|S/C Jaravikuba Munthali|Kachilala Jumbo
Mzimba|S/C Jaravikuba Munthali|Kamukwamba Munthali
Mzimba|S/C Jaravikuba Munthali|Kaphere Simeza
Mzimba|S/C Jaravikuba Munthali|Kaseka Munthali
Mzimba|S/C Jaravikuba Munthali|Kaseka Nyirenda
Mzimba|S/C Jaravikuba Munthali|Kathumba Gondwe
Mzimba|S/C Jaravikuba Munthali|Kaukila Kalua
Mzimba|S/C Jaravikuba Munthali|Kawiya Gondwe
Mzimba|S/C Jaravikuba Munthali|Kayiphangire Kumwenda
Mzimba|S/C Jaravikuba Munthali|Magaga Khonje
Mzimba|S/C Jaravikuba Munthali|Malonje
Mzimba|S/C Jaravikuba Munthali|Malopa Gondwe
Mzimba|S/C Jaravikuba Munthali|Manjawira Msowoya
Mzimba|S/C Jaravikuba Munthali|Mathambo Mtete
Mzimba|S/C Jaravikuba Munthali|Matomola Chirwa
Mzimba|S/C Jaravikuba Munthali|Mbama Gondwe
Mzimba|S/C Jaravikuba Munthali|Mbuluundi Mhango
Mzimba|S/C Jaravikuba Munthali|Mpangavisoti Chirwa
Mzimba|S/C Jaravikuba Munthali|Mpyokasisi
Mzimba|S/C Jaravikuba Munthali|Mtezga Ngwira
Mzimba|S/C Jaravikuba Munthali|Mukulayawo Nyirenda
Mzimba|S/C Jaravikuba Munthali|Mulera Nyirenda
Mzimba|S/C Jaravikuba Munthali|Muvwalira Munthali
Mzimba|S/C Jaravikuba Munthali|Muwamba Nkhambule
Mzimba|S/C Jaravikuba Munthali|Ndembela Nyirenda
Mzimba|S/C Jaravikuba Munthali|Nkhanzimoto Munthali
Mzimba|S/C Jaravikuba Munthali|Nthangwanika Mzumara
Mzimba|S/C Jaravikuba Munthali|Right Makwakwa
Mzimba|S/C Jaravikuba Munthali|Robertson Chavula
Mzimba|S/C Jaravikuba Munthali|Sahani Simeza
Mzimba|S/C Jaravikuba Munthali|Sakasaka Mhango
Mzimba|S/C Jaravikuba Munthali|Samuel Khoswe
Mzimba|S/C Jaravikuba Munthali|Simon Mziwa Msowoya
Mzimba|S/C Jaravikuba Munthali|Themba
Mzimba|S/C Jaravikuba Munthali|Timoni Sewezani Tembo
Mzimba|S/C Jaravikuba Munthali|Ulalo Nyirenda
Mzimba|S/C Jaravikuba Munthali|Wavyenje Gondwe
Mzimba|S/C Jaravikuba Munthali|Wayanila Mkandawire
Mzimba|S/C Jaravikuba Munthali|Yagontha Munthali
Mzimba|S/C Jaravikuba Munthali|Yakobe Golozera Gama
Mzimba|S/C Jaravikuba Munthali|Yavundika Gongwe
Mzimba|S/C Jaravikuba Munthali|Zakeyo Harawa
Mzimba|S/C Jaravikuba Munthali|Zitchoka Chunda
Mzimba|S/C Kampingo Sibande|Aaron Nquamayo
Mzimba|S/C Kampingo Sibande|Amoni Bipa
Mzimba|S/C Kampingo Sibande|Andreya Beza
Mzimba|S/C Kampingo Sibande|Bala Kafazuka
Mzimba|S/C Kampingo Sibande|Bambata
Mzimba|S/C Kampingo Sibande|Bambata Ndhlovu
Mzimba|S/C Kampingo Sibande|Bauleni  Sibande
Mzimba|S/C Kampingo Sibande|Bayane Munyenyembe
Mzimba|S/C Kampingo Sibande|Bera Nyirenda {Johnstone}
Mzimba|S/C Kampingo Sibande|Bibinyu Bipa
Mzimba|S/C Kampingo Sibande|Bilima
Mzimba|S/C Kampingo Sibande|Bohera Trading Centre
Mzimba|S/C Kampingo Sibande|Bondera Nyirenda
Mzimba|S/C Kampingo Sibande|Bota Nyirongo
Mzimba|S/C Kampingo Sibande|Chabayiwa
Mzimba|S/C Kampingo Sibande|Chagunda
Mzimba|S/C Kampingo Sibande|Chakwira
Mzimba|S/C Kampingo Sibande|Chaliwa
Mzimba|S/C Kampingo Sibande|Chande
Mzimba|S/C Kampingo Sibande|Chande Nkhoma
Mzimba|S/C Kampingo Sibande|Changweluka
Mzimba|S/C Kampingo Sibande|Chankhaza
Mzimba|S/C Kampingo Sibande|Chankhaza Ndhlovu
Mzimba|S/C Kampingo Sibande|Chankhaza Ndhlovu {Luhanga}
Mzimba|S/C Kampingo Sibande|Chankhaza Ndhlovu {Singini)
Mzimba|S/C Kampingo Sibande|Chaphazamuka Tembo
Mzimba|S/C Kampingo Sibande|Chaphwatha
Mzimba|S/C Kampingo Sibande|Chauluma Kaunda
Mzimba|S/C Kampingo Sibande|Chazgowela
Mzimba|S/C Kampingo Sibande|Chembezi Kaunda
Mzimba|S/C Kampingo Sibande|Chibabvi Muyaba
Mzimba|S/C Kampingo Sibande|Chibamu Chavura
Mzimba|S/C Kampingo Sibande|Chibavi Muyaba
Mzimba|S/C Kampingo Sibande|Chibavi Muyawa
Mzimba|S/C Kampingo Sibande|Chibisa Chisi
Mzimba|S/C Kampingo Sibande|Chibula
Mzimba|S/C Kampingo Sibande|Chibwaka Trading Centre
Mzimba|S/C Kampingo Sibande|Chibwana
Mzimba|S/C Kampingo Sibande|Chibwana Ndhlovu
Mzimba|S/C Kampingo Sibande|Chibwana Nyangu
Mzimba|S/C Kampingo Sibande|Chidumayo Lusale
Mzimba|S/C Kampingo Sibande|Chidumayo Lusele
Mzimba|S/C Kampingo Sibande|Chikangawa Champhoyo Compound
Mzimba|S/C Kampingo Sibande|Chikangawa Dam Compound
Mzimba|S/C Kampingo Sibande|Chikangawa Main Compound
Mzimba|S/C Kampingo Sibande|Chikangawa Trading Centre
Mzimba|S/C Kampingo Sibande|Chikhwengwe Trading Centre
Mzimba|S/C Kampingo Sibande|Chikombe Tembo
Mzimba|S/C Kampingo Sibande|Chikukula
Mzimba|S/C Kampingo Sibande|Chikukula Msowoya
Mzimba|S/C Kampingo Sibande|Chilangalanga
Mzimba|S/C Kampingo Sibande|Chilenga Zamangwe
Mzimba|S/C Kampingo Sibande|Chimahiya Chimaliro
Mzimba|S/C Kampingo Sibande|Chimayi
Mzimba|S/C Kampingo Sibande|Chimbotela Yiwombe
Mzimba|S/C Kampingo Sibande|Chimimba Mseteka
Mzimba|S/C Kampingo Sibande|Chimimba Nkhata
Mzimba|S/C Kampingo Sibande|Chimwemwe
Mzimba|S/C Kampingo Sibande|Chinganiyiyo Mkunika
Mzimba|S/C Kampingo Sibande|Chinzani Estate
Mzimba|S/C Kampingo Sibande|Chiphamthumba Msachi
Mzimba|S/C Kampingo Sibande|Chiphungu Theu
Mzimba|S/C Kampingo Sibande|Chitezi Tembo
Mzimba|S/C Kampingo Sibande|Dangi Nyirenda
Mzimba|S/C Kampingo Sibande|Daniel Soko
Mzimba|S/C Kampingo Sibande|Daudi
Mzimba|S/C Kampingo Sibande|Daulire Moyo
Mzimba|S/C Kampingo Sibande|David Jere
Mzimba|S/C Kampingo Sibande|David Mumba
Mzimba|S/C Kampingo Sibande|David Sibande
Mzimba|S/C Kampingo Sibande|Dingili
Mzimba|S/C Kampingo Sibande|Efulayimu Nyathi
Mzimba|S/C Kampingo Sibande|Eliasi Nkhambule
Mzimba|S/C Kampingo Sibande|Esau
Mzimba|S/C Kampingo Sibande|Eswazini Trading Centre
Mzimba|S/C Kampingo Sibande|Filimoni Soko
Mzimba|S/C Kampingo Sibande|Fulatela Zungu
Mzimba|S/C Kampingo Sibande|Fulatela Zungu {Mwale}
Mzimba|S/C Kampingo Sibande|Galera Shaba
Mzimba|S/C Kampingo Sibande|Galuka Mbeya
Mzimba|S/C Kampingo Sibande|Gideoni Mwale
Mzimba|S/C Kampingo Sibande|Goba Muyaba
Mzimba|S/C Kampingo Sibande|Gong'ontha
Mzimba|S/C Kampingo Sibande|Gowa Muyaba
Mzimba|S/C Kampingo Sibande|Grandwell Lukhele
Mzimba|S/C Kampingo Sibande|Gulule Kanamalango
Mzimba|S/C Kampingo Sibande|Gunda Mbizi
Mzimba|S/C Kampingo Sibande|Gwayi Trading Centre
Mzimba|S/C Kampingo Sibande|Hannock Beza
Mzimba|S/C Kampingo Sibande|Hannock Lukhele
Mzimba|S/C Kampingo Sibande|Hezekia Nkhambule
Mzimba|S/C Kampingo Sibande|Isaac Khozwa Moyo
Mzimba|S/C Kampingo Sibande|Isake Lungu
Mzimba|S/C Kampingo Sibande|Isake Njikho
Mzimba|S/C Kampingo Sibande|Jailosi Mbuya
Mzimba|S/C Kampingo Sibande|Jakapu Mkandawire
Mzimba|S/C Kampingo Sibande|James Chirwa
Mzimba|S/C Kampingo Sibande|James Lupeska
Mzimba|S/C Kampingo Sibande|James Mbeya
Mzimba|S/C Kampingo Sibande|James Mphande
Mzimba|S/C Kampingo Sibande|James Muhinji
Mzimba|S/C Kampingo Sibande|James Munyenyembe
Mzimba|S/C Kampingo Sibande|Jetu Ziba
Mzimba|S/C Kampingo Sibande|Joseni Munthali
Mzimba|S/C Kampingo Sibande|Joseph Kamanga
Mzimba|S/C Kampingo Sibande|Josephy Mukhala
Mzimba|S/C Kampingo Sibande|Juma Msachi
Mzimba|S/C Kampingo Sibande|Kachelenga
Mzimba|S/C Kampingo Sibande|Kadikeni Phiri
Mzimba|S/C Kampingo Sibande|Kadikeni Trading Centre
Mzimba|S/C Kampingo Sibande|Kadomeka Nyirenda
Mzimba|S/C Kampingo Sibande|Kadomu Banda
Mzimba|S/C Kampingo Sibande|Kadozo Mugutha
Mzimba|S/C Kampingo Sibande|Kaikazinge
Mzimba|S/C Kampingo Sibande|Kajani Muva (Hannock)
Mzimba|S/C Kampingo Sibande|Kajawa Soko
Mzimba|S/C Kampingo Sibande|Kakuni Magompho
Mzimba|S/C Kampingo Sibande|Kakusa Mphande
Mzimba|S/C Kampingo Sibande|Kalidozo Mgatha
Mzimba|S/C Kampingo Sibande|Kalizembe
Mzimba|S/C Kampingo Sibande|Kamangadazi
Mzimba|S/C Kampingo Sibande|Kamangadazi Chirwa
Mzimba|S/C Kampingo Sibande|Kamatang'ombe
Mzimba|S/C Kampingo Sibande|Kamkhwalala Msofi
Mzimba|S/C Kampingo Sibande|Kamkwalala
Mzimba|S/C Kampingo Sibande|Kamoza Nyirenda
Mzimba|S/C Kampingo Sibande|Kampamayiro
Mzimba|S/C Kampingo Sibande|Kamphazi Longwe
Mzimba|S/C Kampingo Sibande|Kamtembanga
Mzimba|S/C Kampingo Sibande|Kamufumbeni Soko
Mzimba|S/C Kampingo Sibande|Kamusombeni
Mzimba|S/C Kampingo Sibande|Kamweko Chabvula
Mzimba|S/C Kampingo Sibande|Kanjani Muva
Mzimba|S/C Kampingo Sibande|Kanowanga
Mzimba|S/C Kampingo Sibande|Kanyahali
Mzimba|S/C Kampingo Sibande|Kanyoko Theu
Mzimba|S/C Kampingo Sibande|Kanzati
Mzimba|S/C Kampingo Sibande|Kapereke Chunga
Mzimba|S/C Kampingo Sibande|Kaphazi Longwe
Mzimba|S/C Kampingo Sibande|Kaphika
Mzimba|S/C Kampingo Sibande|Kapololo Kumwenda
Mzimba|S/C Kampingo Sibande|Kasangazi East Compound
Mzimba|S/C Kampingo Sibande|Kasangazi West Com[ound
Mzimba|S/C Kampingo Sibande|Kashoti Chakazinga
Mzimba|S/C Kampingo Sibande|Kasindi Moyo
Mzimba|S/C Kampingo Sibande|Kasote Banda
Mzimba|S/C Kampingo Sibande|Kastomu Nyirenda
Mzimba|S/C Kampingo Sibande|Katalima
Mzimba|S/C Kampingo Sibande|Katangalika
Mzimba|S/C Kampingo Sibande|Kathibi
Mzimba|S/C Kampingo Sibande|Kaunda
Mzimba|S/C Kampingo Sibande|Kauta Chirwa
Mzimba|S/C Kampingo Sibande|Kayigwazanga
Mzimba|S/C Kampingo Sibande|Kayilange
Mzimba|S/C Kampingo Sibande|Kayima
Mzimba|S/C Kampingo Sibande|Kayiwaze Nyirongo
Mzimba|S/C Kampingo Sibande|Kayoyoska
Mzimba|S/C Kampingo Sibande|Kayuni Nyathi
Mzimba|S/C Kampingo Sibande|Kazuba Nkunika
Mzimba|S/C Kampingo Sibande|Kushite
Mzimba|S/C Kampingo Sibande|Lameck Bondera Nyirenda
Mzimba|S/C Kampingo Sibande|Lameck Lungu
Mzimba|S/C Kampingo Sibande|Lameck Moyo
Mzimba|S/C Kampingo Sibande|Lameck Nyangu
Mzimba|S/C Kampingo Sibande|Lelemba Mkandawire
Mzimba|S/C Kampingo Sibande|Londowera Bota
Mzimba|S/C Kampingo Sibande|Loti Mguntha
Mzimba|S/C Kampingo Sibande|Lufu Tembo
Mzimba|S/C Kampingo Sibande|Lukhele
Mzimba|S/C Kampingo Sibande|Lungu Estate
Mzimba|S/C Kampingo Sibande|Lunjika Trading Centre
Mzimba|S/C Kampingo Sibande|lusangazi Compound
Mzimba|S/C Kampingo Sibande|Lusangazi Mbowe Compound
Mzimba|S/C Kampingo Sibande|Machilika Chirwa
Mzimba|S/C Kampingo Sibande|Madukani
Mzimba|S/C Kampingo Sibande|Maganjira Nkhoma
Mzimba|S/C Kampingo Sibande|Mahuza Mkandawire
Mzimba|S/C Kampingo Sibande|Majipalive Ntheta
Mzimba|S/C Kampingo Sibande|Majoya Mwale
Mzimba|S/C Kampingo Sibande|Makhwanzera
Mzimba|S/C Kampingo Sibande|Malepula Zimba
Mzimba|S/C Kampingo Sibande|Malirenji Trading Centre
Mzimba|S/C Kampingo Sibande|Malisawa
Mzimba|S/C Kampingo Sibande|Malisawa Ndhlovu
Mzimba|S/C Kampingo Sibande|Malivenji
Mzimba|S/C Kampingo Sibande|Manhlulu
Mzimba|S/C Kampingo Sibande|Manoro
Mzimba|S/C Kampingo Sibande|Manzini Tchili
Mzimba|S/C Kampingo Sibande|Masitala Katundu
Mzimba|S/C Kampingo Sibande|Masiwa Soko
Mzimba|S/C Kampingo Sibande|Matehisa Nkhambule
Mzimba|S/C Kampingo Sibande|Matekenya Msachi
Mzimba|S/C Kampingo Sibande|Mateyu
Mzimba|S/C Kampingo Sibande|Mateyu Mkhala
Mzimba|S/C Kampingo Sibande|Mateyu Ngoma
Mzimba|S/C Kampingo Sibande|Matifeyo Mwanza
Mzimba|S/C Kampingo Sibande|Matitima
Mzimba|S/C Kampingo Sibande|Matula
Mzimba|S/C Kampingo Sibande|Matura Ngwira
Mzimba|S/C Kampingo Sibande|Mawala
Mzimba|S/C Kampingo Sibande|Mawerera Tembo
Mzimba|S/C Kampingo Sibande|Mbiriyawaka
Mzimba|S/C Kampingo Sibande|M'bonga Nkhata
Mzimba|S/C Kampingo Sibande|Melamela Ngwira
Mzimba|S/C Kampingo Sibande|Mgando Chirwa
Mzimba|S/C Kampingo Sibande|Mguntha
Mzimba|S/C Kampingo Sibande|Mjuma
Mzimba|S/C Kampingo Sibande|Mkosana Sibande
Mzimba|S/C Kampingo Sibande|Moses Ulemu
Mzimba|S/C Kampingo Sibande|Mosses Thole
Mzimba|S/C Kampingo Sibande|Mphofwa
Mzimba|S/C Kampingo Sibande|Mpinganjira Banda
Mzimba|S/C Kampingo Sibande|Mponda Ngulube
Mzimba|S/C Kampingo Sibande|Mputa (Bob Matanje)
Mzimba|S/C Kampingo Sibande|Msese Compound
Mzimba|S/C Kampingo Sibande|Mseteka
Mzimba|S/C Kampingo Sibande|Mtangatanga Compound
Mzimba|S/C Kampingo Sibande|Mthembo Nkhata
Mzimba|S/C Kampingo Sibande|Mtheto Lubanda
Mzimba|S/C Kampingo Sibande|Mtumbuka
Mzimba|S/C Kampingo Sibande|Mufamuvi Lungu
Mzimba|S/C Kampingo Sibande|Muhowo {Mgontha}
Mzimba|S/C Kampingo Sibande|Mukomakuka
Mzimba|S/C Kampingo Sibande|Mulimu
Mzimba|S/C Kampingo Sibande|Munyehere
Mzimba|S/C Kampingo Sibande|Muswamphira Salamba
Mzimba|S/C Kampingo Sibande|Mwendayekha Chavula
Mzimba|S/C Kampingo Sibande|Mzondi Ndhlovu
Mzimba|S/C Kampingo Sibande|Ndindani
Mzimba|S/C Kampingo Sibande|Ngﾗmbeyavuka Kamanga
Mzimba|S/C Kampingo Sibande|Njongomani
Mzimba|S/C Kampingo Sibande|Njongomani Sibande
Mzimba|S/C Kampingo Sibande|Nkhaniyabo
Mzimba|S/C Kampingo Sibande|Nkhaniyabo Mphande
Mzimba|S/C Kampingo Sibande|Nkhondopera Nyirenda
Mzimba|S/C Kampingo Sibande|Ntaya Chavula
Mzimba|S/C Kampingo Sibande|Nthapangwa Lunda
Mzimba|S/C Kampingo Sibande|Nyakwemba
Mzimba|S/C Kampingo Sibande|Nyamilazi
Mzimba|S/C Kampingo Sibande|Nyankhwemba Munthali
Mzimba|S/C Kampingo Sibande|Nyanyiweni
Mzimba|S/C Kampingo Sibande|Nyeremukabeza
Mzimba|S/C Kampingo Sibande|Nyirongo Mseteka
Mzimba|S/C Kampingo Sibande|Ofaniyeli Ngwayi
Mzimba|S/C Kampingo Sibande|Panganani Nyirenda
Mzimba|S/C Kampingo Sibande|Parker Raod Compound
Mzimba|S/C Kampingo Sibande|Patamu Kamanga
Mzimba|S/C Kampingo Sibande|Pendamazuba Ngulube
Mzimba|S/C Kampingo Sibande|Peter
Mzimba|S/C Kampingo Sibande|Peter Ngwayi
Mzimba|S/C Kampingo Sibande|Peter Yesaya Sibande
Mzimba|S/C Kampingo Sibande|Phillimon Mbizi
Mzimba|S/C Kampingo Sibande|Phiri Chazgowela
Mzimba|S/C Kampingo Sibande|Robert Moyo
Mzimba|S/C Kampingo Sibande|Robertson Kamanga
Mzimba|S/C Kampingo Sibande|Saile Mwandira
Mzimba|S/C Kampingo Sibande|Samuel Mphande
Mzimba|S/C Kampingo Sibande|Samuel Mphepo
Mzimba|S/C Kampingo Sibande|Samuel Sibande
Mzimba|S/C Kampingo Sibande|Samuel Zamangwe
Mzimba|S/C Kampingo Sibande|Saulosi Ndhlovu
Mzimba|S/C Kampingo Sibande|Saulosi Tembo
Mzimba|S/C Kampingo Sibande|Sibande Chingﾇnuleni
Mzimba|S/C Kampingo Sibande|Sibande Samson
Mzimba|S/C Kampingo Sibande|Sikelo Katundu
Mzimba|S/C Kampingo Sibande|Simeon Mguntha
Mzimba|S/C Kampingo Sibande|Simon Nyirenda
Mzimba|S/C Kampingo Sibande|Sitima Nkhambule
Mzimba|S/C Kampingo Sibande|Solomoni
Mzimba|S/C Kampingo Sibande|Sozgabile Mzguli
Mzimba|S/C Kampingo Sibande|Tadeyo Chakwira
Mzimba|S/C Kampingo Sibande|Talizga Ng'oma
Mzimba|S/C Kampingo Sibande|Tegha
Mzimba|S/C Kampingo Sibande|Telinala
Mzimba|S/C Kampingo Sibande|Tembo Banda
Mzimba|S/C Kampingo Sibande|Thandata
Mzimba|S/C Kampingo Sibande|Thangamalanga Thole
Mzimba|S/C Kampingo Sibande|Thomas Chirwa
Mzimba|S/C Kampingo Sibande|Thomas Tchungube
Mzimba|S/C Kampingo Sibande|Thomasi Muhinji
Mzimba|S/C Kampingo Sibande|Thomasi Nyathi
Mzimba|S/C Kampingo Sibande|Timoti Chirwa
Mzimba|S/C Kampingo Sibande|Timoti Zungu
Mzimba|S/C Kampingo Sibande|Unyolo Lungu
Mzimba|S/C Kampingo Sibande|Vukani Lubanda
Mzimba|S/C Kampingo Sibande|Vungama
Mzimba|S/C Kampingo Sibande|Vwalauheni
Mzimba|S/C Kampingo Sibande|Wadenya Tembo
Mzimba|S/C Kampingo Sibande|Watamba Chavula
Mzimba|S/C Kampingo Sibande|Welela Muyaba
Mzimba|S/C Kampingo Sibande|William
Mzimba|S/C Kampingo Sibande|Yakhobe Njakwa
Mzimba|S/C Kampingo Sibande|Yakobe Chisi
Mzimba|S/C Kampingo Sibande|Yakobe Njakwa
Mzimba|S/C Kampingo Sibande|Yeremia Lungu
Mzimba|S/C Kampingo Sibande|Yeremia Mabaso
Mzimba|S/C Kampingo Sibande|Yeremiya Soko
Mzimba|S/C Kampingo Sibande|Yesake Nyasulu
Mzimba|S/C Kampingo Sibande|Yesaya
Mzimba|S/C Kampingo Sibande|Yobe Nkosi
Mzimba|S/C Kampingo Sibande|Yohane Chirwa
Mzimba|S/C Kampingo Sibande|Yotamu Nkhambule
Mzimba|S/C Kampingo Sibande|Zabuloni Kamanga
Mzimba|S/C Kampingo Sibande|Zafaniya Nyirenda
Mzimba|S/C Kampingo Sibande|Zakeyo Chirwa
Mzimba|S/C Kampingo Sibande|Zakeyo Ndobela
Mzimba|S/C Kampingo Sibande|Zakeyu Chima
Mzimba|S/C Kampingo Sibande|Zakhanya
Mzimba|S/C Kampingo Sibande|Zamanga Ndobera
Mzimba|S/C Kampingo Sibande|Zambo Ngulube
Mzimba|S/C Kampingo Sibande|Zamezame Tembo
Mzimba|S/C Kampingo Sibande|Zangengelera Kaunda
Mzimba|S/C Kampingo Sibande|Zawanje
Mzimba|S/C Kampingo Sibande|Zebedia Mhlanga
Mzimba|S/C Kampingo Sibande|Zebediya Mhlanga
Mzimba|S/C Kampingo Sibande|Zebediya Zighili
Mzimba|S/C Kampingo Sibande|Zebela Nkunika
Mzimba|S/C Kampingo Sibande|Zebron Kamanga
Mzimba|S/C Kampingo Sibande|Zeleza Chunga
Mzimba|S/C Kampingo Sibande|Zimama Nyirenda
Mzimba|S/C Kampingo Sibande|Ziyowo Mwale
Mzimba|S/C Kampingo Sibande|Zobani
Mzimba|S/C Kampingo Sibande|Zoto Chavula
Mzimba|S/C Khosolo Gwaza Jere|Aaron
Mzimba|S/C Khosolo Gwaza Jere|Akimu Kanyinji (VH Sitima)
Mzimba|S/C Khosolo Gwaza Jere|Alick Shaba
Mzimba|S/C Khosolo Gwaza Jere|Amoni Shaba
Mzimba|S/C Khosolo Gwaza Jere|Aron Chagonyokera Phiri
Mzimba|S/C Khosolo Gwaza Jere|Baidoni Nyasulu
Mzimba|S/C Khosolo Gwaza Jere|Bemisa
Mzimba|S/C Khosolo Gwaza Jere|Bemisa TC
Mzimba|S/C Khosolo Gwaza Jere|Bemisa Zimba
Mzimba|S/C Khosolo Gwaza Jere|Bisa Phiri
Mzimba|S/C Khosolo Gwaza Jere|Boma Mcheleka
Mzimba|S/C Khosolo Gwaza Jere|Bunyi Kanyinji
Mzimba|S/C Khosolo Gwaza Jere|Chagonyokera Phiri
Mzimba|S/C Khosolo Gwaza Jere|Chagundakuti Nkhata (VH Moffati)
Mzimba|S/C Khosolo Gwaza Jere|Chakwanika
Mzimba|S/C Khosolo Gwaza Jere|Chamaweya
Mzimba|S/C Khosolo Gwaza Jere|Chaulazeru
Mzimba|S/C Khosolo Gwaza Jere|Chauluma Nyirongo
Mzimba|S/C Khosolo Gwaza Jere|Chibaya Shaba
Mzimba|S/C Khosolo Gwaza Jere|Chigumba Estate
Mzimba|S/C Khosolo Gwaza Jere|Chihota
Mzimba|S/C Khosolo Gwaza Jere|Chikulu
Mzimba|S/C Khosolo Gwaza Jere|Chilawo
Mzimba|S/C Khosolo Gwaza Jere|Chiluwilo
Mzimba|S/C Khosolo Gwaza Jere|Chimenya Nkosi
Mzimba|S/C Khosolo Gwaza Jere|Chimpherera
Mzimba|S/C Khosolo Gwaza Jere|Chimphwanya
Mzimba|S/C Khosolo Gwaza Jere|Chimsoslo
Mzimba|S/C Khosolo Gwaza Jere|Chimugonda
Mzimba|S/C Khosolo Gwaza Jere|Chimulu
Mzimba|S/C Khosolo Gwaza Jere|Chimulu Kasenga
Mzimba|S/C Khosolo Gwaza Jere|Chimwemwe Saka
Mzimba|S/C Khosolo Gwaza Jere|Chindevu
Mzimba|S/C Khosolo Gwaza Jere|Chinjati
Mzimba|S/C Khosolo Gwaza Jere|Chinkhuto
Mzimba|S/C Khosolo Gwaza Jere|Chinyamazani Nkosi
Mzimba|S/C Khosolo Gwaza Jere|Chipoyola Nkhoma
Mzimba|S/C Khosolo Gwaza Jere|Chisanjire Nkhoma
Mzimba|S/C Khosolo Gwaza Jere|Chitete
Mzimba|S/C Khosolo Gwaza Jere|Chivwala
Mzimba|S/C Khosolo Gwaza Jere|Chivwala Chirwa
Mzimba|S/C Khosolo Gwaza Jere|Chiweko
Mzimba|S/C Khosolo Gwaza Jere|Chiwerere
Mzimba|S/C Khosolo Gwaza Jere|Chiyembekezo Estate
Mzimba|S/C Khosolo Gwaza Jere|Chizani Nkosi
Mzimba|S/C Khosolo Gwaza Jere|Chowezga Manda
Mzimba|S/C Khosolo Gwaza Jere|Daimon Saka
Mzimba|S/C Khosolo Gwaza Jere|Damaseke
Mzimba|S/C Khosolo Gwaza Jere|Daniel Mithi
Mzimba|S/C Khosolo Gwaza Jere|Doroba Estate
Mzimba|S/C Khosolo Gwaza Jere|Dunduzu Banda
Mzimba|S/C Khosolo Gwaza Jere|Dwambazi Forest Camp
Mzimba|S/C Khosolo Gwaza Jere|Eliya Saka
Mzimba|S/C Khosolo Gwaza Jere|Eliyamu Chirwa
Mzimba|S/C Khosolo Gwaza Jere|Estate
Mzimba|S/C Khosolo Gwaza Jere|Feluzi
Mzimba|S/C Khosolo Gwaza Jere|Fwambi Mvula
Mzimba|S/C Khosolo Gwaza Jere|Galang'ombe
Mzimba|S/C Khosolo Gwaza Jere|Galanthi
Mzimba|S/C Khosolo Gwaza Jere|Gidion
Mzimba|S/C Khosolo Gwaza Jere|Gonani Banda
Mzimba|S/C Khosolo Gwaza Jere|Gwazeni
Mzimba|S/C Khosolo Gwaza Jere|Hocho Kamanga
Mzimba|S/C Khosolo Gwaza Jere|Jaji Makoje
Mzimba|S/C Khosolo Gwaza Jere|Jandalala
Mzimba|S/C Khosolo Gwaza Jere|Jandalala Lubanga
Mzimba|S/C Khosolo Gwaza Jere|January Chirwa
Mzimba|S/C Khosolo Gwaza Jere|Jenjena Kasenga
Mzimba|S/C Khosolo Gwaza Jere|John Nkosi
Mzimba|S/C Khosolo Gwaza Jere|Jompha
Mzimba|S/C Khosolo Gwaza Jere|Judge Mithi
Mzimba|S/C Khosolo Gwaza Jere|Julius Shaba
Mzimba|S/C Khosolo Gwaza Jere|Kabalamula
Mzimba|S/C Khosolo Gwaza Jere|Kabiti Chirwa
Mzimba|S/C Khosolo Gwaza Jere|Kabiti Zawanda
Mzimba|S/C Khosolo Gwaza Jere|Kabwereni
Mzimba|S/C Khosolo Gwaza Jere|Kachindamoto Phiri
Mzimba|S/C Khosolo Gwaza Jere|Kacholola
Mzimba|S/C Khosolo Gwaza Jere|Kagona
Mzimba|S/C Khosolo Gwaza Jere|Kajawa Chisi
Mzimba|S/C Khosolo Gwaza Jere|Kajowola
Mzimba|S/C Khosolo Gwaza Jere|Kamanga Njala
Mzimba|S/C Khosolo Gwaza Jere|Kambalame (Kajipete)
Mzimba|S/C Khosolo Gwaza Jere|Kamenda
Mzimba|S/C Khosolo Gwaza Jere|Kamgwadili
Mzimba|S/C Khosolo Gwaza Jere|Kamkanda(VH Moffati)
Mzimba|S/C Khosolo Gwaza Jere|Kampote
Mzimba|S/C Khosolo Gwaza Jere|Kamtchayeni
Mzimba|S/C Khosolo Gwaza Jere|Kamuzingeni
Mzimba|S/C Khosolo Gwaza Jere|Kamwaza
Mzimba|S/C Khosolo Gwaza Jere|Kanjuchi TC
Mzimba|S/C Khosolo Gwaza Jere|Kantalala Banda
Mzimba|S/C Khosolo Gwaza Jere|Kapaika
Mzimba|S/C Khosolo Gwaza Jere|Kaphika
Mzimba|S/C Khosolo Gwaza Jere|Kapindula Nyirongo
Mzimba|S/C Khosolo Gwaza Jere|Kapulupula
Mzimba|S/C Khosolo Gwaza Jere|Kasankha
Mzimba|S/C Khosolo Gwaza Jere|Katewere Chirwa
Mzimba|S/C Khosolo Gwaza Jere|Katimba
Mzimba|S/C Khosolo Gwaza Jere|Katope Estate
Mzimba|S/C Khosolo Gwaza Jere|Kausku Ng'oma
Mzimba|S/C Khosolo Gwaza Jere|Kazionani
Mzimba|S/C Khosolo Gwaza Jere|Khongwa
Mzimba|S/C Khosolo Gwaza Jere|Khosolo TC
Mzimba|S/C Khosolo Gwaza Jere|Khuni
Mzimba|S/C Khosolo Gwaza Jere|Kolaoko
Mzimba|S/C Khosolo Gwaza Jere|Lameck Hara
Mzimba|S/C Khosolo Gwaza Jere|Loti
Mzimba|S/C Khosolo Gwaza Jere|Loti Chirwa
Mzimba|S/C Khosolo Gwaza Jere|Lukhumba Zimba
Mzimba|S/C Khosolo Gwaza Jere|Lukhwamba Banda
Mzimba|S/C Khosolo Gwaza Jere|Lunkhumba Nkhata
Mzimba|S/C Khosolo Gwaza Jere|Luweta
Mzimba|S/C Khosolo Gwaza Jere|Mabena
Mzimba|S/C Khosolo Gwaza Jere|Majiga Estate
Mzimba|S/C Khosolo Gwaza Jere|Majonthi Kamanga
Mzimba|S/C Khosolo Gwaza Jere|Makhuwira
Mzimba|S/C Khosolo Gwaza Jere|Makopala Hara
Mzimba|S/C Khosolo Gwaza Jere|Malaula Phiri
Mzimba|S/C Khosolo Gwaza Jere|Mankhangala
Mzimba|S/C Khosolo Gwaza Jere|Mapila Shaba
Mzimba|S/C Khosolo Gwaza Jere|Matchonisa Chipeta
Mzimba|S/C Khosolo Gwaza Jere|Matomola
Mzimba|S/C Khosolo Gwaza Jere|Mbulawa Jere
Mzimba|S/C Khosolo Gwaza Jere|Mlaka
Mzimba|S/C Khosolo Gwaza Jere|Mnundwe
Mzimba|S/C Khosolo Gwaza Jere|Mofati
Mzimba|S/C Khosolo Gwaza Jere|Moses Kamanga
Mzimba|S/C Khosolo Gwaza Jere|Mphili Longwe
Mzimba|S/C Khosolo Gwaza Jere|Msese Coffee Factory
Mzimba|S/C Khosolo Gwaza Jere|Msese TC
Mzimba|S/C Khosolo Gwaza Jere|Mtenje
Mzimba|S/C Khosolo Gwaza Jere|Mthibula Nkhoma
Mzimba|S/C Khosolo Gwaza Jere|Mungalozi
Mzimba|S/C Khosolo Gwaza Jere|Muyombe Chirwa
Mzimba|S/C Khosolo Gwaza Jere|Muzondi Hara
Mzimba|S/C Khosolo Gwaza Jere|Mwazama
Mzimba|S/C Khosolo Gwaza Jere|Mwenya
Mzimba|S/C Khosolo Gwaza Jere|Mwenye
Mzimba|S/C Khosolo Gwaza Jere|Myongozeka
Mzimba|S/C Khosolo Gwaza Jere|Mzoma Kaunda
Mzimba|S/C Khosolo Gwaza Jere|Njakwa C phiri
Mzimba|S/C Khosolo Gwaza Jere|Njakwa M. phiri
Mzimba|S/C Khosolo Gwaza Jere|Njakwa TC
Mzimba|S/C Khosolo Gwaza Jere|Nkhuku
Mzimba|S/C Khosolo Gwaza Jere|Nkhwangwi Estate
Mzimba|S/C Khosolo Gwaza Jere|Nkhwelulila
Mzimba|S/C Khosolo Gwaza Jere|Ntamablika
Mzimba|S/C Khosolo Gwaza Jere|Ntangala
Mzimba|S/C Khosolo Gwaza Jere|Nyungwi
Mzimba|S/C Khosolo Gwaza Jere|Paraffin
Mzimba|S/C Khosolo Gwaza Jere|Pathengo Mithi
Mzimba|S/C Khosolo Gwaza Jere|Petros
Mzimba|S/C Khosolo Gwaza Jere|Saryele Mithi
Mzimba|S/C Khosolo Gwaza Jere|Satiyele Tembo
Mzimba|S/C Khosolo Gwaza Jere|Satiyere Jere
Mzimba|S/C Khosolo Gwaza Jere|Satiyeri
Mzimba|S/C Khosolo Gwaza Jere|Seseli Nkhoma
Mzimba|S/C Khosolo Gwaza Jere|Shafuta
Mzimba|S/C Khosolo Gwaza Jere|Sitima
Mzimba|S/C Khosolo Gwaza Jere|Sokalankhuku
Mzimba|S/C Khosolo Gwaza Jere|Solomon Jere
Mzimba|S/C Khosolo Gwaza Jere|Sumangwaani (VH Chitete)
Mzimba|S/C Khosolo Gwaza Jere|Tambala
Mzimba|S/C Khosolo Gwaza Jere|Tanayele
Mzimba|S/C Khosolo Gwaza Jere|Tchabani Kamanga
Mzimba|S/C Khosolo Gwaza Jere|Thomasi Tembo
Mzimba|S/C Khosolo Gwaza Jere|Tiyezge Banda
Mzimba|S/C Khosolo Gwaza Jere|Ulaya Moyo
Mzimba|S/C Khosolo Gwaza Jere|Unyolo
Mzimba|S/C Khosolo Gwaza Jere|Vilimunthumbo
Mzimba|S/C Khosolo Gwaza Jere|Vwatu Saka
Mzimba|S/C Khosolo Gwaza Jere|Wadazi Phiri
Mzimba|S/C Khosolo Gwaza Jere|Washa
Mzimba|S/C Khosolo Gwaza Jere|Wayihola Phiri
Mzimba|S/C Khosolo Gwaza Jere|Yefeti Chipeta
Mzimba|S/C Khosolo Gwaza Jere|Yezgani Estate
Mzimba|S/C Khosolo Gwaza Jere|Zakeyo Hara
Mzimba|S/C Khosolo Gwaza Jere|Zakeyo Makwerero Banda
Mzimba|S/C Khosolo Gwaza Jere|Zebediya Nyirenda
Mzimba|S/C Khosolo Gwaza Jere|Zekeria Zinthonga
Mzimba|S/C Khosolo Gwaza Jere|Zekeria Zintonga
Mzimba|S/C Khosolo Gwaza Jere|Zikomo Estate
Mzimba|S/C Khosolo Gwaza Jere|Zimwanda
Mzuzu City|Chasefu Ward|Chimaliro Road Houses
Mzuzu City|Chasefu Ward|St Johns  Houses
Mzuzu City|Chasefu Ward|St Peters Fathers Houses
Mzuzu City|Chasefu Ward|St Peters sisters Houses
Mzuzu City|Chasefu Ward|Teachers houses
Mzuzu City|Chasefu Ward|Upper Chasefu
Mzuzu City|Chiputula Ward|Beza
Mzuzu City|Chiputula Ward|Chibanja Location
Mzuzu City|Chiputula Ward|Chibanja Staff Houses
Mzuzu City|Chiputula Ward|Chibanja Trading Centre
Mzuzu City|Chiputula Ward|Ching'ambo location
Mzuzu City|Chiputula Ward|Chiputula location
Mzuzu City|Chiputula Ward|Chirwa
Mzuzu City|Chiputula Ward|Katubwi
Mzuzu City|Chiputula Ward|Katwa Location
Mzuzu City|Chiputula Ward|Kumatchayinizi
Mzuzu City|Chiputula Ward|Lower Zolozolo Location
Mzuzu City|Chiputula Ward|Mdenga
Mzuzu City|Chiputula Ward|Mzumara
Mzuzu City|Chiputula Ward|Nkhata
Mzuzu City|Chiputula Ward|Nya Jere Mughogho
Mzuzu City|Chiputula Ward|Salisbury Lines
Mzuzu City|Chiputula Ward|Zolozolo West location
Mzuzu City|Jombo Ward|Malawi Housing Lines
Mzuzu City|Jombo Ward|Police Lines
Mzuzu City|Kaning'ina Ward|Agriculture Training Centre
Mzuzu City|Kaning'ina Ward|Kaning'ina Lines
Mzuzu City|Kaning'ina Ward|Kaning'ina Watter staff Houses
Mzuzu City|Kaning'ina Ward|M.B.C Lines
Mzuzu City|Kaning'ina Ward|Moyale Barracks Houses
Mzuzu City|Kaning'ina Ward|Mtwalo Flats
Mzuzu City|Kaning'ina Ward|Mzuzu Bouster Government B
Mzuzu City|Kaning'ina Ward|Mzuzu Government teachers houses
Mzuzu City|Kaning'ina Ward|Mzuzu Staff Houses
Mzuzu City|Kaning'ina Ward|Sewage Lines
Mzuzu City|Katawa Ward|Katawa Location
Mzuzu City|Katawa Ward|Mary Mount Staff houses Location
Mzuzu City|Katawa Ward|Mount Rosa Location
Mzuzu City|Katawa Ward|Shire Location
Mzuzu City|Katawa Ward|Small Holder Location
Mzuzu City|Katoto Ward|Chikundula (Bazale
Mzuzu City|Katoto Ward|Chisi
Mzuzu City|Katoto Ward|Gezamgomo
Mzuzu City|Katoto Ward|Hill Top Location
Mzuzu City|Katoto Ward|Isaac Mwale (Chiku
Mzuzu City|Katoto Ward|Katadzuka (Kaboko
Mzuzu City|Katoto Ward|Katoto New Lines
Mzuzu City|Katoto Ward|Kawuwa
Mzuzu City|Katoto Ward|Lands Houses (Katoto 1)
Mzuzu City|Katoto Ward|Luhanga (V/H Chisi
Mzuzu City|Katoto Ward|Mapale Location
Mzuzu City|Katoto Ward|MRA Staff Houses
Mzuzu City|Katoto Ward|MTL Staff Houses
Mzuzu City|Katoto Ward|MZADD
Mzuzu City|Katoto Ward|Nthala (V/H Chisi)
Mzuzu City|Katoto Ward|Old Katoto Houses
Mzuzu City|Katoto Ward|Old Katoto Lines
Mzuzu City|Katoto Ward|Prison Staff House
Mzuzu City|Katoto Ward|SOS Location
Mzuzu City|Katoto Ward|Works Staff Houses
Mzuzu City|Lupaso Ward|Baidoni (Ngulube)
Mzuzu City|Lupaso Ward|Bobo Mkandawire
Mzuzu City|Lupaso Ward|Bokosi Chirwa
Mzuzu City|Lupaso Ward|Bulamsaka Manda
Mzuzu City|Lupaso Ward|Chidongo Nyirongo
Mzuzu City|Lupaso Ward|Chikwati
Mzuzu City|Lupaso Ward|Chimbala
Mzuzu City|Lupaso Ward|Chinganganga
Mzuzu City|Lupaso Ward|Chinganganga Staff houses
Mzuzu City|Lupaso Ward|Chinyuwa Nkhata
Mzuzu City|Lupaso Ward|Chunda
Mzuzu City|Lupaso Ward|Dunduzu Water Board Houses
Mzuzu City|Lupaso Ward|Giliyedi Kayira
Mzuzu City|Lupaso Ward|Hadson Singini
Mzuzu City|Lupaso Ward|Hara
Mzuzu City|Lupaso Ward|Hopoka
Mzuzu City|Lupaso Ward|Kafwiri
Mzuzu City|Lupaso Ward|Kalonga Manda
Mzuzu City|Lupaso Ward|Kamangilira Jere
Mzuzu City|Lupaso Ward|Kangawakako
Mzuzu City|Lupaso Ward|Kathemba Mkandawire
Mzuzu City|Lupaso Ward|Lupaso Low Cost Houses
Mzuzu City|Lupaso Ward|Mafuta
Mzuzu City|Lupaso Ward|Makhumbira Msiska
Mzuzu City|Lupaso Ward|Matemanga
Mzuzu City|Lupaso Ward|Mateyu Mhango
Mzuzu City|Lupaso Ward|Mbidzi
Mzuzu City|Lupaso Ward|Mgomphola
Mzuzu City|Lupaso Ward|Mphaniso
Mzuzu City|Lupaso Ward|Msowoya
Mzuzu City|Lupaso Ward|Mzaza
Mzuzu City|Lupaso Ward|Mzumara
Mzuzu City|Lupaso Ward|Pondaponda
Mzuzu City|Lupaso Ward|Sewege
Mzuzu City|Lupaso Ward|Singini
Mzuzu City|Lupaso Ward|Towela
Mzuzu City|Lupaso Ward|Towela [ Nicolas Lines
Mzuzu City|Lupaso Ward|Virume Nyirongo
Mzuzu City|Lupaso Ward|Wayinga  Singini
Mzuzu City|Lupaso Ward|Wayinga Singini
Mzuzu City|Lupaso Ward|Wilson Moyo
Mzuzu City|Lupaso Ward|Yambose Chikoya
Mzuzu City|Masasa Ward|Chimaliro ST Johns Staff Houses
Mzuzu City|Masasa Ward|Fare Cloth Location
Mzuzu City|Masasa Ward|Gulliver Location
Mzuzu City|Masasa Ward|Matete Location
Mzuzu City|Mchengautuwa Ward|Banda
Mzuzu City|Mchengautuwa Ward|Chibavi Location
Mzuzu City|Mchengautuwa Ward|Chibavi MHC Houses
Mzuzu City|Mchengautuwa Ward|Chibavi Trading Center
Mzuzu City|Mchengautuwa Ward|Gondwe
Mzuzu City|Mchengautuwa Ward|Kanyinji
Mzuzu City|Mchengautuwa Ward|Katoto  Staff houses
Mzuzu City|Mchengautuwa Ward|Katoto Coffe Estate
Mzuzu City|Mchengautuwa Ward|Katoto Mzuzu Dioces Houses
Mzuzu City|Mchengautuwa Ward|Longwe
Mzuzu City|Mchengautuwa Ward|Mbwangandu
Mzuzu City|Mchengautuwa Ward|Mchengautuwa
Mzuzu City|Mchengautuwa Ward|Ncheleko
Mzuzu City|Mchengautuwa Ward|Target Trading Center
Mzuzu City|Mchengautuwa Ward|Tha Houses
Mzuzu City|Mchengautuwa Ward|Zanazoni
Mzuzu City|Msongwe Ward|Chapongolera
Mzuzu City|Msongwe Ward|Chibeti
Mzuzu City|Msongwe Ward|Chibwatiko
Mzuzu City|Msongwe Ward|Chipimbininga
Mzuzu City|Msongwe Ward|Kaliuwuro
Mzuzu City|Msongwe Ward|Khunga
Mzuzu City|Msongwe Ward|Mafuta
Mzuzu City|Msongwe Ward|Mnyoka
Mzuzu City|Msongwe Ward|Msongwe
Mzuzu City|Msongwe Ward|Mwandira
Mzuzu City|Msongwe Ward|State Lodge
Mzuzu City|Msongwe Ward|Wadosoka
Mzuzu City|Msongwe Ward|Works Camp
Mzuzu City|Mzilawayingwe Ward|Chasefu Location
Mzuzu City|Mzilawayingwe Ward|Muzilawayingwe Location
Mzuzu City|Mzilawayingwe Ward|Muzilawayingwe MHC Houses
Mzuzu City|New Airport Site|Chindere
Mzuzu City|New Airport Site|Chindere Luhanga
Mzuzu City|New Airport Site|Chirwa
Mzuzu City|New Airport Site|Gazi Compound
Mzuzu City|New Airport Site|Geisha Trading Centre
Mzuzu City|New Airport Site|Kachonga
Mzuzu City|New Airport Site|Kafota
Mzuzu City|New Airport Site|Kalimandanda Chiumia
Mzuzu City|New Airport Site|Kamweko Chavula
Mzuzu City|New Airport Site|Lusangadzi
Mzuzu City|New Airport Site|LusangadziOrphans Hostel
Mzuzu City|New Airport Site|Mkandawire
Mzuzu City|New Airport Site|Mmphoka
Mzuzu City|New Airport Site|Mpaka
Mzuzu City|New Airport Site|Mtonga
Mzuzu City|New Airport Site|Ndau
Mzuzu City|New Airport Site|Ndhlovu Kachonga
Mzuzu City|New Airport Site|Nyika
Mzuzu City|New Airport Site|Sonda
Mzuzu City|New Airport Site|Yabvundika
Mzuzu City|New Airport Site|Yakobe Thika
Mzuzu City|New Airport Site|Zatuba
Mzuzu City|Nkhorongo Ward|Bibinya
Mzuzu City|Nkhorongo Ward|Chiumia
Mzuzu City|Nkhorongo Ward|Chivunangoma
Mzuzu City|Nkhorongo Ward|Galang'ombe
Mzuzu City|Nkhorongo Ward|Galang'ombe [Nyasulu Estate]
Mzuzu City|Nkhorongo Ward|Galang'ombe Residential Area
Mzuzu City|Nkhorongo Ward|Gonamwazi
Mzuzu City|Nkhorongo Ward|Kafwili
Mzuzu City|Nkhorongo Ward|Kamunkhoti
Mzuzu City|Nkhorongo Ward|Makula
Mzuzu City|Nkhorongo Ward|Malaya  Nkhata
Mzuzu City|Nkhorongo Ward|Manda
Mzuzu City|Nkhorongo Ward|Mbeya
Mzuzu City|Nkhorongo Ward|Mhone
Mzuzu City|Nkhorongo Ward|Mnhalanga
Mzuzu City|Nkhorongo Ward|Msukwa
Mzuzu City|Nkhorongo Ward|Mudilira Tembo
Mzuzu City|Nkhorongo Ward|Munyonga
Mzuzu City|Nkhorongo Ward|Mzemba
Mzuzu City|Nkhorongo Ward|Ngoma
Mzuzu City|Nkhorongo Ward|Nkhambule
Mzuzu City|Nkhorongo Ward|Nkhata
Mzuzu City|Nkhorongo Ward|Sabayeka
Mzuzu City|Nkhorongo Ward|Vilumi
Mzuzu City|Vipya Ward|Abelo
Mzuzu City|Vipya Ward|Chifwaye ( V/H Mafuta)
Mzuzu City|Vipya Ward|Chikundura
Mzuzu City|Vipya Ward|Chirwa (V/H Mafuta)
Mzuzu City|Vipya Ward|Dekezga
Mzuzu City|Vipya Ward|Esau Banda
Mzuzu City|Vipya Ward|Gezamgomo
Mzuzu City|Vipya Ward|Harawa  Kuyokwa
Mzuzu City|Vipya Ward|Kamchibazi
Mzuzu City|Vipya Ward|Kayira (V/H Mafuta)
Mzuzu City|Vipya Ward|Kowelani
Mzuzu City|Vipya Ward|Mafuta
Mzuzu City|Vipya Ward|Mapale
Mzuzu City|Vipya Ward|Masasa
Mzuzu City|Vipya Ward|Matula
Mzuzu City|Vipya Ward|Mbiriyawaka
Mzuzu City|Vipya Ward|Mgodi
Mzuzu City|Vipya Ward|Mgondoyi
Mzuzu City|Vipya Ward|Mkupa
Mzuzu City|Vipya Ward|Munyoka
Mzuzu City|Vipya Ward|Mzembe
Mzuzu City|Vipya Ward|Mziya
Mzuzu City|Vipya Ward|Ngwira(Msongwe)
Mzuzu City|Vipya Ward|Nkhalapya
Mzuzu City|Vipya Ward|Pamanda Mnthali
Mzuzu City|Vipya Ward|Peter Mwale
Mzuzu City|Vipya Ward|Samwili
Mzuzu City|Vipya Ward|Scoche Nyirenda
Mzuzu City|Vipya Ward|Tambalale
Mzuzu City|Vipya Ward|Ziba(V/H Mafuta)
Mzuzu City|Vipya Ward|Zwangendaba
Mzuzu City|Zolozolo Ward|Fathers Houses
Mzuzu City|Zolozolo Ward|Junior Staff Houses
Mzuzu City|Zolozolo Ward|Kavuwa Farm
Mzuzu City|Zolozolo Ward|Kito Farm
Mzuzu City|Zolozolo Ward|Lunyangwa Lines
Mzuzu City|Zolozolo Ward|Lunyangwa Livestock Compound
Mzuzu City|Zolozolo Ward|Lunyangwa Senior Staff Houses
Mzuzu City|Zolozolo Ward|Manela farm
Mzuzu City|Zolozolo Ward|Mrs Mangochi  Farm
Mzuzu City|Zolozolo Ward|Muganthila Teachers's houses
Mzuzu City|Zolozolo Ward|Mzuzu Technical  Staff Houses
Mzuzu City|Zolozolo Ward|Ng'oma
Mzuzu City|Zolozolo Ward|Ng'oma Lwana Farm
Mzuzu City|Zolozolo Ward|Nhlema Farm
Mzuzu City|Zolozolo Ward|Nkhanozge farm
Mzuzu City|Zolozolo Ward|School Lines
Mzuzu City|Zolozolo Ward|Zolozolo Lines
Neno|Chekucheku|Chapingasa
Neno|Chekucheku|Chekucheku
Neno|Chekucheku|Chidakwani
Neno|Chekucheku|Chifenthe
Neno|Chekucheku|Chikonde
Neno|Chekucheku|Chilombo 1
Neno|Chekucheku|Chilombo 2
Neno|Chekucheku|Chilombo 3
Neno|Chekucheku|Chimphonda
Neno|Chekucheku|Chinchembere
Neno|Chekucheku|Chirombo I
Neno|Chekucheku|Convic CBO
Neno|Chekucheku|Donda 1
Neno|Chekucheku|Donda 2
Neno|Chekucheku|Donda 3
Neno|Chekucheku|Donda 4
Neno|Chekucheku|Galeta 1
Neno|Chekucheku|Galeta 2
Neno|Chekucheku|Galeta 3
Neno|Chekucheku|George
Neno|Chekucheku|Herani
Neno|Chekucheku|Hiwa 1
Neno|Chekucheku|Hiwa 2
Neno|Chekucheku|Hiwa 3
Neno|Chekucheku|Kachere
Neno|Chekucheku|Kalupsya 1
Neno|Chekucheku|Kalupsya 2
Neno|Chekucheku|Kambale
Neno|Chekucheku|Kamoto 2
Neno|Chekucheku|Kamwamba
Neno|Chekucheku|Katoleza
Neno|Chekucheku|Khamalatha Farm
Neno|Chekucheku|Khokwe Estate
Neno|Chekucheku|Kundembo
Neno|Chekucheku|Litchowa
Neno|Chekucheku|Lumbe
Neno|Chekucheku|Makupe
Neno|Chekucheku|Manyoni
Neno|Chekucheku|Matandani
Neno|Chekucheku|Matemba
Neno|Chekucheku|M'bawa
Neno|Chekucheku|Mkwaila
Neno|Chekucheku|Mmola
Neno|Chekucheku|Mpachika
Neno|Chekucheku|Mpakati 1
Neno|Chekucheku|Mpakati 2
Neno|Chekucheku|Mpungula
Neno|Symon|Mwetang'ombe Trading
Neno|Chekucheku|Neno Boma
Neno|Chekucheku|Ngozi
Neno|Chekucheku|Nkhukuzalila
Neno|Chekucheku|Nsenjere
Neno|Chekucheku|Peter
Neno|Chekucheku|Sekani
Neno|Chekucheku|Seleman
Neno|Chekucheku|Sinosi
Neno|Chekucheku|Thonje Estate
Neno|Chekucheku|Tiyese
Neno|Chekucheku|Weja
Neno|Dambe|William
Neno|Chekucheku|Wilson
Neno|Chekucheku|Wilson Farm
Neno|Dambe|Bello
Neno|Dambe|Benalita
Neno|Dambe|Chakhumbira 1
Neno|Dambe|Chakulembera
Neno|Dambe|Chatulukira
Neno|Dambe|Chifenthe
Neno|Dambe|Chikalema
Neno|Dambe|Chikhali
Neno|Dambe|Chikungulu
Neno|Dambe|Chimbalanga 1
Neno|Dambe|Chimbalanga 2
Neno|Dambe|Chinkhali
Neno|Dambe|Chinyani
Neno|Dambe|Chiomba 1
Neno|Dambe|Chiomba 2
Neno|Dambe|Chipapa
Neno|Dambe|Chitibule
Neno|Dambe|Chiyembekeza
Neno|Dambe|Dambe
Neno|Dambe|Everson
Neno|Symon|Gawaza
Neno|Mlauli|Gladston
Neno|Dambe|Golden
Neno|Mlauli|Gwetsere
Neno|Dambe|Haindi
Neno|Dambe|Hauya
Neno|Dambe|Ikalasi
Neno|Dambe|Kaduka
Neno|Dambe|Kadzanje
Neno|Dambe|Kadzidzi
Neno|Dambe|Kagona
Neno|Dambe|Kaguza
Neno|Dambe|Kaingilila
Neno|Dambe|Kakhuta
Neno|Dambe|Kalimezako 1
Neno|Dambe|Kalimezako 2
Neno|Dambe|Kam'mangeni
Neno|Dambe|Kamoto 1
Neno|Dambe|Kamoto 2
Neno|Dambe|Kamwiri
Neno|Dambe|Kanangwanji
Neno|Dambe|Kanjadza
Neno|Dambe|Khomera
Neno|Dambe|Kufule
Neno|Dambe|Kumbwani
Neno|Dambe|Kumpika
Neno|Dambe|Kundembo
Neno|Mlauli|Kundudza
Neno|Dambe|Kuziona
Neno|Dambe|Kweneza
Neno|Dambe|Leketa
Neno|Dambe|Ligomeka
Neno|Dambe|Makwangwala
Neno|Dambe|Malumo
Neno|Dambe|Masamba
Neno|Dambe|Matemba
Neno|Dambe|Matengo
Neno|Dambe|M'mora
Neno|Dambe|Moffati
Neno|Dambe|Mpachawaine
Neno|Dambe|Mposadala
Neno|Dambe|Mtemankhawa
Neno|Dambe|Namandwa
Neno|Dambe|Namaundi
Neno|Dambe|Nandaya
Neno|Dambe|Ndoma
Neno|Dambe|Neno Parish
Neno|Dambe|Nkhwewa
Neno|Dambe|Nkulumadzi Estate
Neno|Dambe|Nsambe
Neno|Dambe|Nseula
Neno|Dambe|Ntaja
Neno|Dambe|Nyakoko 1
Neno|Dambe|Nyakoko 2
Neno|Dambe|Samson
Neno|Dambe|Soka
Neno|Dambe|Somanje Estate
Neno|Dambe|Takuonani
Neno|Dambe|Teketeke
Neno|Dambe|Tsabola
Neno|Dambe|Tsenjerani
Neno|Dambe|Zidana
Neno|Mlauli|Bauleni
Neno|Mlauli|Benito
Neno|Mlauli|Butao 1
Neno|Mlauli|Butao 2
Neno|Mlauli|Butao 3
Neno|Mlauli|Chagwaudyo
Neno|Mlauli|Chaonda
Neno|Mlauli|Chapita
Neno|Mlauli|Chasesa
Neno|Mlauli|Chifunga
Neno|Mlauli|Chikungulu
Neno|Mlauli|Chimpazi
Neno|Mlauli|Chiyanjano CBO
Neno|Mlauli|Daelo 1
Neno|Mlauli|Daelo 2
Neno|Mlauli|Damisoni Farm
Neno|Mlauli|Daudi 1
Neno|Mlauli|Daudi 2
Neno|Mlauli|Dzikolatha
Neno|Mlauli|Dzomodya 1
Neno|Mlauli|Dzomodya 2
Neno|Mlauli|Felemu
Neno|Mlauli|Galeta 1
Neno|Mlauli|Galeta 2
Neno|Mlauli|Gonthi
Neno|Mlauli|Jonathan
Neno|Mlauli|July
Neno|Mlauli|Kalinde 1
Neno|Mlauli|Kalinde 2
Neno|Mlauli|Kambalame
Neno|Mlauli|Kantuwale
Neno|Mlauli|Kazunga
Neno|Mlauli|Kumpakiza
Neno|Mlauli|Leveni
Neno|Mlauli|Ligowe
Neno|Mlauli|Magaleta
Neno|Mlauli|Makanani
Neno|Mlauli|Manyani
Neno|Mlauli|Masache
Neno|Mlauli|Matemba
Neno|Mlauli|Mbilizi
Neno|Mlauli|Mlauli
Neno|Mlauli|Mlekandodo Farm
Neno|Mlauli|Mponda Farm
Neno|Mlauli|Msalawatha
Neno|Mlauli|Mvala
Neno|Mlauli|Mwandaza 1
Neno|Mlauli|Mwandaza 2
Neno|Mlauli|Neno Turn Off Trading Centre
Neno|Mlauli|Nicholas
Neno|Mlauli|Nsalawatha
Neno|Mlauli|Sanza
Neno|Mlauli|Sekani
Neno|Mlauli|Tafere Farm
Neno|Mlauli|Tundudze
Neno|Mlauli|Zidala
Neno|Mlauli|Zigwa
Neno|Symon|Chikapa
Neno|Symon|Chikwekwe
Neno|Symon|Chilaladzi
Neno|Symon|Chimkwita
Neno|Symon|Chimpaka
Neno|Symon|Chinkhata
Neno|Symon|Chiphaka
Neno|Symon|Chitsime Farm
Neno|Symon|Chivuta
Neno|Symon|Funsani 1
Neno|Symon|Funsani 2
Neno|Symon|Funsani Trading Centre
Neno|Symon|Gangitsa
Neno|Symon|George
Neno|Symon|Ginnery Trading Centre
Neno|Symon|Gobede
Neno|Symon|Joseph Matakopanja
Neno|Symon|Josephy
Neno|Symon|Kachingwe
Neno|Symon|Kaligwenjere
Neno|Symon|Kammwamba
Neno|Symon|Kandoje
Neno|Symon|Kang'ombe
Neno|Symon|Kanono
Neno|Symon|Kanselu
Neno|Symon|Kanzandi
Neno|Symon|Kasamba 1
Neno|Symon|Kasamba 2
Neno|Symon|Kholombidzo Trading Centre
Neno|Symon|Kokha Farm
Neno|Symon|Lembani
Neno|Symon|Limani
Neno|Symon|Lisungwi
Neno|Symon|Liyenda
Neno|Symon|Magona
Neno|Symon|Makali Farm
Neno|Symon|Manondo 1
Neno|Symon|Manondo 2
Neno|Symon|Manyenje
Neno|Symon|Mapundi
Neno|Symon|Masinde
Neno|Symon|Masita
Neno|Symon|Mathotho
Neno|Symon|Matope
Neno|Symon|Mawumusamatha
Neno|Symon|Mbemba
Neno|Symon|Midzemba
Neno|Symon|Mkwinda
Neno|Symon|Moffat
Neno|Symon|Msonthe
Neno|Symon|Mtingala
Neno|Symon|Musoda
Neno|Symon|Mwetang'ombe
Neno|Symon|Mwimbi
Neno|Symon|Mwingitsa
Neno|Symon|Naminjale
Neno|Symon|Ndelema
Neno|Symon|Nelsan
Neno|Symon|Ngaiyaye
Neno|Symon|Ngwenyama 1
Neno|Symon|Ngwenyama 2
Neno|Symon|Njalam'mano
Neno|Symon|Nkavu
Neno|Symon|Nkoka
Neno|Symon|Nkula
Neno|Symon|Nkundika
Neno|Symon|Nsalafosi
Neno|Symon|Ntengula
Neno|Symon|Ntingala
Neno|Symon|Pajo
Neno|Symon|Phalila
Neno|Symon|Salafosi
Neno|Symon|Selemani Estate
Neno|Symon|Somisomi
Neno|Symon|Symon
Neno|Symon|Tchenga
Neno|Symon|Waiyatsa
Neno|Symon|Yela
Neno|Symon|Yoyola
Neno|Symon|Zalewa
Neno|Symon|Zigala
Nkhata-bay|Mankhambira|chakuruma
Nkhata-bay|Mankhambira|Chakwanika
Nkhata-bay|Mankhambira|Chapukwa
Nkhata-bay|Mankhambira|Chibaka
Nkhata-bay|Mankhambira|Chibwana
Nkhata-bay|Mankhambira|Chieoko
Nkhata-bay|Mankhambira|Chifwa
Nkhata-bay|Mankhambira|Chifya
Nkhata-bay|Mankhambira|Chijembe
Nkhata-bay|Mankhambira|Chijere
Nkhata-bay|Mankhambira|Chilambwe Trading Centre
Nkhata-bay|Mankhambira|Chimboola
Nkhata-bay|Mankhambira|Chingaliwa
Nkhata-bay|Mankhambira|Ching'anya
Nkhata-bay|Mankhambira|Chinthomba
Nkhata-bay|Mankhambira|Chinthu
Nkhata-bay|Mankhambira|Chipuzumimba
Nkhata-bay|Mankhambira|chisindi
Nkhata-bay|Mankhambira|Chiwozo
Nkhata-bay|Mankhambira|Kachipapa
Nkhata-bay|Mankhambira|Kajulamonja
Nkhata-bay|Mankhambira|Kakhongwe
Nkhata-bay|Mankhambira|Kamisa
Nkhata-bay|Mankhambira|Kamwala
Nkhata-bay|Mankhambira|Kandulu
Nkhata-bay|Mankhambira|Kang'oma
Nkhata-bay|Mankhambira|Kanyoli
Nkhata-bay|Mankhambira|Kasambe
Nkhata-bay|Mankhambira|Kaswaya
Nkhata-bay|Mankhambira|Katema
Nkhata-bay|Mankhambira|Khoza
Nkhata-bay|Mankhambira|Khoza Lisale
Nkhata-bay|Mankhambira|Liwomba
Nkhata-bay|Mankhambira|Lonya
Nkhata-bay|Mankhambira|Mataka
Nkhata-bay|Mankhambira|Matawale
Nkhata-bay|Mankhambira|Matheo
Nkhata-bay|Mankhambira|Mdinda
Nkhata-bay|Mankhambira|Mkumpha
Nkhata-bay|Mankhambira|Mundola
Nkhata-bay|Mankhambira|Muyingwa
Nkhata-bay|Mankhambira|Mwalabu
Nkhata-bay|Mankhambira|Nyoloni
Nkhata-bay|Mankhambira|Simon Ganyavu
Nkhata-bay|Mankhambira|Suliya
Nkhata-bay|Mankhambira|Thowolo
Nkhata-bay|Mankhambira|Vizara Compound
Nkhata-bay|Mankhambira|Vizara Estate
Nkhata-bay|Mankhambira|Vizara Trading Centre
Nkhata-bay|Mankhambira|Wonderani
Nkhata-bay|Mankhambira|Yadinga
Nkhata-bay|Mankhambira|Yokoniya
Nkhata-bay|Boghoyo|Chipenye
Nkhata-bay|Boghoyo|Chiyuzga
Nkhata-bay|Boghoyo|Joloti
Nkhata-bay|Boghoyo|Luzeko
Nkhata-bay|Boghoyo|Mjereman
Nkhata-bay|Fukamapiri|Chalemba
Nkhata-bay|Fukamapiri|Chankhamatete
Nkhata-bay|Fukamapiri|Chavura
Nkhata-bay|Fukamapiri|Chavuta
Nkhata-bay|Fukamapiri|Chibako
Nkhata-bay|Fukamapiri|Chibunya
Nkhata-bay|Fukamapiri|Chikampha
Nkhata-bay|Fukamapiri|Chipolopolo
Nkhata-bay|Fukamapiri|Chisasira Forest Camp
Nkhata-bay|Fukamapiri|Chivuta
Nkhata-bay|Fukamapiri|Chizuwo
Nkhata-bay|Fukamapiri|Fumbawawo
Nkhata-bay|Fukamapiri|James Mtiti
Nkhata-bay|Fukamapiri|Kachere Trading Centre
Nkhata-bay|Fukamapiri|Kande Beach
Nkhata-bay|Fukamapiri|Kande Trading Centre
Nkhata-bay|Fukamapiri|Kapanda Farm
Nkhata-bay|Fukamapiri|Kauta
Nkhata-bay|Fukamapiri|Litende(VH Kauta
Nkhata-bay|Fukamapiri|Malenga Sanga
Nkhata-bay|Fukamapiri|Matete Trading Centre
Nkhata-bay|Fukamapiri|Mphimbo
Nkhata-bay|Fukamapiri|Mphozo
Nkhata-bay|Fukamapiri|Mtiti
Nkhata-bay|Fukamapiri|Mundiyeghe
Nkhata-bay|Fukamapiri|Mwaya Beach
Nkhata-bay|Fukamapiri|Nyambwani
Nkhata-bay|Fukamapiri|Ruvuo Camp
Nkhata-bay|Kabunduli|Bambali
Nkhata-bay|Kabunduli|Bandawe
Nkhata-bay|Kabunduli|Beza
Nkhata-bay|Kabunduli|Borwe Compound
Nkhata-bay|Kabunduli|Bowamo
Nkhata-bay|Kabunduli|Chakupompha
Nkhata-bay|Kabunduli|Chamachete Compound
Nkhata-bay|Kabunduli|Chamambo Compound
Nkhata-bay|Kabunduli|Chamavaya
Nkhata-bay|Kabunduli|Chamawoya
Nkhata-bay|Kabunduli|Chankhamatete
Nkhata-bay|Kabunduli|Chaponongera
Nkhata-bay|Kabunduli|Chidongo
Nkhata-bay|Kabunduli|Chidumayo
Nkhata-bay|Kabunduli|Chigoli
Nkhata-bay|Kabunduli|Chikampha
Nkhata-bay|Kabunduli|Chikula
Nkhata-bay|Kabunduli|Chikwanda
Nkhata-bay|Kabunduli|Chimaliro
Nkhata-bay|Kabunduli|Chimembi
Nkhata-bay|Kabunduli|Chimiyawi
Nkhata-bay|Kabunduli|Chindevu
Nkhata-bay|Kabunduli|Chingoli
Nkhata-bay|Kabunduli|Chinthwere
Nkhata-bay|Kabunduli|Chinyakula
Nkhata-bay|Kabunduli|Chioda
Nkhata-bay|Kabunduli|Chipininga
Nkhata-bay|Kabunduli|Chisamalanda
Nkhata-bay|Kabunduli|Chiswamphilo
Nkhata-bay|Kabunduli|Chiwawa
Nkhata-bay|Kabunduli|Damusoni
Nkhata-bay|Kabunduli|Demba Thuli
Nkhata-bay|Kabunduli|Dewe
Nkhata-bay|Kabunduli|Dinaku
Nkhata-bay|Kabunduli|Divisional I Compound
Nkhata-bay|Kabunduli|Dunga
Nkhata-bay|Kabunduli|Dungwa
Nkhata-bay|Kabunduli|Fumbawowa
Nkhata-bay|Kabunduli|Gowamo
Nkhata-bay|Kabunduli|Gunda
Nkhata-bay|Kabunduli|John Chima
Nkhata-bay|Kabunduli|John Chiumia
Nkhata-bay|Kabunduli|Kachelenga
Nkhata-bay|Kabunduli|Kachiwegha
Nkhata-bay|Kabunduli|Kadeti
Nkhata-bay|Kabunduli|Kagulu
Nkhata-bay|Kabunduli|Kajumba
Nkhata-bay|Kabunduli|Kakwena Compound
Nkhata-bay|Kabunduli|Kalinyanyi Farm Compound
Nkhata-bay|Kabunduli|Kalongo
Nkhata-bay|Kabunduli|Kambowi
Nkhata-bay|Kabunduli|Kambulumbunju
Nkhata-bay|Kabunduli|Kampani
Nkhata-bay|Kabunduli|Kamulama
Nkhata-bay|Kabunduli|Kamwanjiwa Compound
Nkhata-bay|Kabunduli|Kanamukundi
Nkhata-bay|Kabunduli|Kananjala
Nkhata-bay|Kabunduli|Kanankhundi
Nkhata-bay|Kabunduli|Kanaujaha
Nkhata-bay|Kabunduli|Kanaujala
Nkhata-bay|Kabunduli|Kang'oma Staff Houses
Nkhata-bay|Kabunduli|Kaning'ina Forest Camp
Nkhata-bay|Kabunduli|Kanyela
Nkhata-bay|Kabunduli|Kanyukuta
Nkhata-bay|Kabunduli|Kanyunya
Nkhata-bay|Kabunduli|Kapindikamo
Nkhata-bay|Kabunduli|Kasanga Compound
Nkhata-bay|Kabunduli|Kasumba Compound
Nkhata-bay|Kabunduli|Katunda Compound
Nkhata-bay|Kabunduli|Kaungulu Compound
Nkhata-bay|Kabunduli|Kavuzi
Nkhata-bay|Kabunduli|Kavuzi Compound
Nkhata-bay|Kabunduli|Kavuzi Compound ll
Nkhata-bay|Kabunduli|Kavuzi Compound lll
Nkhata-bay|Kabunduli|Kavuzi Staff Compound
Nkhata-bay|Kabunduli|Kawalazi Dam Compound
Nkhata-bay|Kabunduli|Kawalazi New Staff
Nkhata-bay|Kabunduli|Kawalazi Tea Estate
Nkhata-bay|Kabunduli|Kaweche
Nkhata-bay|Kabunduli|Kawiya
Nkhata-bay|Kabunduli|Khwatu Compound
Nkhata-bay|Kabunduli|Lalika
Nkhata-bay|Kabunduli|Lichelemu I Compound
Nkhata-bay|Kabunduli|Lichelemu II Compound
Nkhata-bay|Kabunduli|Lichenga Compound
Nkhata-bay|Kabunduli|Likungwi
Nkhata-bay|Kabunduli|Limba
Nkhata-bay|Kabunduli|Luhanja Compound
Nkhata-bay|Kabunduli|Lukalazi Estate
Nkhata-bay|Kabunduli|Lwafwa
Nkhata-bay|Kabunduli|Lwafwa Compound
Nkhata-bay|Kabunduli|Magbezo
Nkhata-bay|Kabunduli|Manjawira
Nkhata-bay|Kabunduli|Mathatha
Nkhata-bay|Kabunduli|Mayamo
Nkhata-bay|Kabunduli|Mazamba C.D.C Compound
Nkhata-bay|Kabunduli|Mazamba Compound
Nkhata-bay|Kabunduli|Mbaya
Nkhata-bay|Kabunduli|Mbowe Upper Compound
Nkhata-bay|Kabunduli|Mchingalombo
Nkhata-bay|Kabunduli|Mchingalombo Trading Centre
Nkhata-bay|Kabunduli|Mdadada Compound
Nkhata-bay|Kabunduli|Mkonkhantiphwa Compound
Nkhata-bay|Kabunduli|Mkotiphwa Compound
Nkhata-bay|Kabunduli|Mkuli
Nkhata-bay|Kabunduli|Mnyoka
Nkhata-bay|Kabunduli|Msinawana
Nkhata-bay|Kabunduli|Msiska
Nkhata-bay|Kabunduli|Msopa
Nkhata-bay|Kabunduli|Mteti
Nkhata-bay|Kabunduli|Mtewa
Nkhata-bay|Kabunduli|Mungala Compound
Nkhata-bay|Kabunduli|Mungﾗna
Nkhata-bay|Kabunduli|Mungoyi Compound
Nkhata-bay|Kabunduli|Mwandu
Nkhata-bay|Kabunduli|Mzenga Compound No 1
Nkhata-bay|Kabunduli|Mzenga Estate
Nkhata-bay|Kabunduli|Mzenga Trading Centre
Nkhata-bay|Kabunduli|Nguluwe
Nkhata-bay|Kabunduli|Nicholas Compound
Nkhata-bay|Kabunduli|Njikho
Nkhata-bay|Kabunduli|Phaika
Nkhata-bay|Kabunduli|Pwengamo
Nkhata-bay|Kabunduli|Roseveare Farm
Nkhata-bay|Kabunduli|Satieli
Nkhata-bay|Kabunduli|Sungamzere
Nkhata-bay|Kabunduli|Taluyana
Nkhata-bay|Kabunduli|Tembwe
Nkhata-bay|Kabunduli|Thula
Nkhata-bay|Kabunduli|Thungwa Staff Houses
Nkhata-bay|Kabunduli|Tihomoni Camp
Nkhata-bay|Kabunduli|Tunduma
Nkhata-bay|Kabunduli|Vilimumu
Nkhata-bay|Kabunduli|Vimaso
Nkhata-bay|Kabunduli|Vizuzu Compound
Nkhata-bay|Kabunduli|Wandera
Nkhata-bay|Kabunduli|Yuvundika
Nkhata-bay|Kabunduli|Zivya
Nkhata-bay|Kabunduli|Zumwanda Compound
Nkhata-bay|Malenga Mzoma|Bandawe
Nkhata-bay|Malenga Mzoma|Chagowo
Nkhata-bay|Malenga Mzoma|Chijere
Nkhata-bay|Malenga Mzoma|Chikhoko
Nkhata-bay|Malenga Mzoma|Chimbano
Nkhata-bay|Malenga Mzoma|Chituka Farm
Nkhata-bay|Malenga Mzoma|Chiweyu
Nkhata-bay|Malenga Mzoma|Kanyanda
Nkhata-bay|Malenga Mzoma|Khwalala
Nkhata-bay|Malenga Mzoma|Makuzi Beach
Nkhata-bay|Malenga Mzoma|Malenga Nzoma
Nkhata-bay|Malenga Mzoma|Mukuwonda
Nkhata-bay|Malenga Mzoma|Mundiyenge
Nkhata-bay|Malenga Mzoma|Mwomba Bay
Nkhata-bay|Malenga Mzoma|Nabuyoti
Nkhata-bay|Malenga Mzoma|Nyabwana
Nkhata-bay|Malenga Mzoma|Peter Kaimika
Nkhata-bay|Malenga Mzoma|Wilson
Nkhata-bay|Malenga Mzoma|Ziyamu
Nkhata-bay|Musisya|Botani
Nkhata-bay|Musisya|Butani
Nkhata-bay|Musisya|Bweteka
Nkhata-bay|Musisya|Cape Lukulu
Nkhata-bay|Musisya|Chakuwangﾗma
Nkhata-bay|Musisya|Chigwere
Nkhata-bay|Musisya|Chikonda
Nkhata-bay|Musisya|Chikondo
Nkhata-bay|Musisya|Chinkhowoli
Nkhata-bay|Musisya|Jumbo
Nkhata-bay|Musisya|Kajizunge
Nkhata-bay|Musisya|Kalinda Makuni
Nkhata-bay|Musisya|Katawa
Nkhata-bay|Musisya|Katinda Makuni
Nkhata-bay|Musisya|Lukhanda
Nkhata-bay|Musisya|Lukhanda Ulawe
Nkhata-bay|Musisya|Mabuli
Nkhata-bay|Musisya|Mbowe Island
Nkhata-bay|Musisya|Mchulu
Nkhata-bay|Musisya|Mponda
Nkhata-bay|Musisya|Mudoyi
Nkhata-bay|Musisya|Mulenda
Nkhata-bay|Musisya|Mulwa
Nkhata-bay|Musisya|Mundango
Nkhata-bay|Musisya|Mupetamanga
Nkhata-bay|Musisya|Musisya
Nkhata-bay|Musisya|Mwachande
Nkhata-bay|Musisya|Mziza
Nkhata-bay|Musisya|Mzizimu
Nkhata-bay|Musisya|Nkholero {S C Nyaluanga}
Nkhata-bay|Musisya|Nyapwere
Nkhata-bay|Musisya|Peter Chavula
Nkhata-bay|Musisya|Siyalimba
Nkhata-bay|Musisya|Usisya Bay
Nkhata-bay|Musisya|Usisya Guest House
Nkhata-bay|Musisya|Usisya Trading Centre
Nkhata-bay|Musisya|Vope
Nkhata-bay|Musisya|Zowani
Nkhata-bay|Nkhata-bay Boma|Chibuwu
Nkhata-bay|Nkhata-bay Boma|Chigachang'ombe
Nkhata-bay|Nkhata-bay Boma|Chihame
Nkhata-bay|Nkhata-bay Boma|Chioko
Nkhata-bay|Nkhata-bay Boma|Fisharies Staff Houses
Nkhata-bay|Nkhata-bay Boma|Jappie
Nkhata-bay|Nkhata-bay Boma|Kakumbi
Nkhata-bay|Nkhata-bay Boma|Kamata
Nkhata-bay|Nkhata-bay Boma|Kamoza
Nkhata-bay|Nkhata-bay Boma|Kanchindo
Nkhata-bay|Nkhata-bay Boma|Kapelemende
Nkhata-bay|Nkhata-bay Boma|Likoma
Nkhata-bay|Nkhata-bay Boma|Marine Staff Houses
Nkhata-bay|Nkhata-bay Boma|Matailosi Location
Nkhata-bay|Nkhata-bay Boma|Mazende
Nkhata-bay|Nkhata-bay Boma|Mgwaba
Nkhata-bay|Nkhata-bay Boma|Mkumbira
Nkhata-bay|Nkhata-bay Boma|Mugolozera
Nkhata-bay|Nkhata-bay Boma|Mukwiya Trading Centre
Nkhata-bay|Nkhata-bay Boma|Mung'ona
Nkhata-bay|Nkhata-bay Boma|Mung'ona I
Nkhata-bay|Nkhata-bay Boma|Mung'ona II
Nkhata-bay|Nkhata-bay Boma|Njilirwa
Nkhata-bay|Nkhata-bay Boma|Njiriwa
Nkhata-bay|Nkhata-bay Boma|Nkhatabay Staff Houses
Nkhata-bay|Nkhata-bay Boma|Nkhatabay Trading Centre
Nkhata-bay|Nkhata-bay Boma|Prison Staff Houses
Nkhata-bay|Nkhata-bay Boma|Salawe
Nkhata-bay|Nkhata-bay Boma|Silua
Nkhata-bay|Nkhata-bay Boma|St Augustine
Nkhata-bay|Nkhata-bay Boma|Yadinga
Nkhata-bay|Nkhata-bay Boma|Zamandere
Nkhata-bay|S/C Fukamalaza|Chiganga
Nkhata-bay|S/C Fukamalaza|Chimera
Nkhata-bay|S/C Fukamalaza|Chiopsa
Nkhata-bay|S/C Fukamalaza|Chiwiwi
Nkhata-bay|S/C Fukamalaza|Dambachioli
Nkhata-bay|S/C Fukamalaza|Fukamalanga
Nkhata-bay|S/C Fukamalaza|Gamuti
Nkhata-bay|S/C Fukamalaza|Gulugulu
Nkhata-bay|S/C Fukamalaza|Hanambo
Nkhata-bay|S/C Fukamalaza|Honambo
Nkhata-bay|S/C Fukamalaza|Jumbo
Nkhata-bay|S/C Fukamalaza|Kahinja
Nkhata-bay|S/C Fukamalaza|Kamboni Staff Houses
Nkhata-bay|S/C Fukamalaza|Kasingu
Nkhata-bay|S/C Fukamalaza|Kwelenje
Nkhata-bay|S/C Fukamalaza|Longwe
Nkhata-bay|S/C Fukamalaza|Luka Mtambo
Nkhata-bay|S/C Fukamalaza|Masika Farm
Nkhata-bay|S/C Fukamalaza|Mtambo
Nkhata-bay|S/C Fukamalaza|Mulimathanda
Nkhata-bay|S/C Fukamalaza|Muyewa
Nkhata-bay|S/C Fukamalaza|Nkhungulu
Nkhata-bay|S/C Fukamalaza|Phetera
Nkhata-bay|S/C Fukamalaza|Phetere
Nkhata-bay|S/C Fukamalaza|Thuli
Nkhata-bay|S/C Fukamalaza|Vibokho
Nkhata-bay|S/C Fukamalaza|Vuwanga
Nkhata-bay|S/C Fukamalaza|Zayaka
Nkhata-bay|S/C Fukamalaza|Zayuka
Nkhata-bay|S/C Fukamalaza|Zgawaka Farm
Nkhata-bay|S/C Malanda|Chankhamatete
Nkhata-bay|S/C Malanda|Chazoni
Nkhata-bay|S/C Malanda|Chifufu
Nkhata-bay|S/C Malanda|Chikhokho
Nkhata-bay|S/C Malanda|Chikhumbi
Nkhata-bay|S/C Malanda|Chinyentha
Nkhata-bay|S/C Malanda|Chiutira
Nkhata-bay|S/C Malanda|Chiweya (VH Malanda)
Nkhata-bay|S/C Malanda|Gulu
Nkhata-bay|S/C Malanda|Jaliyanthazi
Nkhata-bay|S/C Malanda|Jiliki
Nkhata-bay|S/C Malanda|Kabila
Nkhata-bay|S/C Malanda|Kaimika
Nkhata-bay|S/C Malanda|Kajula
Nkhata-bay|S/C Malanda|Kalegha
Nkhata-bay|S/C Malanda|Kamanjuwulu
Nkhata-bay|S/C Malanda|Kapekenya
Nkhata-bay|S/C Malanda|Kaweta Mazinga
Nkhata-bay|S/C Malanda|Kawiya Farm
Nkhata-bay|S/C Malanda|Lweya forest Camp
Nkhata-bay|S/C Malanda|Mahau
Nkhata-bay|S/C Malanda|Majikapotwe
Nkhata-bay|S/C Malanda|Malanda
Nkhata-bay|S/C Malanda|Mambo
Nkhata-bay|S/C Malanda|Manenje
Nkhata-bay|S/C Malanda|Mbondolo
Nkhata-bay|S/C Malanda|Mfufu
Nkhata-bay|S/C Malanda|Mfundu
Nkhata-bay|S/C Malanda|Mlonda
Nkhata-bay|S/C Malanda|Mpalawezi
Nkhata-bay|S/C Malanda|Msilamoyo
Nkhata-bay|S/C Malanda|Msundu
Nkhata-bay|S/C Malanda|Mtchindwi
Nkhata-bay|S/C Malanda|Mteperera
Nkhata-bay|S/C Malanda|Mulonda
Nkhata-bay|S/C Malanda|Mutepetera
Nkhata-bay|S/C Malanda|Mzuma
Nkhata-bay|S/C Malanda|Mzuma Forest Camp
Nkhata-bay|S/C Malanda|Ngalauka
Nkhata-bay|S/C Malanda|Ngombo
Nkhata-bay|S/C Malanda|Thulo
Nkhata-bay|S/C Malanda|Wachaze
Nkhata-bay|S/C Malanda|Wachoza
Nkhata-bay|S/C Mkondowe|Chimkota
Nkhata-bay|S/C Mkondowe|Chiwenga
Nkhata-bay|S/C Mkondowe|Kabemo
Nkhata-bay|S/C Mkondowe|Kaliyegher
Nkhata-bay|S/C Mkondowe|Kamphoka
Nkhata-bay|S/C Mkondowe|Mijumiju
Nkhata-bay|S/C Mkondowe|Mwachika
Nkhata-bay|S/C Mkumbira|Bulaula
Nkhata-bay|S/C Mkumbira|Burukutu
Nkhata-bay|S/C Mkumbira|Bwereka
Nkhata-bay|S/C Mkumbira|Chandiro
Nkhata-bay|S/C Mkumbira|Chapumbwa
Nkhata-bay|S/C Mkumbira|Chighachang'ombe
Nkhata-bay|S/C Mkumbira|Chilerawana
Nkhata-bay|S/C Mkumbira|Chiphazi
Nkhata-bay|S/C Mkumbira|Chizumba
Nkhata-bay|S/C Mkumbira|Jappie
Nkhata-bay|S/C Mkumbira|Kamata
Nkhata-bay|S/C Mkumbira|Kambale
Nkhata-bay|S/C Mkumbira|Kamwadi
Nkhata-bay|S/C Mkumbira|Kandezu
Nkhata-bay|S/C Mkumbira|Kasweswe
Nkhata-bay|S/C Mkumbira|Ngolozera
Nkhata-bay|S/C Mkumbira|Nkhalalo
Nkhata-bay|S/C Mkumbira|Nkholora
Nkhata-bay|S/C Mkumbira|Singo
Nkhata-bay|S/C Nyaluwanga|Chigwere
Nkhata-bay|S/C Nyaluwanga|Chimojimoji
Nkhata-bay|S/C Nyaluwanga|Chimwa Chimoji
Nkhata-bay|S/C Nyaluwanga|Ching'oma
Nkhata-bay|S/C Nyaluwanga|Chipayika
Nkhata-bay|S/C Nyaluwanga|Chipunga Coffee Estate
Nkhata-bay|S/C Nyaluwanga|Chipunga Trading Centre
Nkhata-bay|S/C Nyaluwanga|Chivuti
Nkhata-bay|S/C Nyaluwanga|Choma
Nkhata-bay|S/C Nyaluwanga|Jumbumneni
Nkhata-bay|S/C Nyaluwanga|Kajini Kamunthowa
Nkhata-bay|S/C Nyaluwanga|Kamandowa
Nkhata-bay|S/C Nyaluwanga|Kapuzuka
Nkhata-bay|S/C Nyaluwanga|Karonga
Nkhata-bay|S/C Nyaluwanga|Kayuni Kamunthowa
Nkhata-bay|S/C Nyaluwanga|Mapunda
Nkhata-bay|S/C Nyaluwanga|Mponda
Nkhata-bay|S/C Nyaluwanga|Mthete
Nkhata-bay|S/C Nyaluwanga|Nkholera
Nkhata-bay|S/C Nyaluwanga|Vwenyela
Nkhata-bay|S/C Nyaluwanga|Wadenya
Nkhata-bay|S/C Zilakoma|Chathulika
Nkhata-bay|S/C Zilakoma|Chikuni
Nkhata-bay|S/C Zilakoma|Chimulumulu
Nkhata-bay|S/C Zilakoma|Chindundu
Nkhata-bay|S/C Zilakoma|Chitete
Nkhata-bay|S/C Zilakoma|Chiwembelwa
Nkhata-bay|S/C Zilakoma|Chombo Estate
Nkhata-bay|S/C Zilakoma|Dambanjoka
Nkhata-bay|S/C Zilakoma|Kapote
Nkhata-bay|S/C Zilakoma|Kaputhe
Nkhata-bay|S/C Zilakoma|Kasikizi Moto
Nkhata-bay|S/C Zilakoma|Machilika
Nkhata-bay|S/C Zilakoma|Mbalambala
Nkhata-bay|S/C Zilakoma|Mtowoli
Nkhata-bay|S/C Zilakoma|Muganga
Nkhata-bay|S/C Zilakoma|Muloka
Nkhata-bay|S/C Zilakoma|Mungali
Nkhata-bay|S/C Zilakoma|Mutagoli
Nkhata-bay|S/C Zilakoma|Muuka
Nkhata-bay|S/C Zilakoma|Nguluwe
Nkhata-bay|S/C Zilakoma|Nkhalazo
Nkhata-bay|S/C Zilakoma|Nkhata
Nkhata-bay|S/C Zilakoma|Nkholozo
Nkhata-bay|S/C Zilakoma|Nkhomo
Nkhata-bay|S/C Zilakoma|Sitolo
Nkhata-bay|S/C Zilakoma|Tukombo Trading Centre
Nkhata-bay|S/C Zilakoma|Zilakoma
Nkhata-bay|Timbiri|Burukutu
Nkhata-bay|Timbiri|Bwanthuwa
Nkhata-bay|Timbiri|Changaya
Nkhata-bay|Timbiri|Chaola
Nkhata-bay|Timbiri|Chidagha
Nkhata-bay|Timbiri|Chidero
Nkhata-bay|Timbiri|Chigalinga
Nkhata-bay|Timbiri|Chighacha Ng'ombe
Nkhata-bay|Timbiri|Chikondawanga
Nkhata-bay|Timbiri|Chimwala
Nkhata-bay|Timbiri|Chinguluwe Farm
Nkhata-bay|Timbiri|Chinjere
Nkhata-bay|Timbiri|Chipwaila
Nkhata-bay|Timbiri|Chisangawe
Nkhata-bay|Timbiri|Chisindi
Nkhata-bay|Timbiri|Chisindilizi
Nkhata-bay|Timbiri|Chisunga
Nkhata-bay|Timbiri|Chiusi
Nkhata-bay|Timbiri|Chiwalika
Nkhata-bay|Timbiri|Chiwaula
Nkhata-bay|Timbiri|Chiwere
Nkhata-bay|Timbiri|Chiwowa
Nkhata-bay|Timbiri|Chizangaluzi Compound
Nkhata-bay|Timbiri|Dulani
Nkhata-bay|Timbiri|Fwatwaya
Nkhata-bay|Timbiri|Garang'ombe
Nkhata-bay|Timbiri|Gomanira
Nkhata-bay|Timbiri|Goneka
Nkhata-bay|Timbiri|Gulang'oli
Nkhata-bay|Timbiri|Gulawe
Nkhata-bay|Timbiri|Kamphomombo
Nkhata-bay|Timbiri|Kamtambo
Nkhata-bay|Timbiri|Kango
Nkhata-bay|Timbiri|KangoCompound
Nkhata-bay|Timbiri|Kaning'ina Forest Reserve
Nkhata-bay|Timbiri|Kapalapata
Nkhata-bay|Timbiri|Kaphwiyo
Nkhata-bay|Timbiri|Kaunda
Nkhata-bay|Timbiri|Kawinga Compound
Nkhata-bay|Timbiri|Khoza
Nkhata-bay|Timbiri|LimphasaTrading Centre
Nkhata-bay|Timbiri|Luwazi Trading Centre
Nkhata-bay|Timbiri|LuwaziTrading Centre
Nkhata-bay|Timbiri|Makhumba
Nkhata-bay|Timbiri|Makowa
Nkhata-bay|Timbiri|Malenga
Nkhata-bay|Timbiri|Mkwaya
Nkhata-bay|Timbiri|MpambaTrading Centre
Nkhata-bay|Timbiri|Mtambalika
Nkhata-bay|Timbiri|Munguwu
Nkhata-bay|Timbiri|Mwanabora
Nkhata-bay|Timbiri|Mweza
Nkhata-bay|Timbiri|Mwezo
Nkhata-bay|Timbiri|Mzimu
Nkhata-bay|Timbiri|Ngumba
Nkhata-bay|Timbiri|Njara
Nkhata-bay|Timbiri|North Compound Estate
Nkhata-bay|Timbiri|Ntambo
Nkhata-bay|Timbiri|Nthochi
Nkhata-bay|Timbiri|Nthulinga
Nkhata-bay|Timbiri|Tala
Nkhata-bay|Timbiri|Thumba
Nkhata-bay|Timbiri|Timbiri
Nkhata-bay|Timbiri|Tondoli
Nkhata-bay|Timbiri|Vilara Estate
Nkhata-bay|Timbiri|Viyapo
Nkhata-bay|Timbiri|Vizara Estate
Nkhata-bay|Timbiri|Wanya
Nkhata-bay|Timbiri|Yadagha
Nkhata-bay|Timbiri|Zamulomo
Nkhotakota|Nkhotakota Boma|Chande
Nkhotakota|Nkhotakota Boma|Chikaku
Nkhotakota|Nkhotakota Boma|Chikosa
Nkhotakota|Nkhotakota Boma|Chipala
Nkhotakota|Nkhotakota Boma|Chiputa
Nkhotakota|Nkhotakota Boma|Chitowe
Nkhotakota|Nkhotakota Boma|Kamange
Nkhotakota|Nkhotakota Boma|Katimbila
Nkhotakota|Nkhotakota Boma|Kombo
Nkhotakota|Nkhotakota Boma|Kumpelembe
Nkhotakota|Nkhotakota Boma|Linga New Trading Centre
Nkhotakota|Nkhotakota Boma|Linga Trading Centre
Nkhotakota|Nkhotakota Boma|Lunda
Nkhotakota|Nkhotakota Boma|Makuta
Nkhotakota|Nkhotakota Boma|Makuta I
Nkhotakota|Nkhotakota Boma|Makuta III
Nkhotakota|Nkhotakota Boma|Makutu
Nkhotakota|Nkhotakota Boma|Makutu II
Nkhotakota|Nkhotakota Boma|Malasa
Nkhotakota|Nkhotakota Boma|Malasa II
Nkhotakota|Nkhotakota Boma|Matekenya
Nkhotakota|Nkhotakota Boma|Mbaluku
Nkhotakota|Nkhotakota Boma|Mgomba
Nkhotakota|Nkhotakota Boma|Mtenje
Nkhotakota|Nkhotakota Boma|Ngoma
Nkhotakota|Nkhotakota Boma|Nkhono
Nkhotakota|Nkhotakota Boma|Penama
Nkhotakota|Nkhotakota Boma|Phangwa
Nkhotakota|Nkhotakota Boma|Phangwa Trading Centre
Nkhotakota|Nkhotakota Boma|Tambala
Nkhotakota|Nkhotakota Boma|Vinjenje
Nkhotakota|Nkhotakota Boma|Vinjenje Trading Centre
Nkhotakota|Nkhotakota Boma|Vinthenga
Nkhotakota|SC Kafuzila|Bondo
Nkhotakota|SC Kafuzila|Chankhanya
Nkhotakota|SC Kafuzila|Chibalepamaso
Nkhotakota|SC Kafuzila|Chibweya
Nkhotakota|SC Kafuzila|Chigadula
Nkhotakota|SC Kafuzila|Chighachang'ombe
Nkhotakota|SC Kafuzila|Chikasa
Nkhotakota|SC Kafuzila|Chikumbi
Nkhotakota|SC Kafuzila|Chimgonda
Nkhotakota|SC Kafuzila|Chimgonda I
Nkhotakota|SC Kafuzila|Chimgonda II
Nkhotakota|SC Kafuzila|Chimphunungu
Nkhotakota|SC Kafuzila|Chimunda
Nkhotakota|SC Kafuzila|Chimweyo
Nkhotakota|SC Kafuzila|Chinthumoyo
Nkhotakota|SC Kafuzila|Fatsani Estate
Nkhotakota|SC Kafuzila|Heta
Nkhotakota|SC Kafuzila|Jekabu
Nkhotakota|SC Kafuzila|Kachere
Nkhotakota|SC Kafuzila|Kafuzila
Nkhotakota|SC Kafuzila|Kaiwawala
Nkhotakota|SC Kafuzila|Kamphambale
Nkhotakota|SC Kafuzila|Kamphandila
Nkhotakota|SC Kafuzila|Kanyamng'ondo
Nkhotakota|SC Kafuzila|Kaswaya
Nkhotakota|SC Kafuzila|Katumbi
Nkhotakota|SC Kafuzila|Khwechu
Nkhotakota|SC Kafuzila|Luluzi
Nkhotakota|SC Kafuzila|Malamba
Nkhotakota|SC Kafuzila|Mbiwi
Nkhotakota|SC Kafuzila|Mbwizi
Nkhotakota|SC Kafuzila|Mjuwa
Nkhotakota|SC Kafuzila|Mkwapu
Nkhotakota|SC Kafuzila|Mpeta
Nkhotakota|SC Kafuzila|Mphamba
Nkhotakota|SC Kafuzila|Msagona
Nkhotakota|SC Kafuzila|Msakanena
Nkhotakota|SC Kafuzila|Msankhu
Nkhotakota|SC Kafuzila|Mulitani Farm
Nkhotakota|SC Kafuzila|Mzoza
Nkhotakota|SC Kafuzila|Paulosi
Nkhotakota|SC Kafuzila|Tambala
Nkhotakota|SC Kafuzila|Zangena
Nkhotakota|STA Mphonde|Benga
Nkhotakota|STA Mphonde|Bondo Farm
Nkhotakota|STA Mphonde|Bulumutu
Nkhotakota|STA Mphonde|Buwa
Nkhotakota|STA Mphonde|Chiboko
Nkhotakota|STA Mphonde|Chikanda I
Nkhotakota|STA Mphonde|Chikanda II
Nkhotakota|STA Mphonde|Chikombe
Nkhotakota|STA Mphonde|Chikwawe
Nkhotakota|STA Mphonde|Chilibuno
Nkhotakota|STA Mphonde|Chilinda Farm
Nkhotakota|STA Mphonde|Chiliwamba
Nkhotakota|STA Mphonde|Chilowa
Nkhotakota|STA Mphonde|Chipaka
Nkhotakota|STA Mphonde|Chipala
Nkhotakota|STA Mphonde|Chitambo
Nkhotakota|STA Mphonde|Chizuma
Nkhotakota|STA Mphonde|Funduseni
Nkhotakota|STA Mphonde|Jumani
Nkhotakota|STA Mphonde|Kabuluulu
Nkhotakota|STA Mphonde|Kachia (Lozi) Trading Centre
Nkhotakota|STA Mphonde|Kafita
Nkhotakota|STA Mphonde|Kalilangwe
Nkhotakota|STA Mphonde|Kambanje
Nkhotakota|STA Mphonde|Kambuzi
Nkhotakota|STA Mphonde|Kansuli
Nkhotakota|STA Mphonde|Kawamba
Nkhotakota|STA Mphonde|Kawelenga
Nkhotakota|STA Mphonde|Kawelenga Zumani
Nkhotakota|STA Mphonde|Machinyila
Nkhotakota|STA Mphonde|Makhenjela
Nkhotakota|STA Mphonde|Makoka
Nkhotakota|STA Mphonde|Makunganya
Nkhotakota|STA Mphonde|Malala
Nkhotakota|STA Mphonde|Malembo
Nkhotakota|STA Mphonde|Malunda
Nkhotakota|STA Mphonde|Masasa
Nkhotakota|STA Mphonde|Masinja
Nkhotakota|STA Mphonde|Mbingwa
Nkhotakota|STA Mphonde|M'bobo
Nkhotakota|STA Mphonde|Mchambwe
Nkhotakota|STA Mphonde|Mdadiri
Nkhotakota|STA Mphonde|Mkombozi
Nkhotakota|STA Mphonde|Mkosi
Nkhotakota|STA Mphonde|Mng'ongwe
Nkhotakota|STA Mphonde|Mphalamando
Nkhotakota|STA Mphonde|Mphonde
Nkhotakota|STA Mphonde|Mphozongo
Nkhotakota|STA Mphonde|Mphwayi
Nkhotakota|STA Mphonde|Mpondagaga Trading Centre
Nkhotakota|STA Mphonde|Mthawanji
Nkhotakota|STA Mphonde|Mtumbula I
Nkhotakota|STA Mphonde|Mtumbula II
Nkhotakota|STA Mphonde|Musa
Nkhotakota|STA Mphonde|Muyepa
Nkhotakota|STA Mphonde|Mvula
Nkhotakota|STA Mphonde|Mvulachitambo
Nkhotakota|STA Mphonde|Mzumara
Nkhotakota|STA Mphonde|Ndaipalero Farm
Nkhotakota|STA Mphonde|Nguluwe
Nkhotakota|STA Mphonde|Ntanga
Nkhotakota|STA Mphonde|Ntonya
Nkhotakota|STA Mphonde|Pendwe
Nkhotakota|STA Mphonde|Sawawa
Nkhotakota|STA Mphonde|Selemani I
Nkhotakota|STA Mphonde|Selemani II
Nkhotakota|STA Mphonde|Tambala
Nkhotakota|STA Mphonde|Tenje
Nkhotakota|STA Mphonde|Tongole
Nkhotakota|STA Mphonde|Waziya
Nkhotakota|STA Mphonde|Zamani
Nkhotakota|STA Mphonde|Zikomankhani
Nkhotakota|STA Mphonde|Zumani
Nkhotakota|TA Kanyenda|Aaron
Nkhotakota|TA Kanyenda|Ambali Phaso
Nkhotakota|TA Kanyenda|Bana
Nkhotakota|TA Kanyenda|Bana I Location
Nkhotakota|TA Kanyenda|Bana II Location
Nkhotakota|TA Kanyenda|Bowa
Nkhotakota|TA Kanyenda|Bwalo
Nkhotakota|TA Kanyenda|Central II
Nkhotakota|TA Kanyenda|Central III
Nkhotakota|TA Kanyenda|Central IV
Nkhotakota|TA Kanyenda|Chakupompha
Nkhotakota|TA Kanyenda|Chakuthawa
Nkhotakota|TA Kanyenda|Chawala
Nkhotakota|TA Kanyenda|Chazuka
Nkhotakota|TA Kanyenda|Chembakuka
Nkhotakota|TA Kanyenda|Chembelwa
Nkhotakota|TA Kanyenda|Chembezi
Nkhotakota|TA Kanyenda|Chibade
Nkhotakota|TA Kanyenda|Chibwana
Nkhotakota|TA Kanyenda|Chidothi
Nkhotakota|TA Kanyenda|Chidyaka
Nkhotakota|TA Kanyenda|Chijalo
Nkhotakota|TA Kanyenda|Chikanje
Nkhotakota|TA Kanyenda|Chikhwangwa
Nkhotakota|TA Kanyenda|Chikoya
Nkhotakota|TA Kanyenda|Chikwawe
Nkhotakota|TA Kanyenda|Chilasa
Nkhotakota|TA Kanyenda|Chilawo
Nkhotakota|TA Kanyenda|Chilemba
Nkhotakota|TA Kanyenda|Chilindanji
Nkhotakota|TA Kanyenda|Chilualaphaso
Nkhotakota|TA Kanyenda|Chiluvya
Nkhotakota|TA Kanyenda|Chimbaka
Nkhotakota|TA Kanyenda|Chimbaza
Nkhotakota|TA Kanyenda|Chimdima
Nkhotakota|TA Kanyenda|Chimtumbuka
Nkhotakota|TA Kanyenda|Chindevu
Nkhotakota|TA Kanyenda|Chindodo
Nkhotakota|TA Kanyenda|Chinemba
Nkhotakota|TA Kanyenda|Ching'anyila
Nkhotakota|TA Kanyenda|Chinji
Nkhotakota|TA Kanyenda|Chinombo
Nkhotakota|TA Kanyenda|Chinthekwe
Nkhotakota|TA Kanyenda|Chintopa
Nkhotakota|TA Kanyenda|Chinyengo
Nkhotakota|TA Kanyenda|Chipembele
Nkhotakota|TA Kanyenda|Chiphewa
Nkhotakota|TA Kanyenda|Chisangwala
Nkhotakota|TA Kanyenda|Chiusi
Nkhotakota|TA Kanyenda|Chiutsi
Nkhotakota|TA Kanyenda|Chiwaula
Nkhotakota|TA Kanyenda|Chiwelenganya
Nkhotakota|TA Kanyenda|Chiya
Nkhotakota|TA Kanyenda|Chiyenderamwano
Nkhotakota|TA Kanyenda|Chiyipa
Nkhotakota|TA Kanyenda|Chumba
Nkhotakota|TA Kanyenda|Chungu
Nkhotakota|TA Kanyenda|Fakame
Nkhotakota|TA Kanyenda|Galanyina
Nkhotakota|TA Kanyenda|Goshi
Nkhotakota|TA Kanyenda|Guy Kaludwe
Nkhotakota|TA Kanyenda|Hannock
Nkhotakota|TA Kanyenda|Ingamu
Nkhotakota|TA Kanyenda|Kabafu
Nkhotakota|TA Kanyenda|Kabwangalu
Nkhotakota|TA Kanyenda|Kachipanda
Nkhotakota|TA Kanyenda|Kachulu
Nkhotakota|TA Kanyenda|Kada
Nkhotakota|TA Kanyenda|Kalengezeka
Nkhotakota|TA Kanyenda|Kalimkhola
Nkhotakota|TA Kanyenda|Kalungulu
Nkhotakota|TA Kanyenda|Kambola
Nkhotakota|TA Kanyenda|Kambula
Nkhotakota|TA Kanyenda|Kamkondo
Nkhotakota|TA Kanyenda|Kamphongo
Nkhotakota|TA Kanyenda|Kamtchayeni
Nkhotakota|TA Kanyenda|Kamteketa
Nkhotakota|TA Kanyenda|Kamtondo
Nkhotakota|TA Kanyenda|Kamutugwede
Nkhotakota|TA Kanyenda|Kankhomba
Nkhotakota|TA Kanyenda|Kanthudende
Nkhotakota|TA Kanyenda|Kanyenda
Nkhotakota|TA Kanyenda|Kapakasa
Nkhotakota|TA Kanyenda|Kasinja
Nkhotakota|TA Kanyenda|Kasweswe
Nkhotakota|TA Kanyenda|Katapila
Nkhotakota|TA Kanyenda|Katimbila
Nkhotakota|TA Kanyenda|Kauluka
Nkhotakota|TA Kanyenda|Kavungamanda
Nkhotakota|TA Kanyenda|Kayerenga
Nkhotakota|TA Kanyenda|Khwayaya
Nkhotakota|TA Kanyenda|Kwakwalala
Nkhotakota|TA Kanyenda|Latika
Nkhotakota|TA Kanyenda|Licheri
Nkhotakota|TA Kanyenda|Lipinde
Nkhotakota|TA Kanyenda|Lipweku
Nkhotakota|TA Kanyenda|Longwe
Nkhotakota|TA Kanyenda|Lowani
Nkhotakota|TA Kanyenda|Lunda
Nkhotakota|TA Kanyenda|Luwanda
Nkhotakota|TA Kanyenda|Mafupa
Nkhotakota|TA Kanyenda|Malilika
Nkhotakota|TA Kanyenda|Maluma
Nkhotakota|TA Kanyenda|Mateleza
Nkhotakota|TA Kanyenda|Mateyu Zunga
Nkhotakota|TA Kanyenda|Matiki (Chitowe)
Nkhotakota|TA Kanyenda|Matiki III A
Nkhotakota|TA Kanyenda|Matiki III B
Nkhotakota|TA Kanyenda|MatikiI (Chitowe I)
Nkhotakota|TA Kanyenda|MatikiI (Chitowe II)
Nkhotakota|TA Kanyenda|Matope
Nkhotakota|TA Kanyenda|Mazanduwa
Nkhotakota|TA Kanyenda|Mbili
Nkhotakota|TA Kanyenda|Mbuluma
Nkhotakota|TA Kanyenda|Mbuna
Nkhotakota|TA Kanyenda|Mbuwa
Nkhotakota|TA Kanyenda|Mbwanya
Nkhotakota|TA Kanyenda|Mezani
Nkhotakota|TA Kanyenda|Mgwinhti
Nkhotakota|TA Kanyenda|Mkanda
Nkhotakota|TA Kanyenda|Mkhochi
Nkhotakota|TA Kanyenda|Mkomandolo
Nkhotakota|TA Kanyenda|Mkombola
Nkhotakota|TA Kanyenda|Mkombozi
Nkhotakota|TA Kanyenda|Mkuli
Nkhotakota|TA Kanyenda|Mkwapatila
Nkhotakota|TA Kanyenda|Mleleka
Nkhotakota|TA Kanyenda|Mnguwo
Nkhotakota|TA Kanyenda|Mnthembwe
Nkhotakota|TA Kanyenda|Mowe
Nkhotakota|TA Kanyenda|Mphangwe
Nkhotakota|TA Kanyenda|Mphikapika
Nkhotakota|TA Kanyenda|Mphili
Nkhotakota|TA Kanyenda|Mpondambiri
Nkhotakota|TA Kanyenda|Msindwa
Nkhotakota|TA Kanyenda|Msisita
Nkhotakota|TA Kanyenda|Mswamphira
Nkhotakota|TA Kanyenda|Mtambo
Nkhotakota|TA Kanyenda|Mudolo
Nkhotakota|TA Kanyenda|Muleleka
Nkhotakota|TA Kanyenda|Munthanje
Nkhotakota|TA Kanyenda|Muyepa
Nkhotakota|TA Kanyenda|Mvula
Nkhotakota|TA Kanyenda|Mwamdimba
Nkhotakota|TA Kanyenda|Mwansambo
Nkhotakota|TA Kanyenda|Mwazanduwa
Nkhotakota|TA Kanyenda|Mwiniwawo
Nkhotakota|TA Kanyenda|Ndawanya
Nkhotakota|TA Kanyenda|Nguwu Lake
Nkhotakota|TA Kanyenda|Njoka
Nkhotakota|TA Kanyenda|Nkhongo
Nkhotakota|TA Kanyenda|Nowa
Nkhotakota|TA Kanyenda|Nsauka
Nkhotakota|TA Kanyenda|Nyalubwe
Nkhotakota|TA Kanyenda|Nyamvuu
Nkhotakota|TA Kanyenda|Nyamvuu I
Nkhotakota|TA Kanyenda|Nyamvuu II
Nkhotakota|TA Kanyenda|Nyanje
Nkhotakota|TA Kanyenda|Onaine
Nkhotakota|TA Kanyenda|Patamoyo
Nkhotakota|TA Kanyenda|Reuben
Nkhotakota|TA Kanyenda|Roberts
Nkhotakota|TA Kanyenda|Samba
Nkhotakota|TA Kanyenda|Sikalinga
Nkhotakota|TA Kanyenda|Sikweya
Nkhotakota|TA Kanyenda|Sosola
Nkhotakota|TA Kanyenda|Thom Chipeta
Nkhotakota|TA Kanyenda|Tito
Nkhotakota|TA Kanyenda|Tongole
Nkhotakota|TA Kanyenda|Tractor Pool Location
Nkhotakota|TA Kanyenda|Ukasi
Nkhotakota|TA Kanyenda|Zangazanga
Nkhotakota|TA Malengachanzi|Ali Kanyenda
Nkhotakota|TA Malengachanzi|Ambali
Nkhotakota|TA Malengachanzi|Augustine
Nkhotakota|TA Malengachanzi|Chafukila
Nkhotakota|TA Malengachanzi|Chamalala Farm
Nkhotakota|TA Malengachanzi|Chamba
Nkhotakota|TA Malengachanzi|Chamba I
Nkhotakota|TA Malengachanzi|Chamba II
Nkhotakota|TA Malengachanzi|Chamba III
Nkhotakota|TA Malengachanzi|Chanika
Nkhotakota|TA Malengachanzi|Chanzi
Nkhotakota|TA Malengachanzi|Chapinga
Nkhotakota|TA Malengachanzi|Chia Trading Centre
Nkhotakota|TA Malengachanzi|Chigumikire
Nkhotakota|TA Malengachanzi|Chikho
Nkhotakota|TA Malengachanzi|Chiluma
Nkhotakota|TA Malengachanzi|Chiluma II
Nkhotakota|TA Malengachanzi|Chimbuto
Nkhotakota|TA Malengachanzi|Chimkwende
Nkhotakota|TA Malengachanzi|Chimunde
Nkhotakota|TA Malengachanzi|Chimzimu
Nkhotakota|TA Malengachanzi|Ching'amba
Nkhotakota|TA Malengachanzi|Chinzili
Nkhotakota|TA Malengachanzi|Chinzili I
Nkhotakota|TA Malengachanzi|Chinzili II
Nkhotakota|TA Malengachanzi|Chitambo
Nkhotakota|TA Malengachanzi|Chithumbwi
Nkhotakota|TA Malengachanzi|Chiula
Nkhotakota|TA Malengachanzi|Chiutula
Nkhotakota|TA Malengachanzi|Chiwaula
Nkhotakota|TA Malengachanzi|Chizito
Nkhotakota|TA Malengachanzi|Choopela
Nkhotakota|TA Malengachanzi|Chota
Nkhotakota|TA Malengachanzi|Chunga
Nkhotakota|TA Malengachanzi|Funani
Nkhotakota|TA Malengachanzi|Grace Farm
Nkhotakota|TA Malengachanzi|Kachitosi
Nkhotakota|TA Malengachanzi|Kachuma
Nkhotakota|TA Malengachanzi|Kachuma Trading Centre
Nkhotakota|TA Malengachanzi|Kalema Farm
Nkhotakota|TA Malengachanzi|Kalimanjira
Nkhotakota|TA Malengachanzi|Kalimanjira Trading Centre
Nkhotakota|TA Malengachanzi|Kaliwonera Nkhondo Estate
Nkhotakota|TA Malengachanzi|Kalusa
Nkhotakota|TA Malengachanzi|Kamkuwazi
Nkhotakota|TA Malengachanzi|Kamtunda
Nkhotakota|TA Malengachanzi|Kamzimu
Nkhotakota|TA Malengachanzi|Kanjiru Farm
Nkhotakota|TA Malengachanzi|Kanunkha
Nkhotakota|TA Malengachanzi|Kanyambo
Nkhotakota|TA Malengachanzi|Kanyaso
Nkhotakota|TA Malengachanzi|Kanyemba
Nkhotakota|TA Malengachanzi|Kapanga
Nkhotakota|TA Malengachanzi|Kapanga I
Nkhotakota|TA Malengachanzi|Kapanga II
Nkhotakota|TA Malengachanzi|Kapaza
Nkhotakota|TA Malengachanzi|Kapeta
Nkhotakota|TA Malengachanzi|Kapute Farm
Nkhotakota|TA Malengachanzi|Katemba
Nkhotakota|TA Malengachanzi|Katengeza
Nkhotakota|TA Malengachanzi|Katimba
Nkhotakota|TA Malengachanzi|Kaulungu
Nkhotakota|TA Malengachanzi|Kavina Farm
Nkhotakota|TA Malengachanzi|Kawelama
Nkhotakota|TA Malengachanzi|Kawelama I
Nkhotakota|TA Malengachanzi|Kawelama II
Nkhotakota|TA Malengachanzi|Kazimu
Nkhotakota|TA Malengachanzi|Kholoti
Nkhotakota|TA Malengachanzi|Khombe
Nkhotakota|TA Malengachanzi|Khufi
Nkhotakota|TA Malengachanzi|Liwewe
Nkhotakota|TA Malengachanzi|Lizinda
Nkhotakota|TA Malengachanzi|Makuta
Nkhotakota|TA Malengachanzi|Makuzi
Nkhotakota|TA Malengachanzi|Malasa
Nkhotakota|TA Malengachanzi|Malenga Chanzi
Nkhotakota|TA Malengachanzi|Malenga Sanga
Nkhotakota|TA Malengachanzi|Mapapa Farm
Nkhotakota|TA Malengachanzi|Mapulanga
Nkhotakota|TA Malengachanzi|Masa
Nkhotakota|TA Malengachanzi|Matekenya
Nkhotakota|TA Malengachanzi|Mazengera
Nkhotakota|TA Malengachanzi|Mbalame
Nkhotakota|TA Malengachanzi|Mbewa
Nkhotakota|TA Malengachanzi|Mbewe
Nkhotakota|TA Malengachanzi|M'buta
Nkhotakota|TA Malengachanzi|Mchemela
Nkhotakota|TA Malengachanzi|Mgomba
Nkhotakota|TA Malengachanzi|Mgombe I
Nkhotakota|TA Malengachanzi|Mgombe II
Nkhotakota|TA Malengachanzi|Mkosola
Nkhotakota|TA Malengachanzi|Mnjumbula
Nkhotakota|TA Malengachanzi|Mnthanje
Nkhotakota|TA Malengachanzi|Mpamantha Estate
Nkhotakota|TA Malengachanzi|Mpamantha Trading Centre
Nkhotakota|TA Malengachanzi|Mponda Njobvu Estate
Nkhotakota|TA Malengachanzi|Mpulula Farm
Nkhotakota|TA Malengachanzi|Msalira
Nkhotakota|TA Malengachanzi|Mtanga I
Nkhotakota|TA Malengachanzi|Mtanga II
Nkhotakota|TA Malengachanzi|Mtekera
Nkhotakota|TA Malengachanzi|Mtemathongo
Nkhotakota|TA Malengachanzi|Namakwati
Nkhotakota|TA Malengachanzi|Ngondo
Nkhotakota|TA Malengachanzi|Njalakunjira Farm
Nkhotakota|TA Malengachanzi|Njalamchiuno
Nkhotakota|TA Malengachanzi|Njoka
Nkhotakota|TA Malengachanzi|Nkhandwe
Nkhotakota|TA Malengachanzi|Nkhongo
Nkhotakota|TA Malengachanzi|Nkhwangwa
Nkhotakota|TA Malengachanzi|Ntunthumila
Nkhotakota|TA Malengachanzi|Ntwana
Nkhotakota|TA Malengachanzi|Phwetekere
Nkhotakota|TA Malengachanzi|Sani Trading Centre
Nkhotakota|TA Malengachanzi|Sasani
Nkhotakota|TA Malengachanzi|Sasani I
Nkhotakota|TA Malengachanzi|Sasani II
Nkhotakota|TA Malengachanzi|Shamuti
Nkhotakota|TA Malengachanzi|Simba
Nkhotakota|TA Malengachanzi|Tambala
Nkhotakota|TA Malengachanzi|Tambala Trading Centre
Nkhotakota|TA Malengachanzi|Tandwe
Nkhotakota|TA Malengachanzi|Tandwe I
Nkhotakota|TA Malengachanzi|Thandinza
Nkhotakota|TA Malengachanzi|Ungwe
Nkhotakota|TA Malengachanzi|Yaperewera Farm
Nkhotakota|TA Malengachanzi|Yusufu
Nkhotakota|TA Malengachanzi|Zawe
Nkhotakota|TA Mwadzama|Ali
Nkhotakota|TA Mwadzama|Bango
Nkhotakota|TA Mwadzama|Benga I
Nkhotakota|TA Mwadzama|Benga II
Nkhotakota|TA Mwadzama|Benga Trading Centre
Nkhotakota|TA Mwadzama|Besala
Nkhotakota|TA Mwadzama|Chadewa
Nkhotakota|TA Mwadzama|Chakaka
Nkhotakota|TA Mwadzama|Chalunda
Nkhotakota|TA Mwadzama|Champhula
Nkhotakota|TA Mwadzama|Chankhande
Nkhotakota|TA Mwadzama|Chapota
Nkhotakota|TA Mwadzama|Chaunga
Nkhotakota|TA Mwadzama|Chawola
Nkhotakota|TA Mwadzama|Chibothera
Nkhotakota|TA Mwadzama|Chidabwi
Nkhotakota|TA Mwadzama|Chifumbi
Nkhotakota|TA Mwadzama|Chigwe
Nkhotakota|TA Mwadzama|Chijele
Nkhotakota|TA Mwadzama|Chikasima
Nkhotakota|TA Mwadzama|Chikepe
Nkhotakota|TA Mwadzama|Chikho
Nkhotakota|TA Mwadzama|Chikhokho
Nkhotakota|TA Mwadzama|Chikhutu
Nkhotakota|TA Mwadzama|Chikhwe
Nkhotakota|TA Mwadzama|Chikumangala I
Nkhotakota|TA Mwadzama|Chikwawe
Nkhotakota|TA Mwadzama|Chilenga I
Nkhotakota|TA Mwadzama|Chilipula
Nkhotakota|TA Mwadzama|Chimbalu
Nkhotakota|TA Mwadzama|Chimbuli
Nkhotakota|TA Mwadzama|Chimphungu
Nkhotakota|TA Mwadzama|Chinseu
Nkhotakota|TA Mwadzama|Chioza
Nkhotakota|TA Mwadzama|Chipala
Nkhotakota|TA Mwadzama|Chipeleka
Nkhotakota|TA Mwadzama|Chipelera I
Nkhotakota|TA Mwadzama|Chipelera II
Nkhotakota|TA Mwadzama|Chipelera III
Nkhotakota|TA Mwadzama|Chiphada
Nkhotakota|TA Mwadzama|Chipokosa
Nkhotakota|TA Mwadzama|Chiputu
Nkhotakota|TA Mwadzama|Chisaka
Nkhotakota|TA Mwadzama|Chisaka Trading Centre
Nkhotakota|TA Mwadzama|Chisanthi
Nkhotakota|TA Mwadzama|Chizongwe
Nkhotakota|TA Mwadzama|Chizongwe I
Nkhotakota|TA Mwadzama|Chizongwe II
Nkhotakota|TA Mwadzama|Chizongwe III
Nkhotakota|TA Mwadzama|Chomveka
Nkhotakota|TA Mwadzama|Chomveka Trading Centre
Nkhotakota|TA Mwadzama|Chongole
Nkhotakota|TA Mwadzama|Chongole I
Nkhotakota|TA Mwadzama|Damba
Nkhotakota|TA Mwadzama|Damba I
Nkhotakota|TA Mwadzama|Dzama
Nkhotakota|TA Mwadzama|England
Nkhotakota|TA Mwadzama|Farao
Nkhotakota|TA Mwadzama|Funsani
Nkhotakota|TA Mwadzama|Gome I
Nkhotakota|TA Mwadzama|Gome II
Nkhotakota|TA Mwadzama|Imbe
Nkhotakota|TA Mwadzama|Jinga
Nkhotakota|TA Mwadzama|Jinga II
Nkhotakota|TA Mwadzama|Jojo
Nkhotakota|TA Mwadzama|Jonasi
Nkhotakota|TA Mwadzama|Kalungama
Nkhotakota|TA Mwadzama|Kamongo
Nkhotakota|TA Mwadzama|Kankhokwe
Nkhotakota|TA Mwadzama|Kanunkhawonga
Nkhotakota|TA Mwadzama|Kanyangale
Nkhotakota|TA Mwadzama|Kanyemba
Nkhotakota|TA Mwadzama|Kanyenda
Nkhotakota|TA Mwadzama|Kanyendela
Nkhotakota|TA Mwadzama|Kaphili
Nkhotakota|TA Mwadzama|Kapichila
Nkhotakota|TA Mwadzama|Kapunda
Nkhotakota|TA Mwadzama|Kasakula
Nkhotakota|TA Mwadzama|Katepwa
Nkhotakota|TA Mwadzama|Katone
Nkhotakota|TA Mwadzama|Katsimbe
Nkhotakota|TA Mwadzama|Kayadza
Nkhotakota|TA Mwadzama|Kayela
Nkhotakota|TA Mwadzama|Khomo Trading Centre
Nkhotakota|TA Mwadzama|Khwapu
Nkhotakota|TA Mwadzama|Kudooko
Nkhotakota|TA Mwadzama|Kumchenga
Nkhotakota|TA Mwadzama|Lipenga
Nkhotakota|TA Mwadzama|Maimba
Nkhotakota|TA Mwadzama|Maimba II
Nkhotakota|TA Mwadzama|Malambilo
Nkhotakota|TA Mwadzama|Malanda
Nkhotakota|TA Mwadzama|Maleko
Nkhotakota|TA Mwadzama|Malendewa
Nkhotakota|TA Mwadzama|Malizani
Nkhotakota|TA Mwadzama|Mangulenje
Nkhotakota|TA Mwadzama|Manjawila
Nkhotakota|TA Mwadzama|Mankhokwa
Nkhotakota|TA Mwadzama|Mankhukwa
Nkhotakota|TA Mwadzama|Mankhwazi
Nkhotakota|TA Mwadzama|Manondo
Nkhotakota|TA Mwadzama|Manyamba I
Nkhotakota|TA Mwadzama|Manyamba II
Nkhotakota|TA Mwadzama|Manyamba III
Nkhotakota|TA Mwadzama|Maondo
Nkhotakota|TA Mwadzama|Mapulanga
Nkhotakota|TA Mwadzama|Mazoni
Nkhotakota|TA Mwadzama|Mbuwa
Nkhotakota|TA Mwadzama|Mchingaleza
Nkhotakota|TA Mwadzama|Mgungu
Nkhotakota|TA Mwadzama|Mkhungwa
Nkhotakota|TA Mwadzama|Mkonda
Nkhotakota|TA Mwadzama|Mkongolo
Nkhotakota|TA Mwadzama|Mkuda (Jemusi)
Nkhotakota|TA Mwadzama|Mkukumila
Nkhotakota|TA Mwadzama|Mkuwa
Nkhotakota|TA Mwadzama|Mkwapu
Nkhotakota|TA Mwadzama|Mlamba
Nkhotakota|TA Mwadzama|Mng'omba
Nkhotakota|TA Mwadzama|Mng'omba Trading Centre
Nkhotakota|TA Mwadzama|Mnjeyeka
Nkhotakota|TA Mwadzama|Mnyanga
Nkhotakota|TA Mwadzama|Mnyanje
Nkhotakota|TA Mwadzama|Mnyanje I
Nkhotakota|TA Mwadzama|Mphanda
Nkhotakota|TA Mwadzama|Mphanje
Nkhotakota|TA Mwadzama|Mponda
Nkhotakota|TA Mwadzama|Mpumo
Nkhotakota|TA Mwadzama|Mpumo II
Nkhotakota|TA Mwadzama|Msamala
Nkhotakota|TA Mwadzama|Msamala I
Nkhotakota|TA Mwadzama|Msamala III
Nkhotakota|TA Mwadzama|Mtachi I
Nkhotakota|TA Mwadzama|Mtachi II
Nkhotakota|TA Mwadzama|Mtalanje
Nkhotakota|TA Mwadzama|Mtambalika II
Nkhotakota|TA Mwadzama|Mtete
Nkhotakota|TA Mwadzama|Mtosa Trading Centre
Nkhotakota|TA Mwadzama|Mulalo
Nkhotakota|TA Mwadzama|Muyande
Nkhotakota|TA Mwadzama|Mwadzama
Nkhotakota|TA Mwadzama|Mwanawafa Farm
Nkhotakota|TA Mwadzama|Mwansambo Turn Off Trading Centre
Nkhotakota|TA Mwadzama|Myanje
Nkhotakota|TA Mwadzama|Mzeweza
Nkhotakota|TA Mwadzama|Naferanji
Nkhotakota|TA Mwadzama|Nakutuwa I
Nkhotakota|TA Mwadzama|Nambela
Nkhotakota|TA Mwadzama|Nchanamila
Nkhotakota|TA Mwadzama|Ndevu
Nkhotakota|TA Mwadzama|Ndimbwa
Nkhotakota|TA Mwadzama|Nduwa
Nkhotakota|TA Mwadzama|Ngalauka
Nkhotakota|TA Mwadzama|Ngalauka III
Nkhotakota|TA Mwadzama|Ng'ombe
Nkhotakota|TA Mwadzama|Ngumbwe
Nkhotakota|TA Mwadzama|Ngwata I
Nkhotakota|TA Mwadzama|NgwataII
Nkhotakota|TA Mwadzama|Njale
Nkhotakota|TA Mwadzama|Njewa
Nkhotakota|TA Mwadzama|Njoka
Nkhotakota|TA Mwadzama|Njubwi
Nkhotakota|TA Mwadzama|Nkhala
Nkhotakota|TA Mwadzama|Nkhanga
Nkhotakota|TA Mwadzama|Nkhasa
Nkhotakota|TA Mwadzama|Nkhata
Nkhotakota|TA Mwadzama|Nkhongo III
Nkhotakota|TA Mwadzama|Nkhongo Sopo
Nkhotakota|TA Mwadzama|Nkhumbwa
Nkhotakota|TA Mwadzama|Nkhwanya
Nkhotakota|TA Mwadzama|Nseza
Nkhotakota|TA Mwadzama|Nthengu
Nkhotakota|TA Mwadzama|Ntholomi
Nkhotakota|TA Mwadzama|Pamphala
Nkhotakota|TA Mwadzama|Pembela
Nkhotakota|TA Mwadzama|Pembela II
Nkhotakota|TA Mwadzama|Phale
Nkhotakota|TA Mwadzama|Pinji
Nkhotakota|TA Mwadzama|Sambani
Nkhotakota|TA Mwadzama|Sasani
Nkhotakota|TA Mwadzama|Shanguzi Phuti
Nkhotakota|TA Mwadzama|Suluwi
Nkhotakota|TA Mwadzama|Tambala
Nkhotakota|TA Mwadzama|Tchale
Nkhotakota|TA Mwadzama|Thawale
Nkhotakota|TA Mwadzama|Tsamphala
Nkhotakota|TA Mwadzama|Tsindo
Nkhotakota|TA Mwadzama|Valamanja
Nkhotakota|TA Mwadzama|Vindolo
Nkhotakota|TA Mwadzama|Vuludza
Nkhotakota|TA Mwadzama|Vyovyo
Nkhotakota|TA Mwadzama|Vyovyo Trading Centre
Nkhotakota|TA Mwadzama|Yohane
Nkhotakota|TA Mwadzama|Zambwe
Nkhotakota|TA Mwadzama|Zidyana
Nkhotakota|TA Mwadzama|Zidyana Trading Centre
Nkhotakota|TA Mwansambo|Anaferanji
Nkhotakota|TA Mwansambo|Bowa
Nkhotakota|TA Mwansambo|Bulire
Nkhotakota|TA Mwansambo|Chadewa
Nkhotakota|TA Mwansambo|Chakumika
Nkhotakota|TA Mwansambo|Chakwawa
Nkhotakota|TA Mwansambo|Chalewa
Nkhotakota|TA Mwansambo|Chalunda
Nkhotakota|TA Mwansambo|Chamnjira
Nkhotakota|TA Mwansambo|Changa
Nkhotakota|TA Mwansambo|Changala
Nkhotakota|TA Mwansambo|Chaola
Nkhotakota|TA Mwansambo|Chidyawana
Nkhotakota|TA Mwansambo|Chikango
Nkhotakota|TA Mwansambo|Chikunumbu
Nkhotakota|TA Mwansambo|Chikwekwelemba
Nkhotakota|TA Mwansambo|Chimbindu
Nkhotakota|TA Mwansambo|Chimpanda
Nkhotakota|TA Mwansambo|Chinguwo
Nkhotakota|TA Mwansambo|Chinthankhwa
Nkhotakota|TA Mwansambo|Chipalamnjira
Nkhotakota|TA Mwansambo|Chipelesa
Nkhotakota|TA Mwansambo|Chisani
Nkhotakota|TA Mwansambo|Chisemphere
Nkhotakota|TA Mwansambo|Chithakwa
Nkhotakota|TA Mwansambo|Chitsulo
Nkhotakota|TA Mwansambo|Denje
Nkhotakota|TA Mwansambo|Filipo
Nkhotakota|TA Mwansambo|Folomani
Nkhotakota|TA Mwansambo|Galamu
Nkhotakota|TA Mwansambo|Jabu
Nkhotakota|TA Mwansambo|Jelesoni
Nkhotakota|TA Mwansambo|Jeresoni
Nkhotakota|TA Mwansambo|Kachela
Nkhotakota|TA Mwansambo|Kachigwada
Nkhotakota|TA Mwansambo|Kajaliza
Nkhotakota|TA Mwansambo|Kalumphila
Nkhotakota|TA Mwansambo|Kamphonje
Nkhotakota|TA Mwansambo|Kamsumbuzila
Nkhotakota|TA Mwansambo|Kandinda
Nkhotakota|TA Mwansambo|Kango
Nkhotakota|TA Mwansambo|Kangﾗma
Nkhotakota|TA Mwansambo|Kanongola
Nkhotakota|TA Mwansambo|Kapongola
Nkhotakota|TA Mwansambo|Katanga
Nkhotakota|TA Mwansambo|Katayika
Nkhotakota|TA Mwansambo|Kateketa
Nkhotakota|TA Mwansambo|Kawamba
Nkhotakota|TA Mwansambo|Khuni
Nkhotakota|TA Mwansambo|Khwapu
Nkhotakota|TA Mwansambo|Kulinji II
Nkhotakota|TA Mwansambo|Kulumphadenga
Nkhotakota|TA Mwansambo|Kwendanguwo
Nkhotakota|TA Mwansambo|Luwela I
Nkhotakota|TA Mwansambo|Machipitsa
Nkhotakota|TA Mwansambo|Madika
Nkhotakota|TA Mwansambo|Malanda
Nkhotakota|TA Mwansambo|Malanda II
Nkhotakota|TA Mwansambo|Mandowa
Nkhotakota|TA Mwansambo|Mapilane
Nkhotakota|TA Mwansambo|Masantchi
Nkhotakota|TA Mwansambo|Masewe
Nkhotakota|TA Mwansambo|Masonkhetsa
Nkhotakota|TA Mwansambo|Matchipitsa
Nkhotakota|TA Mwansambo|Mbalameyanyengo
Nkhotakota|TA Mwansambo|Mbawala
Nkhotakota|TA Mwansambo|Mchenga
Nkhotakota|TA Mwansambo|Mgombe
Nkhotakota|TA Mwansambo|Mkomba
Nkhotakota|TA Mwansambo|Mkomba II
Nkhotakota|TA Mwansambo|Mkuwila
Nkhotakota|TA Mwansambo|Mkwakwa
Nkhotakota|TA Mwansambo|Mkwinda
Nkhotakota|TA Mwansambo|Mnyanje
Nkhotakota|TA Mwansambo|Moto
Nkhotakota|TA Mwansambo|Mphondelo
Nkhotakota|TA Mwansambo|Mpozera
Nkhotakota|TA Mwansambo|Msakachalo
Nkhotakota|TA Mwansambo|Mtawa
Nkhotakota|TA Mwansambo|Mtawa Estate
Nkhotakota|TA Mwansambo|Mtemanyanga
Nkhotakota|TA Mwansambo|Mtengowagwa
Nkhotakota|TA Mwansambo|Mthunya
Nkhotakota|TA Mwansambo|Mtsiriza
Nkhotakota|TA Mwansambo|Muyande
Nkhotakota|TA Mwansambo|Mvula
Nkhotakota|TA Mwansambo|Mwangodana
Nkhotakota|TA Mwansambo|Mwasambo
Nkhotakota|TA Mwansambo|Mwasambo Trading Centre
Nkhotakota|TA Mwansambo|Ndefu
Nkhotakota|TA Mwansambo|Ngala
Nkhotakota|TA Mwansambo|Njiwa
Nkhotakota|TA Mwansambo|Nkhongo
Nkhotakota|TA Mwansambo|Nuuchi
Nkhotakota|TA Mwansambo|Nyangazadya
Nkhotakota|TA Mwansambo|Nyundo
Nkhotakota|TA Mwansambo|Paima
Nkhotakota|TA Mwansambo|Patsunda
Nkhotakota|TA Mwansambo|Pelekamoyo
Nkhotakota|TA Mwansambo|Pembela
Nkhotakota|TA Mwansambo|Phwetekere
Nkhotakota|TA Mwansambo|Pomphe
Nkhotakota|TA Mwansambo|Sakhwi
Nkhotakota|TA Mwansambo|Sangayambe
Nkhotakota|TA Mwansambo|Saweta
Nkhotakota|TA Mwansambo|Sichongo
Nkhotakota|TA Mwansambo|Simwini
Nkhotakota|TA Mwansambo|Simwini III
Nkhotakota|TA Mwansambo|Singa
Nkhotakota|TA Mwansambo|Sinoya
Nkhotakota|TA Mwansambo|Thanga
Nkhotakota|TA Mwansambo|Thangaude
Nkhotakota|TA Mwansambo|Thanthwe
Nkhotakota|TA Mwansambo|Vuso
Nkhotakota|TA Mwansambo|Watini
Nsanje|Chimombo|Akina
Nsanje|Chimombo|Alufasi
Nsanje|Chimombo|Alufasi Charle Chaka
Nsanje|Chimombo|Bongwe
Nsanje|Chimombo|Botso
Nsanje|Chimombo|Butao
Nsanje|Chimombo|Chabote
Nsanje|Chimombo|Chabuka
Nsanje|Chimombo|Chazuka
Nsanje|Chimombo|Chindikano
Nsanje|Chimombo|Chipadzika
Nsanje|Chimombo|Chitakata
Nsanje|Chimombo|Chokha
Nsanje|Chimombo|Cholera
Nsanje|Chimombo|Dzambasa
Nsanje|Chimombo|Fransiku
Nsanje|Chimombo|Gumbwa
Nsanje|Chimombo|Kachaso
Nsanje|Chimombo|Kambalame
Nsanje|Chimombo|Kamphata
Nsanje|Chimombo|Kumbukani
Nsanje|Chimombo|Landinyu
Nsanje|Chimombo|Malelemba
Nsanje|Chimombo|Mangani
Nsanje|Chimombo|Mbeza
Nsanje|Chimombo|Meza
Nsanje|Chimombo|Mkumba
Nsanje|Chimombo|Mphinga
Nsanje|Chimombo|Mpomba
Nsanje|Chimombo|Msamba
Nsanje|Chimombo|Msambakaluma
Nsanje|Chimombo|Msikuzakwenda
Nsanje|Chimombo|Mulira
Nsanje|Chimombo|Muyang'anila
Nsanje|Chimombo|Mwanagalu
Nsanje|Chimombo|Nkundi
Nsanje|Chimombo|Ntemanyanja
Nsanje|Chimombo|Nyambilo
Nsanje|Chimombo|Nyamizinga I
Nsanje|Chimombo|Nyamizinga II
Nsanje|Chimombo|Nyandelo
Nsanje|Chimombo|Nyimbiri
Nsanje|Chimombo|Nyoza
Nsanje|Chimombo|Nzondola
Nsanje|Chimombo|Sabao
Nsanje|Chimombo|Sikuzakwenda
Nsanje|Chimombo|Tizola
Nsanje|Chimombo|Tsabilima
Nsanje|Chimombo|Ubalechino
Nsanje|Makoko|Byingwe
Nsanje|Makoko|Chilaphu
Nsanje|Makoko|Ching'oma
Nsanje|Makoko|David
Nsanje|Makoko|Dziko
Nsanje|Makoko|Galafa
Nsanje|Makoko|Guta
Nsanje|Makoko|Kaitano
Nsanje|Makoko|Kamwendo
Nsanje|Makoko|Khuku I
Nsanje|Makoko|Khuku II
Nsanje|Makoko|Kusala
Nsanje|Makoko|Makoko
Nsanje|Makoko|Manjolo
Nsanje|Makoko|Mateuzi
Nsanje|Makoko|Milisau
Nsanje|Makoko|Mkopola
Nsanje|Makoko|Mulira I
Nsanje|Makoko|Mulira II
Nsanje|Makoko|Njanje
Nsanje|Makoko|Nkudziwa
Nsanje|Makoko|Ntakataka
Nsanje|Makoko|Ntasa
Nsanje|Makoko|Tchapo I
Nsanje|Makoko|Tchapo II
Nsanje|Makoko|Thela
Nsanje|Makoko|Thomsen
Nsanje|Makoko|Watford
Nsanje|Makoko|Zuwangeti
Nsanje|Malemia|Chapilira
Nsanje|Malemia|Chiliwekha
Nsanje|Malemia|Chimpilingu
Nsanje|Malemia|Chindevu
Nsanje|Malemia|Chingwe
Nsanje|Malemia|Chintombwe
Nsanje|Malemia|Chitsa
Nsanje|Malemia|Felo
Nsanje|Malemia|Guta
Nsanje|Malemia|Jofilisi
Nsanje|Malemia|Kakowa
Nsanje|Malemia|Kaledzela
Nsanje|Malemia|Kanaventi
Nsanje|Malemia|Kasenga
Nsanje|Malemia|Kutuma
Nsanje|Malemia|Lambwe
Nsanje|Malemia|Lundu
Nsanje|Malemia|Malawi Army Camp
Nsanje|Malemia|Malemia
Nsanje|Malemia|Mambundungu
Nsanje|Malemia|Manzi
Nsanje|Malemia|Masimo
Nsanje|Malemia|Masinyu
Nsanje|Malemia|Masona
Nsanje|Malemia|Mbang'ombe
Nsanje|Malemia|Mbangu
Nsanje|Malemia|Mbeta
Nsanje|Malemia|Mbukwa
Nsanje|Malemia|Mchacha
Nsanje|Malemia|Mkhutche
Nsanje|Malemia|Mkotamu
Nsanje|Malemia|Mkuziwalinga
Nsanje|Malemia|Mpangira
Nsanje|Malemia|Mphaladona
Nsanje|Malemia|Mphamba
Nsanje|Malemia|Mpokonyola
Nsanje|Malemia|Mpomba
Nsanje|Malemia|Mwanalundu
Nsanje|Malemia|Mwanda
Nsanje|Malemia|Nkundi
Nsanje|Malemia|Nsangalambe
Nsanje|Malemia|Nsenzi
Nsanje|Malemia|Nthondo(Matandwe)
Nsanje|Malemia|Nyaikha
Nsanje|Malemia|Nyakamera
Nsanje|Malemia|Nyankwatula
Nsanje|Malemia|Nyasosela
Nsanje|Malemia|Nyatchelenga
Nsanje|Malemia|Nyenyezi
Nsanje|Malemia|Nyenyezi I
Nsanje|Malemia|Pheredzenge
Nsanje|Malemia|Saini
Nsanje|Malemia|Sole
Nsanje|Malemia|Thawalawa
Nsanje|Malemia|Thepheya
Nsanje|Malemia|Trasada
Nsanje|Malemia|Tsam'doka
Nsanje|Malemia|Vilanova
Nsanje|Mbenje|Bande
Nsanje|Mbenje|Bangula
Nsanje|Mbenje|Bangula Trading Centre
Nsanje|Mbenje|Banzi
Nsanje|Mbenje|Bazhu
Nsanje|Mbenje|Blaiton
Nsanje|Mbenje|Bulawayo
Nsanje|Mbenje|Butao
Nsanje|Mbenje|Byilikumunda
Nsanje|Mbenje|Chambuluka
Nsanje|Mbenje|Chapasuka
Nsanje|Mbenje|Chazuka
Nsanje|Mbenje|Chikanzi
Nsanje|Mbenje|Chimphanga
Nsanje|Mbenje|Chinsomba
Nsanje|Mbenje|Chintedza
Nsanje|Mbenje|Chisamba
Nsanje|Mbenje|Chithumba
Nsanje|Mbenje|Desha
Nsanje|Mbenje|Dinyilo
Nsanje|Mbenje|Dwakunja
Nsanje|Mbenje|Fulukiya
Nsanje|Mbenje|Fulutuna
Nsanje|Mbenje|Gamba
Nsanje|Mbenje|Gambo
Nsanje|Mbenje|Gubu
Nsanje|Mbenje|January
Nsanje|Mbenje|Jasi
Nsanje|Mbenje|Jombo
Nsanje|Mbenje|Jonasi
Nsanje|Mbenje|Jonikisi
Nsanje|Mbenje|Juni
Nsanje|Mbenje|Kadamera I
Nsanje|Mbenje|Kadamera II
Nsanje|Mbenje|Kalavina
Nsanje|Mbenje|Kalenso
Nsanje|Mbenje|Kalupya
Nsanje|Mbenje|Kampila
Nsanje|Mbenje|Kankhomba
Nsanje|Mbenje|Kapalamula
Nsanje|Mbenje|Kaputanyuchi
Nsanje|Mbenje|Khembo
Nsanje|Mbenje|Khembo Trading Centre
Nsanje|Mbenje|Kufakwina
Nsanje|Mbenje|Kuyeri
Nsanje|Mbenje|Laitoni
Nsanje|Mbenje|Maere
Nsanje|Mbenje|Magoti
Nsanje|Mbenje|Makina
Nsanje|Mbenje|Makwalo
Nsanje|Mbenje|Manjolo
Nsanje|Mbenje|Masamba
Nsanje|Mbenje|Matandwe Forest Reserve
Nsanje|Mbenje|Maya
Nsanje|Mbenje|Mbabo
Nsanje|Mbenje|Mbenje
Nsanje|Mbenje|Mbobo
Nsanje|Mbenje|Meja
Nsanje|Mbenje|Melo
Nsanje|Mbenje|Mgwiliza
Nsanje|Mbenje|Milton (VH Kadamera)
Nsanje|Mbenje|Minthanje
Nsanje|Mbenje|Mkotamu
Nsanje|Mbenje|Mnembe
Nsanje|Mbenje|Moses
Nsanje|Mbenje|Mphamba
Nsanje|Mbenje|Mphetomwanyama
Nsanje|Mbenje|Mpisamanja
Nsanje|Mbenje|Mponya
Nsanje|Mbenje|Mwanabowa
Nsanje|Mbenje|Mwandizwa (VH Chithumba)
Nsanje|Mbenje|Navaya
Nsanje|Mbenje|Nchacha 6
Nsanje|Mbenje|Nchacha XVIII
Nsanje|Mbenje|Nchenyela I
Nsanje|Mbenje|Nchenyela II
Nsanje|Mbenje|Nguluwe
Nsanje|Mbenje|Ngwanji
Nsanje|Mbenje|Nyalandio
Nsanje|Mbenje|Nyanga
Nsanje|Mbenje|Nyanjidu
Nsanje|Mbenje|Nyathana
Nsanje|Mbenje|Nzondola
Nsanje|Mbenje|Petrol
Nsanje|Mbenje|Phokera TradingCentre
Nsanje|Mbenje|Sabola
Nsanje|Mbenje|Sandram
Nsanje|Mbenje|Semba
Nsanje|Mbenje|Sika
Nsanje|Mbenje|Sikedi
Nsanje|Mbenje|Sorgin
Nsanje|Mbenje|Tambo I
Nsanje|Mbenje|Tambo III
Nsanje|Mbenje|Tizola
Nsanje|Mbenje|Wizason
Nsanje|Mbenje|Zibahwe
Nsanje|Mbenje|Zuze
Nsanje|Mbenje|Zywaki
Nsanje|Mlolo|Airon
Nsanje|Mlolo|Alufazema
Nsanje|Mlolo|Arron
Nsanje|Mlolo|Bandazi
Nsanje|Mlolo|Batao
Nsanje|Mlolo|Batison
Nsanje|Mlolo|Billiati
Nsanje|Mlolo|Bitoni
Nsanje|Mlolo|Bokosi
Nsanje|Mlolo|Bonongwe
Nsanje|Mlolo|Botoman
Nsanje|Mlolo|Buleya
Nsanje|Mlolo|Chabe
Nsanje|Mlolo|Chakomoka
Nsanje|Mlolo|Chambuluka
Nsanje|Mlolo|Chapinga
Nsanje|Mlolo|Chapomoka
Nsanje|Mlolo|Chawalika
Nsanje|Mlolo|Cheleni
Nsanje|Mlolo|Chikhulu
Nsanje|Mlolo|Chikonje Compound
Nsanje|Mlolo|Chilim'madzi
Nsanje|Mlolo|Chiliwekha
Nsanje|Mlolo|Chinegwe
Nsanje|Mlolo|Chinkole
Nsanje|Mlolo|Chinsema
Nsanje|Mlolo|Chintedza
Nsanje|Mlolo|Chinyanje Trading Centre
Nsanje|Mlolo|Chinzeti
Nsanje|Mlolo|Chipolopolo
Nsanje|Mlolo|Chipondeni
Nsanje|Mlolo|Chitseko
Nsanje|Mlolo|Chizinga
Nsanje|Mlolo|Choliza
Nsanje|Mlolo|Cholomali
Nsanje|Mlolo|Chombeza
Nsanje|Mlolo|Chomboto
Nsanje|Mlolo|Chonzi
Nsanje|Mlolo|Clemence
Nsanje|Mlolo|Dembe
Nsanje|Mlolo|Dickson Dongo
Nsanje|Mlolo|Enock
Nsanje|Mlolo|Fatima Trading Centre
Nsanje|Mlolo|Fero
Nsanje|Mlolo|Filimoni
Nsanje|Mlolo|Finyamowa
Nsanje|Mlolo|Gande
Nsanje|Mlolo|Gatoma
Nsanje|Mlolo|Gooke
Nsanje|Mlolo|Gugumia
Nsanje|Mlolo|Gundani
Nsanje|Mlolo|Izeki
Nsanje|Mlolo|Jailosi
Nsanje|Mlolo|James Mchacha
Nsanje|Mlolo|Jokonia
Nsanje|Mlolo|Kabuludzi
Nsanje|Mlolo|Kadakola
Nsanje|Mlolo|Kadyamba
Nsanje|Mlolo|Kaliza
Nsanje|Mlolo|Kalonga
Nsanje|Mlolo|Kandodo
Nsanje|Mlolo|Kanting'inda
Nsanje|Mlolo|Kanyelamalo
Nsanje|Mlolo|Khambadza
Nsanje|Mlolo|Khanna
Nsanje|Mlolo|Khanyabua
Nsanje|Mlolo|Khavala
Nsanje|Mlolo|Likweli
Nsanje|Mlolo|Linda Basiyao
Nsanje|Mlolo|Maheya
Nsanje|Mlolo|Majawa
Nsanje|Mlolo|Makhanga
Nsanje|Mlolo|Makhanga Trading Centre
Nsanje|Mlolo|Makhapha
Nsanje|Mlolo|Makwalo
Nsanje|Mlolo|Malitinyu
Nsanje|Mlolo|Malota
Nsanje|Mlolo|Malothi
Nsanje|Mlolo|Mangani
Nsanje|Mlolo|Mangasau
Nsanje|Mlolo|Mangwela
Nsanje|Mlolo|Manthenga
Nsanje|Mlolo|Manyowa
Nsanje|Mlolo|Masanzo
Nsanje|Mlolo|Masenjere Trading Centre
Nsanje|Mlolo|Mathiya
Nsanje|Mlolo|Mbadzo
Nsanje|Mlolo|Mbingwa
Nsanje|Mlolo|Mchacha
Nsanje|Mlolo|Mchambalinja
Nsanje|Mlolo|Mkweza
Nsanje|Mlolo|Mlalama
Nsanje|Mlolo|Mlambala
Nsanje|Mlolo|Monyo
Nsanje|Mlolo|Mpandeni
Nsanje|Mlolo|Mphiphira
Nsanje|Mlolo|Mphwiri
Nsanje|Mlolo|Msambokulira
Nsanje|Mlolo|Msusa
Nsanje|Mlolo|Mtondo Trading Centre
Nsanje|Mlolo|Mulembwe
Nsanje|Mlolo|Mulira
Nsanje|Mlolo|Muyeriwa
Nsanje|Mlolo|Mwana Bvumbe
Nsanje|Mlolo|Mwazalungu
Nsanje|Mlolo|Nalikhozi
Nsanje|Mlolo|Nalisoni
Nsanje|Mlolo|Namandoto
Nsanje|Mlolo|Namanya
Nsanje|Mlolo|Namathimba
Nsanje|Mlolo|Nandanda
Nsanje|Mlolo|Napasha
Nsanje|Mlolo|Navindio
Nsanje|Mlolo|Nchacha 58
Nsanje|Mlolo|Ndudza
Nsanje|Mlolo|Nduna
Nsanje|Mlolo|Ngena
Nsanje|Mlolo|Ng'ombe
Nsanje|Mlolo|Ngonela
Nsanje|Mlolo|Nkolimbo
Nsanje|Mlolo|Nkunga
Nsanje|Mlolo|Nsitu
Nsanje|Mlolo|Ntalika
Nsanje|Mlolo|Ntwana
Nsanje|Mlolo|Nyaikha
Nsanje|Mlolo|Nyakhavi
Nsanje|Mlolo|Nyenyezi
Nsanje|Mlolo|Nyongo
Nsanje|Mlolo|Osiyana
Nsanje|Mlolo|panesi
Nsanje|Mlolo|Penumulungu
Nsanje|Mlolo|Rekesi
Nsanje|Mlolo|Sambani
Nsanje|Mlolo|Sandalamu
Nsanje|Mlolo|Sandama
Nsanje|Mlolo|Sankhulani Trading Centre
Nsanje|Mlolo|Semu
Nsanje|Mlolo|Seven Trading Centre
Nsanje|Mlolo|Sikeyi
Nsanje|Mlolo|Singano
Nsanje|Mlolo|Solomoni
Nsanje|Mlolo|Tchatacha
Nsanje|Mlolo|Tchindi
Nsanje|Mlolo|Thengothawani
Nsanje|Mlolo|Tsekwe
Nsanje|Mlolo|Twaya
Nsanje|Mlolo|Ulogo
Nsanje|Mlolo|Yaphaduwa
Nsanje|Mlolo|Zatheka Trading Centre
Nsanje|Mlolo|Zyuwaki
Nsanje|Mwabvi Game Reserve|Chitedze
Nsanje|Mwabvi Game Reserve|Dambo (Tchale)
Nsanje|Mwabvi Game Reserve|John
Nsanje|Mwabvi Game Reserve|Kamanga
Nsanje|Mwabvi Game Reserve|Kamberengende
Nsanje|Mwabvi Game Reserve|Kanyimbi
Nsanje|Mwabvi Game Reserve|Kawa
Nsanje|Mwabvi Game Reserve|Kazembe
Nsanje|Mwabvi Game Reserve|Kofule
Nsanje|Mwabvi Game Reserve|Lambiki
Nsanje|Mwabvi Game Reserve|Macheka
Nsanje|Mwabvi Game Reserve|Magaleta
Nsanje|Mwabvi Game Reserve|Malipa
Nsanje|Mwabvi Game Reserve|Masantche
Nsanje|Mwabvi Game Reserve|Matope Camp
Nsanje|Mwabvi Game Reserve|Migudu Camp
Nsanje|Mwabvi Game Reserve|Million I
Nsanje|Mwabvi Game Reserve|Million II
Nsanje|Mwabvi Game Reserve|Mwabvi Camp
Nsanje|Mwabvi Game Reserve|Nandirimbe
Nsanje|Mwabvi Game Reserve|Ndazadala
Nsanje|Mwabvi Game Reserve|Nkandala
Nsanje|Mwabvi Game Reserve|Nyatchitchi
Nsanje|Mwabvi Game Reserve|Nyomvu
Nsanje|Mwabvi Game Reserve|Phaso
Nsanje|Mwabvi Game Reserve|Sabao
Nsanje|Mwabvi Game Reserve|Shuva
Nsanje|Mwabvi Game Reserve|Tchambaya (VH Nandirimbe)
Nsanje|Mwabvi Game Reserve|Thambo
Nsanje|Mwabvi Game Reserve|Thom
Nsanje|Ndamera|Alufandika
Nsanje|Ndamera|Beni
Nsanje|Ndamera|Bitilinyu I
Nsanje|Ndamera|Bitilinyu II
Nsanje|Ndamera|Biyasoni
Nsanje|Ndamera|Chapomoka
Nsanje|Ndamera|Chaya
Nsanje|Ndamera|Chibuli
Nsanje|Ndamera|Chigayeni
Nsanje|Ndamera|Chilema
Nsanje|Ndamera|Chinsungwi
Nsanje|Ndamera|Chintedza
Nsanje|Ndamera|Chinzeti
Nsanje|Ndamera|Chitengu
Nsanje|Ndamera|Chiteukile
Nsanje|Ndamera|Chitomeni
Nsanje|Ndamera|Chiutale
Nsanje|Ndamera|Chumbu
Nsanje|Ndamera|Dziwedziwe
Nsanje|Ndamera|Fachi I
Nsanje|Ndamera|Fachi II
Nsanje|Ndamera|Fainda
Nsanje|Ndamera|Falamenga
Nsanje|Ndamera|Ganunga
Nsanje|Ndamera|Gulumba
Nsanje|Ndamera|Guta I
Nsanje|Ndamera|Guta II
Nsanje|Ndamera|Jasi
Nsanje|Ndamera|Jimu
Nsanje|Ndamera|Jimu II
Nsanje|Ndamera|Kalumbi
Nsanje|Ndamera|Kalumbi Ligobwa
Nsanje|Ndamera|Kalumbi Ligobwa Trading Centre
Nsanje|Ndamera|Kandiero
Nsanje|Ndamera|Kapombedza
Nsanje|Ndamera|Katsano
Nsanje|Ndamera|Kazingizi
Nsanje|Ndamera|Kuleti
Nsanje|Ndamera|Kungaecha
Nsanje|Ndamera|Leno
Nsanje|Ndamera|Limao
Nsanje|Ndamera|Machado
Nsanje|Ndamera|Madani
Nsanje|Ndamera|Magaso
Nsanje|Ndamera|Makhaza
Nsanje|Ndamera|Makwiza
Nsanje|Ndamera|Malemia
Nsanje|Ndamera|Mapeperere
Nsanje|Ndamera|Marka Trading Centre
Nsanje|Ndamera|Mchacha
Nsanje|Ndamera|Meke
Nsanje|Ndamera|Misasi
Nsanje|Ndamera|Mkwaira
Nsanje|Ndamera|Mleno
Nsanje|Ndamera|Mphampha
Nsanje|Ndamera|Mphusa I
Nsanje|Ndamera|Mphusa II
Nsanje|Ndamera|Msiliko
Nsanje|Ndamera|Mtema
Nsanje|Ndamera|Muyang'anila
Nsanje|Ndamera|Ndamera
Nsanje|Ndamera|Ngala
Nsanje|Ndamera|Ngulume
Nsanje|Ndamera|Nikisi
Nsanje|Ndamera|Nsiyankhuni
Nsanje|Ndamera|Ntintha
Nsanje|Ndamera|Nyamizinga
Nsanje|Ndamera|Nyathando
Nsanje|Ndamera|Padziko
Nsanje|Ndamera|Palanji
Nsanje|Ndamera|Pansuwo
Nsanje|Ndamera|Shuva
Nsanje|Ndamera|Thaundi
Nsanje|Ndamera|Thikiti
Nsanje|Ndamera|Tipa
Nsanje|Ndamera|Utenda
Nsanje|Ndamera|Zavedo
Nsanje|Ndamera|Zuze
Nsanje|Ngabu|Alufazema
Nsanje|Ngabu|Bonde
Nsanje|Ngabu|Chabuka
Nsanje|Ngabu|Chabulumunda
Nsanje|Ngabu|Chamboko
Nsanje|Ngabu|Chamveka
Nsanje|Ngabu|Chapepa
Nsanje|Ngabu|Chazika
Nsanje|Ngabu|Cheha
Nsanje|Ngabu|Chikutileni
Nsanje|Ngabu|Chilembwe
Nsanje|Ngabu|Chimwaza
Nsanje|Ngabu|Chipakuza
Nsanje|Ngabu|Chitofu
Nsanje|Ngabu|Gilibati
Nsanje|Ngabu|Guta
Nsanje|Ngabu|Kadzuwa
Nsanje|Ngabu|Kaitano
Nsanje|Ngabu|Kambukile
Nsanje|Ngabu|Kanyama I
Nsanje|Ngabu|Kanyama II
Nsanje|Ngabu|Kaudzu
Nsanje|Ngabu|Kubalalika
Nsanje|Ngabu|Makhamadzi
Nsanje|Ngabu|Malekeza
Nsanje|Ngabu|Mbenje
Nsanje|Ngabu|Mbesa
Nsanje|Ngabu|Mkuziwaduka
Nsanje|Ngabu|Mlamba
Nsanje|Ngabu|Mpachika
Nsanje|Ngabu|Mpanje
Nsanje|Ngabu|Msilanga
Nsanje|Ngabu|Njobvu I
Nsanje|Ngabu|Njobvu II
Nsanje|Ngabu|Nkhuku Savieri
Nsanje|Ngabu|Ntemadalo
Nsanje|Ngabu|Nyadzikhuli
Nsanje|Ngabu|Nyamphota
Nsanje|Ngabu|Pedulo
Nsanje|Ngabu|Pesani
Nsanje|Ngabu|Sekelani
Nsanje|Ngabu|Shati
Nsanje|Ngabu|Simenti
Nsanje|Ngabu|Singano
Nsanje|Ngabu|Thunye
Nsanje|Ngabu|Trusida
Nsanje|Ngabu|Tseka
Nsanje|Nsanje Boma|Balaka
Nsanje|Nsanje Boma|Chataika
Nsanje|Nsanje Boma|Chiphwembwe
Nsanje|Nsanje Boma|Fulukiya
Nsanje|Nsanje Boma|Hapalikusala
Nsanje|Nsanje Boma|Magulugulu
Nsanje|Nsanje Boma|Mankhusu
Nsanje|Nsanje Boma|Mazowe
Nsanje|Nsanje Boma|Msusa
Nsanje|Nsanje Boma|Ndenguma
Nsanje|Nsanje Boma|Nsanje Boma
Nsanje|Nsanje Boma|Nsanje Boma Trading Centre
Nsanje|Nsanje Boma|Ntemangawo
Nsanje|Nsanje Boma|Savieri
Nsanje|Nsanje Boma|Suwali
Nsanje|Nsanje Boma|Therere
Nsanje|Nsanje Boma|Thole
Nsanje|Nsanje Boma|Thukuso
Nsanje|Nyachikadza|Alufazema
Nsanje|Nyachikadza|Bisenti
Nsanje|Nyachikadza|Chazika
Nsanje|Nyachikadza|Chaziwa
Nsanje|Nyachikadza|Chikalango
Nsanje|Nyachikadza|Chilingowa
Nsanje|Nyachikadza|Dzambukila
Nsanje|Nyachikadza|Gowelo
Nsanje|Nyachikadza|Gusinyu
Nsanje|Nyachikadza|Guta I
Nsanje|Nyachikadza|Guta II
Nsanje|Nyachikadza|Gwechengwe
Nsanje|Nyachikadza|Kachikuwa
Nsanje|Nyachikadza|Kamiza
Nsanje|Nyachikadza|Kanaventi
Nsanje|Nyachikadza|Kandeya
Nsanje|Nyachikadza|Kasume
Nsanje|Nyachikadza|Katandika
Nsanje|Nyachikadza|Katuluza
Nsanje|Nyachikadza|Kothela
Nsanje|Nyachikadza|Kuleti
Nsanje|Nyachikadza|Mkupila
Nsanje|Nyachikadza|Mkwaira
Nsanje|Nyachikadza|Mondela
Nsanje|Nyachikadza|Monyo
Nsanje|Nyachikadza|Mpambachulu
Nsanje|Nyachikadza|Mpomba
Nsanje|Nyachikadza|Msoma
Nsanje|Nyachikadza|Msusa
Nsanje|Nyachikadza|Mulemba
Nsanje|Nyachikadza|ngalu
Nsanje|Nyachikadza|Ngwangwa
Nsanje|Nyachikadza|Nkomanthambo
Nsanje|Nyachikadza|Ntintha
Nsanje|Nyachikadza|Nyachikadza
Nsanje|Nyachikadza|Nyamachelenga
Nsanje|Nyachikadza|Nyathando
Nsanje|Nyachikadza|Panyatwa
Nsanje|Nyachikadza|Phiso
Nsanje|Nyachikadza|Tchapo
Nsanje|Nyachikadza|Thuka
Nsanje|Nyachikadza|Tizola
Nsanje|Tengani|Andiseni
Nsanje|Tengani|Arumenda
Nsanje|Tengani|Bithi
Nsanje|Tengani|Chagwiragaru
Nsanje|Tengani|Chatantha
Nsanje|Tengani|Chavi
Nsanje|Tengani|Chazuka
Nsanje|Tengani|Chikhao
Nsanje|Tengani|Chikoko
Nsanje|Tengani|Chikunhu II
Nsanje|Tengani|Chikunkhu I
Nsanje|Tengani|Chilembwe
Nsanje|Tengani|Chimwendele
Nsanje|Tengani|Chisi
Nsanje|Tengani|Chitsa
Nsanje|Tengani|Chituwi
Nsanje|Tengani|Chokolo I
Nsanje|Tengani|Chokolo II
Nsanje|Tengani|Chumbu
Nsanje|Tengani|Danger
Nsanje|Tengani|Dumba I
Nsanje|Tengani|Dumba II
Nsanje|Tengani|Guta
Nsanje|Tengani|Kailedzi
Nsanje|Tengani|Kalengandale
Nsanje|Tengani|Kalumbi
Nsanje|Tengani|Kambalazaza
Nsanje|Tengani|Kasitiano
Nsanje|Tengani|Katunga
Nsanje|Tengani|Kazingizi
Nsanje|Tengani|Lambwe
Nsanje|Tengani|Leno
Nsanje|Tengani|Lukwa I
Nsanje|Tengani|Lukwa II
Nsanje|Tengani|Machado
Nsanje|Tengani|Malemia
Nsanje|Tengani|Mangani
Nsanje|Tengani|Matanthwe
Nsanje|Tengani|Mchacha
Nsanje|Tengani|Mchakalima
Nsanje|Tengani|Mchiliko
Nsanje|Tengani|M'gona I
Nsanje|Tengani|M'gona II
Nsanje|Tengani|Mkango
Nsanje|Tengani|Mpaso
Nsanje|Tengani|Mphamba
Nsanje|Tengani|Muwawa
Nsanje|Tengani|Mwasalapa
Nsanje|Tengani|Mwendonthengo
Nsanje|Tengani|Navaya
Nsanje|Tengani|Ng'ombe
Nsanje|Tengani|Nhembwe
Nsanje|Tengani|Nthondo
Nsanje|Tengani|Nthumba
Nsanje|Tengani|Ntolo
Nsanje|Tengani|Ntolongo I
Nsanje|Tengani|Ntolongo II
Nsanje|Tengani|Ntondo
Nsanje|Tengani|Nyabwemba
Nsanje|Tengani|Nyagadi
Nsanje|Tengani|Nyakhodzwe
Nsanje|Tengani|Nyaminjale
Nsanje|Tengani|Nyamula
Nsanje|Tengani|Nyan'ga
Nsanje|Tengani|Nyang'ombe
Nsanje|Tengani|Nyanthumbi
Nsanje|Tengani|Pangeti
Nsanje|Tengani|Sitailo
Nsanje|Tengani|Tengani Trading Centre
Nsanje|Tengani|Tsekelele
Nsanje|Tengani|Vizyalona
Nsanje|Tengani|Zambezi
Ntcheu|Chakhumbira|Akumtengo
Ntcheu|Chakhumbira|Balamu  II
Ntcheu|Chakhumbira|Balamu III
Ntcheu|Chakhumbira|Chalera
Ntcheu|Chakhumbira|Chibonga
Ntcheu|Chakhumbira|Chibwana
Ntcheu|Chakhumbira|Chikobwe Forest Reserve
Ntcheu|Chakhumbira|Chimkwita
Ntcheu|Chakhumbira|Chinguwo
Ntcheu|Chakhumbira|Chipojola
Ntcheu|Chakhumbira|Dingisako
Ntcheu|Chakhumbira|Dzeyani
Ntcheu|Chakhumbira|Dzole
Ntcheu|Chakhumbira|Fundambala
Ntcheu|Chakhumbira|Gambatula
Ntcheu|Chakhumbira|Gideon
Ntcheu|Chakhumbira|Hauya
Ntcheu|Chakhumbira|Jingapansi
Ntcheu|Chakhumbira|John Chigwam'mowa
Ntcheu|Chakhumbira|Kachipeya
Ntcheu|Chakhumbira|Kaiya
Ntcheu|Chakhumbira|Kalilombe
Ntcheu|Chakhumbira|Kamcholo
Ntcheu|Chakhumbira|Kanjanga
Ntcheu|Chakhumbira|Kaphodo
Ntcheu|Chakhumbira|Kawere
Ntcheu|Chakhumbira|Konko
Ntcheu|Chakhumbira|Lazaro
Ntcheu|Chakhumbira|Lizulu Trading Centre
Ntcheu|Chakhumbira|Magombo
Ntcheu|Chakhumbira|Maluza
Ntcheu|Chakhumbira|Mapila
Ntcheu|Chakhumbira|Mapila Trading Centre
Ntcheu|Chakhumbira|Midima
Ntcheu|Chakhumbira|Mkolimbo  I
Ntcheu|Chakhumbira|Mkolimbo II
Ntcheu|Chakhumbira|Mpusadala
Ntcheu|Chakhumbira|Mzamani
Ntcheu|Chakhumbira|Naboti Guya
Ntcheu|Chakhumbira|Namale
Ntcheu|Chakhumbira|Njingapansi
Ntcheu|Chakhumbira|Ntambalika
Ntcheu|Chakhumbira|Nyasa I
Ntcheu|Chakhumbira|Pindani
Ntcheu|Chakhumbira|Sesani
Ntcheu|Chakhumbira|Sidziyo
Ntcheu|Chakhumbira|Thondoya
Ntcheu|Chakhumbira|Zidana
Ntcheu|Chakhumbira|Zimtambila
Ntcheu|Chakhumbira|zuze
Ntcheu|Chakhumbira|zuze Gwangwa
Ntcheu|Champiti|Bemeyani
Ntcheu|Champiti|Bula
Ntcheu|Champiti|Chalira
Ntcheu|Champiti|Champiti
Ntcheu|Champiti|Chaya
Ntcheu|Champiti|Chingwalungwalu
Ntcheu|Champiti|Emosi
Ntcheu|Champiti|Grison Ziyaya
Ntcheu|Champiti|Guga
Ntcheu|Champiti|Gwauya
Ntcheu|Champiti|Gwedeza
Ntcheu|Champiti|Helani
Ntcheu|Champiti|Hiwa
Ntcheu|Champiti|Kalipeta
Ntcheu|Champiti|Kampepuza
Ntcheu|Champiti|Kampepuza Trading Centre
Ntcheu|Champiti|Kanjati
Ntcheu|Champiti|Kaombe
Ntcheu|Champiti|Khama Farm
Ntcheu|Champiti|Kwangwani
Ntcheu|Champiti|Liabunya
Ntcheu|Champiti|Malaswa
Ntcheu|Champiti|Malinda
Ntcheu|Champiti|Maluku
Ntcheu|Champiti|Matsimbe
Ntcheu|Champiti|Mbemba
Ntcheu|Champiti|Mbirintengerenji
Ntcheu|Champiti|Micholo
Ntcheu|Champiti|Mpulula
Ntcheu|Champiti|Msanyada
Ntcheu|Champiti|Njolomole
Ntcheu|Champiti|Nkope
Ntcheu|Champiti|Nsipe Trading Centre
Ntcheu|Champiti|Nzililongwe
Ntcheu|Champiti|Phikani
Ntcheu|Champiti|Saulosi Zidana
Ntcheu|Champiti|Semu Hau
Ntcheu|Champiti|Wanyemba
Ntcheu|Champiti|Zalengela
Ntcheu|Champiti|Ziyaya
Ntcheu|Goodson Ganya|Agabu
Ntcheu|Goodson Ganya|Ben
Ntcheu|Goodson Ganya|Benesi
Ntcheu|Goodson Ganya|Bizalieli
Ntcheu|Goodson Ganya|Bwanje Estate
Ntcheu|Goodson Ganya|Bwanje Forest Reserve
Ntcheu|Goodson Ganya|Bwanje Trading Centre
Ntcheu|Goodson Ganya|Bwembe
Ntcheu|Goodson Ganya|Chachuka
Ntcheu|Goodson Ganya|Chakaniza
Ntcheu|Goodson Ganya|Chalinga
Ntcheu|Goodson Ganya|Chambakata
Ntcheu|Goodson Ganya|Changalu
Ntcheu|Goodson Ganya|Charlie I
Ntcheu|Goodson Ganya|Charlie II
Ntcheu|Goodson Ganya|Chawanje
Ntcheu|Goodson Ganya|Chawoyoka
Ntcheu|Goodson Ganya|Chayera
Ntcheu|Goodson Ganya|Cheuka I
Ntcheu|Goodson Ganya|Cheuka II
Ntcheu|Goodson Ganya|Chifwiri
Ntcheu|Goodson Ganya|Chikadya
Ntcheu|Goodson Ganya|Chikadya I
Ntcheu|Goodson Ganya|Chikadya III
Ntcheu|Goodson Ganya|Chikondenji
Ntcheu|Goodson Ganya|Chikuli
Ntcheu|Goodson Ganya|Chiluzi
Ntcheu|Goodson Ganya|Chiluzi I
Ntcheu|Goodson Ganya|Chiluzi II
Ntcheu|Goodson Ganya|Chimkuzi
Ntcheu|Goodson Ganya|Chimowa
Ntcheu|Goodson Ganya|Chimpuza
Ntcheu|Goodson Ganya|Ching'amba
Ntcheu|Goodson Ganya|Ching'amba I
Ntcheu|Goodson Ganya|Ching'amba II
Ntcheu|Goodson Ganya|Chinkwakwa
Ntcheu|Goodson Ganya|Chinsangu
Ntcheu|Goodson Ganya|Chinyama
Ntcheu|Goodson Ganya|Chipinga
Ntcheu|Goodson Ganya|Chitsulo
Ntcheu|Goodson Ganya|Chiwiza I
Ntcheu|Goodson Ganya|Chizuzu I
Ntcheu|Goodson Ganya|Chizuzu II
Ntcheu|Goodson Ganya|Daudi
Ntcheu|Goodson Ganya|Evergreen Estate
Ntcheu|Goodson Ganya|Ganya
Ntcheu|Goodson Ganya|Ganya III
Ntcheu|Goodson Ganya|Gong'a
Ntcheu|Goodson Ganya|Gwaza
Ntcheu|Goodson Ganya|Gwazanyoni
Ntcheu|Goodson Ganya|Hanya
Ntcheu|Goodson Ganya|Hiwa
Ntcheu|Goodson Ganya|Hoda
Ntcheu|Goodson Ganya|Jordan
Ntcheu|Goodson Ganya|Kachamba
Ntcheu|Goodson Ganya|Kachinjika
Ntcheu|Goodson Ganya|Kadam'manja
Ntcheu|Goodson Ganya|Kadete
Ntcheu|Goodson Ganya|Kadwala
Ntcheu|Goodson Ganya|Kaimaima
Ntcheu|Goodson Ganya|Kaiya
Ntcheu|Goodson Ganya|Kalimbika
Ntcheu|Goodson Ganya|Kambadya
Ntcheu|Goodson Ganya|Kambewa
Ntcheu|Goodson Ganya|Kambewa I
Ntcheu|Goodson Ganya|Kambewa II
Ntcheu|Goodson Ganya|Kambilonjo
Ntcheu|Goodson Ganya|Kamgomo
Ntcheu|Goodson Ganya|Kamlangila
Ntcheu|Goodson Ganya|Kampheko
Ntcheu|Goodson Ganya|Kamphulusa
Ntcheu|Goodson Ganya|Kamtsitsi
Ntcheu|Goodson Ganya|Kamwetsa I
Ntcheu|Goodson Ganya|Kamwetsa II
Ntcheu|Goodson Ganya|Kandeu
Ntcheu|Goodson Ganya|Kandeu Trading Centre
Ntcheu|Goodson Ganya|Kansapato
Ntcheu|Goodson Ganya|Kantandilo
Ntcheu|Goodson Ganya|Kanyoza
Ntcheu|Goodson Ganya|Kapalamula
Ntcheu|Goodson Ganya|Kapote
Ntcheu|Goodson Ganya|Kasadzu
Ntcheu|Goodson Ganya|Kasinje
Ntcheu|Goodson Ganya|Kasinje Trading Centre
Ntcheu|Goodson Ganya|Katsadzu
Ntcheu|Goodson Ganya|Khauyeza
Ntcheu|Goodson Ganya|Kosamu
Ntcheu|Goodson Ganya|Kulanga
Ntcheu|Goodson Ganya|Kumbuwa
Ntcheu|Goodson Ganya|Kumtumba
Ntcheu|Goodson Ganya|Labiyana
Ntcheu|Goodson Ganya|Lumwila
Ntcheu|Goodson Ganya|Machaka
Ntcheu|Goodson Ganya|Machemba
Ntcheu|Goodson Ganya|Mafuwa
Ntcheu|Goodson Ganya|Majawa
Ntcheu|Goodson Ganya|Majiga
Ntcheu|Goodson Ganya|Mandala
Ntcheu|Goodson Ganya|Manjanja
Ntcheu|Goodson Ganya|Masasa
Ntcheu|Goodson Ganya|Masoalikuka
Ntcheu|Goodson Ganya|Matalala
Ntcheu|Goodson Ganya|Matanda
Ntcheu|Goodson Ganya|Matapila
Ntcheu|Goodson Ganya|Matewere
Ntcheu|Goodson Ganya|Mathotho
Ntcheu|Goodson Ganya|Matsatsa
Ntcheu|Goodson Ganya|Mazengeza
Ntcheu|Goodson Ganya|Mazila
Ntcheu|Goodson Ganya|Mazonda
Ntcheu|Goodson Ganya|Mitongwe Estate
Ntcheu|Goodson Ganya|Mkwangwanya
Ntcheu|Goodson Ganya|M'manja
Ntcheu|Goodson Ganya|Moses
Ntcheu|Goodson Ganya|Mphoola
Ntcheu|Goodson Ganya|Mphuta
Ntcheu|Goodson Ganya|Mtsungo
Ntcheu|Goodson Ganya|Muso I
Ntcheu|Goodson Ganya|Muso II
Ntcheu|Goodson Ganya|Mwazaangati
Ntcheu|Goodson Ganya|Mzengo
Ntcheu|Goodson Ganya|Nadimba
Ntcheu|Goodson Ganya|Namale
Ntcheu|Goodson Ganya|Nandaya
Ntcheu|Goodson Ganya|Nasala
Ntcheu|Goodson Ganya|Ndalamila
Ntcheu|Goodson Ganya|Ndembo
Ntcheu|Goodson Ganya|Njeremu
Ntcheu|Goodson Ganya|Njeza
Ntcheu|Goodson Ganya|Njuli
Ntcheu|Goodson Ganya|Nkhwani
Ntcheu|Goodson Ganya|Nkhwani I
Ntcheu|Goodson Ganya|Nkhwani II
Ntcheu|Goodson Ganya|Ntambalika
Ntcheu|Goodson Ganya|Ntambalika I
Ntcheu|Goodson Ganya|Ntambalika II
Ntcheu|Goodson Ganya|Nyekanyeka Farm
Ntcheu|Goodson Ganya|Payendanyama
Ntcheu|Goodson Ganya|Saiti Lusape
Ntcheu|Goodson Ganya|Saiti Machera
Ntcheu|Goodson Ganya|Saiti Macheso
Ntcheu|Goodson Ganya|Sande
Ntcheu|Goodson Ganya|Sanjani
Ntcheu|Goodson Ganya|Sanjani I
Ntcheu|Goodson Ganya|Sanjani II
Ntcheu|Goodson Ganya|Saonanjala
Ntcheu|Goodson Ganya|Semu - Chimwala
Ntcheu|Goodson Ganya|Sharpevale
Ntcheu|Goodson Ganya|Sitolo
Ntcheu|Goodson Ganya|Solomoni Soko
Ntcheu|Goodson Ganya|Sukasuka
Ntcheu|Goodson Ganya|Tambala
Ntcheu|Goodson Ganya|Thondoya
Ntcheu|Goodson Ganya|Thunga
Ntcheu|Goodson Ganya|Tofu
Ntcheu|Goodson Ganya|Zakazaka
Ntcheu|Goodson Ganya|Zalanga
Ntcheu|Goodson Ganya|Zalengela
Ntcheu|Goodson Ganya|Zalengela III
Ntcheu|Goodson Ganya|Zande
Ntcheu|Goodson Ganya|Zaunda
Ntcheu|Kwataine|Ben Chauya
Ntcheu|Kwataine|Ben kadzilawa
Ntcheu|Kwataine|Binya
Ntcheu|Kwataine|Chagwamomwe
Ntcheu|Kwataine|Chambwinja
Ntcheu|Kwataine|Chibisa
Ntcheu|Kwataine|Chiepa
Ntcheu|Kwataine|Chikabvumbwa
Ntcheu|Kwataine|Chikakuda
Ntcheu|Kwataine|Chikala
Ntcheu|Kwataine|Chimalizeni
Ntcheu|Kwataine|Chimasula
Ntcheu|Kwataine|Chimwayi
Ntcheu|Kwataine|Chingwalu
Ntcheu|Kwataine|Chinkuluchina
Ntcheu|Kwataine|Chinyamula
Ntcheu|Kwataine|Chodzadza
Ntcheu|Kwataine|Dambo
Ntcheu|Kwataine|Dzoole
Ntcheu|Kwataine|Eneya
Ntcheu|Kwataine|Galakamwa
Ntcheu|Kwataine|George
Ntcheu|Kwataine|Gogonya
Ntcheu|Kwataine|Gomeza
Ntcheu|Kwataine|Gongolo
Ntcheu|Kwataine|Gongonya
Ntcheu|Kwataine|Gumbu
Ntcheu|Kwataine|Gwaza
Ntcheu|Kwataine|Hambahamba
Ntcheu|Kwataine|Hauya
Ntcheu|Kwataine|Kachimanga
Ntcheu|Kwataine|Kafuwa
Ntcheu|Kwataine|Kaimaima
Ntcheu|Kwataine|Kalimanji
Ntcheu|Kwataine|Kalimwayi
Ntcheu|Kwataine|Kambidzi
Ntcheu|Kwataine|Kamiza
Ntcheu|Kwataine|Kampanje
Ntcheu|Kwataine|Kampepuza
Ntcheu|Kwataine|Kampepuza Trading Centre
Ntcheu|Kwataine|Kamwendo
Ntcheu|Kwataine|Kandembo
Ntcheu|Kwataine|Kanjerwa
Ntcheu|Kwataine|Kankwindo
Ntcheu|Kwataine|Kantengule
Ntcheu|Kwataine|Kanyemba
Ntcheu|Kwataine|Kanzangaza
Ntcheu|Kwataine|Kanzingeni
Ntcheu|Kwataine|Katsale
Ntcheu|Kwataine|Kauwa
Ntcheu|Kwataine|Kawere
Ntcheu|Kwataine|Khangamwa
Ntcheu|Kwataine|Khuzi
Ntcheu|Kwataine|Khwangala
Ntcheu|Kwataine|Kuthwani
Ntcheu|Kwataine|Lipenga
Ntcheu|Kwataine|Machira I
Ntcheu|Kwataine|Machira II
Ntcheu|Kwataine|Majuwa
Ntcheu|Kwataine|Mambala
Ntcheu|Kwataine|Masitimale
Ntcheu|Kwataine|Mbirintengerenji
Ntcheu|Kwataine|Mcdonald
Ntcheu|Kwataine|Million
Ntcheu|Kwataine|Mingola
Ntcheu|Kwataine|Mpando
Ntcheu|Kwataine|Mtsitsamwini
Ntcheu|Kwataine|Muyeyano
Ntcheu|Kwataine|Mvai Forest Reserve
Ntcheu|Kwataine|Nachiye
Ntcheu|Kwataine|Nadzala
Ntcheu|Kwataine|Nenekeza
Ntcheu|Kwataine|Nguya
Ntcheu|Kwataine|Nkolimbo
Ntcheu|Kwataine|Nkwezalamba
Ntcheu|Kwataine|Phalula
Ntcheu|Kwataine|Sitimale
Ntcheu|Kwataine|Sulo
Ntcheu|Kwataine|Tabvekenji
Ntcheu|Kwataine|Thomas
Ntcheu|Kwataine|Wanyemba
Ntcheu|Kwataine|wanyemba Trading Centre
Ntcheu|Kwataine|Zagwela
Ntcheu|Kwataine|Zidana
Ntcheu|Kwataine|Zimenyana
Ntcheu|Kwataine|Ziwoya
Ntcheu|Makwangwala|A. Bakali
Ntcheu|Makwangwala|Adamu
Ntcheu|Makwangwala|Akubilila I
Ntcheu|Makwangwala|Akubilila II
Ntcheu|Makwangwala|Austen
Ntcheu|Makwangwala|Balaka
Ntcheu|Makwangwala|Balaka Trading Centre
Ntcheu|Makwangwala|Baluwesi
Ntcheu|Makwangwala|Bauleni
Ntcheu|Makwangwala|Bawi Trading Centre
Ntcheu|Makwangwala|Bemelani
Ntcheu|Makwangwala|Bemvu Farm
Ntcheu|Makwangwala|Ben Chauya Trading Centre
Ntcheu|Makwangwala|Benard
Ntcheu|Makwangwala|Biliati
Ntcheu|Makwangwala|Bilila Trading Centre
Ntcheu|Makwangwala|Black
Ntcheu|Makwangwala|Bubua
Ntcheu|Makwangwala|Bunyenga
Ntcheu|Makwangwala|Chagawana
Ntcheu|Makwangwala|Chalira
Ntcheu|Makwangwala|Cham'bwinja
Ntcheu|Makwangwala|Chapalapata
Ntcheu|Makwangwala|Chapendeka
Ntcheu|Makwangwala|Chasasa
Ntcheu|Makwangwala|Chauluka
Ntcheu|Makwangwala|Chedza
Ntcheu|Makwangwala|Chibalala
Ntcheu|Makwangwala|Chibalala I
Ntcheu|Makwangwala|Chibalala II
Ntcheu|Makwangwala|Chidetsa
Ntcheu|Makwangwala|Chidzakazi
Ntcheu|Makwangwala|Chikafa
Ntcheu|Makwangwala|Chikomba
Ntcheu|Makwangwala|Chimbewa
Ntcheu|Makwangwala|Chimutu
Ntcheu|Makwangwala|Chingeni Trading Centre
Ntcheu|Makwangwala|Ching'ombe
Ntcheu|Makwangwala|Chingwalu
Ntcheu|Makwangwala|Chinkhutika
Ntcheu|Makwangwala|Chinseu
Ntcheu|Makwangwala|Chinsinula
Ntcheu|Makwangwala|Chinyama
Ntcheu|Makwangwala|Chisoni
Ntcheu|Makwangwala|Chisonthe
Ntcheu|Makwangwala|Chogawana
Ntcheu|Makwangwala|Chokazinga
Ntcheu|Makwangwala|Damisoni
Ntcheu|Makwangwala|Dinala
Ntcheu|Makwangwala|Diverson
Ntcheu|Makwangwala|Dunga Dunga
Ntcheu|Makwangwala|Eliya
Ntcheu|Makwangwala|Fulatira
Ntcheu|Makwangwala|Funsani
Ntcheu|Makwangwala|Gada
Ntcheu|Makwangwala|Gobede
Ntcheu|Makwangwala|Gomeya
Ntcheu|Makwangwala|Gomeya II
Ntcheu|Makwangwala|Gomile
Ntcheu|Makwangwala|Goveya
Ntcheu|Makwangwala|Gumbi
Ntcheu|Makwangwala|Gunde
Ntcheu|Makwangwala|Gwaza II
Ntcheu|Makwangwala|H. Mateketa
Ntcheu|Makwangwala|Hawa
Ntcheu|Makwangwala|Hawilani
Ntcheu|Makwangwala|Helani Kayinga
Ntcheu|Makwangwala|Hola
Ntcheu|Makwangwala|James
Ntcheu|Makwangwala|K. Malele
Ntcheu|Makwangwala|Kabera
Ntcheu|Makwangwala|Kabwadzi Trading Centre
Ntcheu|Makwangwala|Kabwazi
Ntcheu|Makwangwala|Kafantipite
Ntcheu|Makwangwala|Kajawo
Ntcheu|Makwangwala|Kalimanjira I
Ntcheu|Makwangwala|Kalimanjira II
Ntcheu|Makwangwala|Kalimanjira III
Ntcheu|Makwangwala|Kalimbirana
Ntcheu|Makwangwala|Kaliza
Ntcheu|Makwangwala|Kalumba
Ntcheu|Makwangwala|Kalumba II
Ntcheu|Makwangwala|Kamakoko
Ntcheu|Makwangwala|Kambuku I
Ntcheu|Makwangwala|Kambuku II
Ntcheu|Makwangwala|Kamete
Ntcheu|Makwangwala|Kanjombonda
Ntcheu|Makwangwala|Kapalamula
Ntcheu|Makwangwala|Kapata
Ntcheu|Makwangwala|Kateza
Ntcheu|Makwangwala|Kauwa
Ntcheu|Makwangwala|Khomera
Ntcheu|Makwangwala|Khozi
Ntcheu|Makwangwala|Komboni
Ntcheu|Makwangwala|Kukhola
Ntcheu|Makwangwala|Kuminga
Ntcheu|Makwangwala|Kuselikumvenji Estate
Ntcheu|Makwangwala|Kuyamba
Ntcheu|Makwangwala|Kuyenda
Ntcheu|Makwangwala|Lazaro
Ntcheu|Makwangwala|Lisungwi
Ntcheu|Makwangwala|Livalo
Ntcheu|Makwangwala|Livilidzi Estate
Ntcheu|Makwangwala|Loti Chinsinula
Ntcheu|Makwangwala|Magombo
Ntcheu|Makwangwala|Majamanda
Ntcheu|Makwangwala|Majiri
Ntcheu|Makwangwala|Makambewa
Ntcheu|Makwangwala|Makokola
Ntcheu|Makwangwala|Makwangwala
Ntcheu|Makwangwala|Malanda
Ntcheu|Makwangwala|Maligw Zinyongo
Ntcheu|Makwangwala|Malonda
Ntcheu|Makwangwala|Mapondera
Ntcheu|Makwangwala|Mauyana
Ntcheu|Makwangwala|Mbalame
Ntcheu|Makwangwala|Mberengwa
Ntcheu|Makwangwala|Menyani
Ntcheu|Makwangwala|Mkutumula
Ntcheu|Makwangwala|Mlambwadza
Ntcheu|Makwangwala|M'mangeni
Ntcheu|Makwangwala|M'memo
Ntcheu|Makwangwala|Moses
Ntcheu|Makwangwala|Mpakiza I
Ntcheu|Makwangwala|Mwadzangati
Ntcheu|Makwangwala|Mwenda
Ntcheu|Makwangwala|Nakwana
Ntcheu|Makwangwala|Namboya
Ntcheu|Makwangwala|Nankwana
Ntcheu|Makwangwala|Ndaesa
Ntcheu|Makwangwala|Ndagoma
Ntcheu|Makwangwala|Ngwangwa
Ntcheu|Makwangwala|Nkutumula
Ntcheu|Makwangwala|Nkutumula I
Ntcheu|Makwangwala|Nkutumula II
Ntcheu|Makwangwala|Nkutumula Trading Centre
Ntcheu|Makwangwala|Nsiyaludzu
Ntcheu|Makwangwala|Ntalika
Ntcheu|Makwangwala|Ntentha
Ntcheu|Makwangwala|Nthinda
Ntcheu|Makwangwala|Ntila
Ntcheu|Makwangwala|Odala
Ntcheu|Makwangwala|Penga Penga
Ntcheu|Makwangwala|Penga Penga Trading Centre
Ntcheu|Makwangwala|Pheza
Ntcheu|Makwangwala|Sabwera
Ntcheu|Makwangwala|Saiwa
Ntcheu|Makwangwala|Sande
Ntcheu|Makwangwala|Saweya
Ntcheu|Makwangwala|Siliya
Ntcheu|Makwangwala|Sonchaya
Ntcheu|Makwangwala|Sululu
Ntcheu|Makwangwala|Tapani I
Ntcheu|Makwangwala|Tapani II
Ntcheu|Makwangwala|Tchale
Ntcheu|Makwangwala|Tseka I
Ntcheu|Makwangwala|Tseka II
Ntcheu|Makwangwala|Useni
Ntcheu|Makwangwala|Willard
Ntcheu|Makwangwala|Wilson
Ntcheu|Makwangwala|Wilson II
Ntcheu|Makwangwala|Yanga Estate
Ntcheu|Makwangwala|Yenda Yenda
Ntcheu|Makwangwala|Zingani
Ntcheu|Makwangwala|Ziwoya
Ntcheu|Masasa|Akutambira
Ntcheu|Masasa|Beka
Ntcheu|Masasa|Bizale
Ntcheu|Masasa|Chapita
Ntcheu|Masasa|Chauluka
Ntcheu|Masasa|Chigome
Ntcheu|Masasa|Chikhumba
Ntcheu|Masasa|Chimkango
Ntcheu|Masasa|Chiphikira
Ntcheu|Masasa|Chipula
Ntcheu|Masasa|Chiwembu
Ntcheu|Masasa|Dumuka
Ntcheu|Masasa|Folotiya
Ntcheu|Masasa|Foso
Ntcheu|Masasa|Gwetsa
Ntcheu|Masasa|Jeza
Ntcheu|Masasa|Joswa
Ntcheu|Masasa|Kadambo
Ntcheu|Masasa|Kadzungu
Ntcheu|Masasa|Kadzungu  Trading Centre
Ntcheu|Masasa|Kahumbe
Ntcheu|Masasa|Kalima
Ntcheu|Masasa|Kalumbu
Ntcheu|Masasa|Kalumo
Ntcheu|Masasa|Kambiya
Ntcheu|Masasa|Kampanikiza
Ntcheu|Masasa|Kanthunkako
Ntcheu|Masasa|Kapenya
Ntcheu|Masasa|Khwekhwelele
Ntcheu|Masasa|Lefani Timote
Ntcheu|Masasa|Makanga
Ntcheu|Masasa|Malopa
Ntcheu|Masasa|Manyanya
Ntcheu|Masasa|Manyenje
Ntcheu|Masasa|Masasa Trading Centre
Ntcheu|Masasa|Masese I
Ntcheu|Masasa|Masese II
Ntcheu|Masasa|Mbululu
Ntcheu|Masasa|Mchocho
Ntcheu|Masasa|Mchochoma
Ntcheu|Masasa|Mdala Estate
Ntcheu|Masasa|Mkuniya
Ntcheu|Masasa|Mlanda Trading Centre
Ntcheu|Masasa|Mphamvuzanu Farm
Ntcheu|Masasa|Nsamala
Ntcheu|Masasa|Phumula I
Ntcheu|Masasa|Pitala
Ntcheu|Masasa|Samuel
Ntcheu|Masasa|Saonanjala
Ntcheu|Masasa|Thawale
Ntcheu|Masasa|Thondoya
Ntcheu|Masasa|Tsala Farm
Ntcheu|Masasa|Yoyola
Ntcheu|Masasa|Zilamulira
Ntcheu|Mpando|Bakaya
Ntcheu|Mpando|Ben Golombe
Ntcheu|Mpando|Biliati
Ntcheu|Mpando|Chabonga
Ntcheu|Mpando|Chauluka
Ntcheu|Mpando|Chavala
Ntcheu|Mpando|Chibweya
Ntcheu|Mpando|Chidzamila
Ntcheu|Mpando|Chilenga
Ntcheu|Mpando|Chimowa
Ntcheu|Mpando|Chingoni
Ntcheu|Mpando|Chinkonda II
Ntcheu|Mpando|Chipusile
Ntcheu|Mpando|Chitetete
Ntcheu|Mpando|Davide
Ntcheu|Mpando|Dickson
Ntcheu|Mpando|Doviko
Ntcheu|Mpando|Doviko Trading Centre
Ntcheu|Mpando|Dzamba
Ntcheu|Mpando|Dzilekwa
Ntcheu|Mpando|Dzing'anda
Ntcheu|Mpando|Dzinjiliza
Ntcheu|Mpando|Dzonzi Mvai Forest Reserve
Ntcheu|Mpando|Gochi  Mapoka  I
Ntcheu|Mpando|Gochi Mapoka
Ntcheu|Mpando|Gochi Mapoka II
Ntcheu|Mpando|Golinchimanga
Ntcheu|Mpando|Haisa
Ntcheu|Mpando|Hoda
Ntcheu|Mpando|Humba
Ntcheu|Mpando|John
Ntcheu|Mpando|Jullius
Ntcheu|Mpando|Kabanga
Ntcheu|Mpando|Kabango
Ntcheu|Mpando|Kabango II
Ntcheu|Mpando|Kabvalankhwinda
Ntcheu|Mpando|Kabvalankhwinda 3 Ponda
Ntcheu|Mpando|Kachingwe
Ntcheu|Mpando|Kaiyatsa
Ntcheu|Mpando|Kaiyatsa I
Ntcheu|Mpando|Kakhobwe
Ntcheu|Mpando|Kakhobwe Zidana
Ntcheu|Mpando|Kaloga
Ntcheu|Mpando|Kaloga Trading Centre
Ntcheu|Mpando|Kambilonjo Trading Centre
Ntcheu|Mpando|Kamfutso
Ntcheu|Mpando|Kamuuzeni
Ntcheu|Mpando|Kandoma
Ntcheu|Mpando|Kanfoloma Chiwaya
Ntcheu|Mpando|Kankhuni II
Ntcheu|Mpando|Kaphulusa
Ntcheu|Mpando|Katsekera
Ntcheu|Mpando|Kavalankhinda
Ntcheu|Mpando|Kavikuni
Ntcheu|Mpando|Khangamwa
Ntcheu|Mpando|Khofiya
Ntcheu|Mpando|Laiti
Ntcheu|Mpando|Liyada
Ntcheu|Mpando|Madana
Ntcheu|Mpando|Mafuta
Ntcheu|Mpando|Makwangwala II
Ntcheu|Mpando|Malili
Ntcheu|Mpando|Malili Trading Centre
Ntcheu|Mpando|Mbemba
Ntcheu|Mpando|Mbirintengelenji
Ntcheu|Mpando|Mdzamila
Ntcheu|Mpando|Mpando II
Ntcheu|Mpando|Mtendele
Ntcheu|Mpando|Muso
Ntcheu|Mpando|Mvai Forest Reserve
Ntcheu|Mpando|Nenani
Ntcheu|Mpando|Ng'omacheza
Ntcheu|Mpando|Ntagaluka
Ntcheu|Mpando|Nyamuka
Ntcheu|Mpando|Phalula
Ntcheu|Mpando|Saulosi Zangwa
Ntcheu|Mpando|Simon Mpando
Ntcheu|Mpando|Songaye
Ntcheu|Mpando|Thobola
Ntcheu|Mpando|Thomas M'maso
Ntcheu|Mpando|Tsangano Trading Centre
Ntcheu|Mpando|Undani
Ntcheu|Mpando|Wanje
Ntcheu|Mpando|William Nkhadza
Ntcheu|Mpando|Willie
Ntcheu|Mpando|Zawanda
Ntcheu|Mpando|Ziipilana
Ntcheu|Mpando|Ziwanda
Ntcheu|Mpando|Ziwanda Chisamba
Ntcheu|Mpando|Zuze
Ntcheu|Njolomole|Baleni
Ntcheu|Njolomole|Ben Zikagoya
Ntcheu|Njolomole|Biriwiri Trading Centre
Ntcheu|Njolomole|Bonga
Ntcheu|Njolomole|Bonga Kanyama
Ntcheu|Njolomole|Chamgomo
Ntcheu|Njolomole|Chauluka
Ntcheu|Njolomole|Chibalala
Ntcheu|Njolomole|Chilobwe Forest Reserve
Ntcheu|Njolomole|Chimasula
Ntcheu|Njolomole|Chingawa
Ntcheu|Njolomole|Chinkwandala
Ntcheu|Njolomole|Chipezaani
Ntcheu|Njolomole|Chipula
Ntcheu|Njolomole|Chituku
Ntcheu|Njolomole|Chiyembekeza
Ntcheu|Njolomole|Daudi
Ntcheu|Njolomole|Dauka
Ntcheu|Njolomole|Daule
Ntcheu|Njolomole|Dawa
Ntcheu|Njolomole|Diwiza
Ntcheu|Njolomole|Donda
Ntcheu|Njolomole|Edward
Ntcheu|Njolomole|Galeta
Ntcheu|Njolomole|Gomonda
Ntcheu|Njolomole|Gonthi
Ntcheu|Njolomole|Gulo
Ntcheu|Njolomole|Isaac
Ntcheu|Njolomole|Julius
Ntcheu|Njolomole|Kabango
Ntcheu|Njolomole|Kabuwaza
Ntcheu|Njolomole|Kabwazi
Ntcheu|Njolomole|Kadzakalowa
Ntcheu|Njolomole|Kadzombe
Ntcheu|Njolomole|Kaipa
Ntcheu|Njolomole|Kalanzi
Ntcheu|Njolomole|Kalitsiro
Ntcheu|Njolomole|Kaludzu
Ntcheu|Njolomole|Kalulu I
Ntcheu|Njolomole|Kalulu II
Ntcheu|Njolomole|Kalumbu
Ntcheu|Njolomole|Kam'debe
Ntcheu|Njolomole|Kampanje
Ntcheu|Njolomole|Kamwili
Ntcheu|Njolomole|Kang'oma
Ntcheu|Njolomole|Kanjuzi
Ntcheu|Njolomole|Kanyimbo
Ntcheu|Njolomole|Kanzende
Ntcheu|Njolomole|Kasamba
Ntcheu|Njolomole|Katsalambande
Ntcheu|Njolomole|Katsense
Ntcheu|Njolomole|Kaudza
Ntcheu|Njolomole|Kazembe
Ntcheu|Njolomole|Kaziputa
Ntcheu|Njolomole|Khomba
Ntcheu|Njolomole|Likumbo
Ntcheu|Njolomole|Mabena Kaiya
Ntcheu|Njolomole|Magola
Ntcheu|Njolomole|Maguyana
Ntcheu|Njolomole|Makhoyo
Ntcheu|Njolomole|Makhwatha
Ntcheu|Njolomole|Malijani
Ntcheu|Njolomole|Maonga
Ntcheu|Njolomole|Mapazi
Ntcheu|Njolomole|Marko Mdzulo
Ntcheu|Njolomole|Michi Kaphirikwete
Ntcheu|Njolomole|Mlangeni Police Camp
Ntcheu|Njolomole|Mlangeni Trading Centre
Ntcheu|Njolomole|Mphepozinai Trading Centre
Ntcheu|Njolomole|Mphoyo
Ntcheu|Njolomole|Mtambalika
Ntcheu|Njolomole|Mulodzanyama
Ntcheu|Njolomole|Muwalo
Ntcheu|Njolomole|Ndombo
Ntcheu|Njolomole|Ngaiyaye
Ntcheu|Njolomole|Ngalande
Ntcheu|Njolomole|Njolomole
Ntcheu|Njolomole|Ntambalika
Ntcheu|Njolomole|Pamdule
Ntcheu|Njolomole|Phalula
Ntcheu|Njolomole|Pherekena
Ntcheu|Njolomole|Phonya
Ntcheu|Njolomole|Phuka
Ntcheu|Njolomole|Pluko
Ntcheu|Njolomole|Potolani
Ntcheu|Njolomole|Selemani
Ntcheu|Njolomole|Tanganyika
Ntcheu|Njolomole|Tchauya
Ntcheu|Njolomole|Thanganyika
Ntcheu|Njolomole|Thomasi
Ntcheu|Njolomole|Thomo
Ntcheu|Njolomole|Tsanulani
Ntcheu|Njolomole|Unyolo
Ntcheu|Njolomole|Wayiyatsa
Ntcheu|Njolomole|Zande
Ntcheu|Njolomole|Zangaya
Ntcheu|Njolomole|Zidana
Ntcheu|Njolomole|Zimenyana
Ntcheu|Njolomole|Zoyeyana
Ntcheu|Njolomole|Zuze
Ntcheu|Ntcheu Boma|Ben Chinseu
Ntcheu|Ntcheu Boma|Chinyamula
Ntcheu|Ntcheu Boma|Eneya I
Ntcheu|Ntcheu Boma|Eneya II
Ntcheu|Ntcheu Boma|Kachimanga
Ntcheu|Ntcheu Boma|Kandota
Ntcheu|Ntcheu Boma|Kanzingeni
Ntcheu|Ntcheu Boma|Mphate Trading Centre
Ntcheu|Ntcheu Boma|MphateTrading Centre
Ntcheu|Ntcheu Boma|Ntcheu Boma Trading Centre
Ntcheu|Phambala|Banda
Ntcheu|Phambala|Bayani
Ntcheu|Phambala|Bonongwe
Ntcheu|Phambala|Bonongwe I
Ntcheu|Phambala|Bonongwe II
Ntcheu|Phambala|Bonongwe III
Ntcheu|Phambala|Bwese II
Ntcheu|Phambala|Chabwera I
Ntcheu|Phambala|Chabwera II
Ntcheu|Phambala|Chagoma
Ntcheu|Phambala|Chawo
Ntcheu|Phambala|Chibale
Ntcheu|Phambala|Chidowe
Ntcheu|Phambala|Chigoma
Ntcheu|Phambala|Chikabadwa
Ntcheu|Phambala|Chikhasu
Ntcheu|Phambala|Chikopa (Ng'omba II)
Ntcheu|Phambala|Chilembwe
Ntcheu|Phambala|Chiligo
Ntcheu|Phambala|Chimpini
Ntcheu|Phambala|Chimwano
Ntcheu|Phambala|Ching'oma
Ntcheu|Phambala|Dambule
Ntcheu|Phambala|Dickson
Ntcheu|Phambala|Dzonzi Forest Reserve
Ntcheu|Phambala|Faiti
Ntcheu|Phambala|Funsani
Ntcheu|Phambala|Gangawako
Ntcheu|Phambala|Gawaza
Ntcheu|Phambala|Gondwa
Ntcheu|Phambala|Hauya
Ntcheu|Phambala|James
Ntcheu|Phambala|Jenya
Ntcheu|Phambala|John (TA Mpando)
Ntcheu|Phambala|Jumbe
Ntcheu|Phambala|Kabango
Ntcheu|Phambala|Kachere
Ntcheu|Phambala|Kachule
Ntcheu|Phambala|Kafodya
Ntcheu|Phambala|Kafumbata
Ntcheu|Phambala|Kakodwa
Ntcheu|Phambala|Kakodwa I
Ntcheu|Phambala|Kakodwa II
Ntcheu|Phambala|Kamangeni
Ntcheu|Phambala|Kambalame
Ntcheu|Phambala|Kamwamba
Ntcheu|Phambala|kanama
Ntcheu|Phambala|Kandoma
Ntcheu|Phambala|Kandota
Ntcheu|Phambala|Kantedza
Ntcheu|Phambala|Kanyemba
Ntcheu|Phambala|Kanzati
Ntcheu|Phambala|Kanzati Trading Centre
Ntcheu|Phambala|Kapulula
Ntcheu|Phambala|Kasisi
Ntcheu|Phambala|Kasisi II
Ntcheu|Phambala|Katsalam'bande
Ntcheu|Phambala|Kawala I
Ntcheu|Phambala|Kawala II
Ntcheu|Phambala|Khangamwa
Ntcheu|Phambala|Kunyungwi
Ntcheu|Phambala|Lazalo Solomoni
Ntcheu|Phambala|Likwangulu
Ntcheu|Phambala|Liphava
Ntcheu|Phambala|Londalonda
Ntcheu|Phambala|Madeya
Ntcheu|Phambala|Magombo
Ntcheu|Phambala|Makwangwala
Ntcheu|Phambala|Malata
Ntcheu|Phambala|Malenga
Ntcheu|Phambala|Malenga II
Ntcheu|Phambala|Maliro
Ntcheu|Phambala|Malota
Ntcheu|Phambala|Malota II
Ntcheu|Phambala|Manjawira
Ntcheu|Phambala|Manjawira Trading Centre
Ntcheu|Phambala|Manondo I
Ntcheu|Phambala|Masunda
Ntcheu|Phambala|Masunda I
Ntcheu|Phambala|Masunda II
Ntcheu|Phambala|Matale
Ntcheu|Phambala|Matale II
Ntcheu|Phambala|Matale III
Ntcheu|Phambala|Matchereza
Ntcheu|Phambala|Matigadi
Ntcheu|Phambala|Mbamba
Ntcheu|Phambala|Mbemba
Ntcheu|Phambala|M'bweza
Ntcheu|Phambala|Mchekecha
Ntcheu|Phambala|Mchenga
Ntcheu|Phambala|Mdelezina
Ntcheu|Phambala|Mdzawila
Ntcheu|Phambala|Mingongomwa
Ntcheu|Phambala|Mkandabwako
Ntcheu|Phambala|Moyo
Ntcheu|Phambala|Moyokhomba
Ntcheu|Phambala|Mpalale
Ntcheu|Phambala|Mpochera
Ntcheu|Phambala|Mulandira
Ntcheu|Phambala|Mwanang'ombe
Ntcheu|Phambala|Mzini
Ntcheu|Phambala|Namitowo
Ntcheu|Phambala|Ng'omba
Ntcheu|Phambala|Njezama
Ntcheu|Phambala|Njobvu
Ntcheu|Phambala|Njunga
Ntcheu|Phambala|Nkonde
Ntcheu|Phambala|Nsolomba
Ntcheu|Phambala|Ntengowabondo
Ntcheu|Phambala|Ntonda
Ntcheu|Phambala|Ntonda Trading Centre
Ntcheu|Phambala|Nyambo
Ntcheu|Phambala|Pakulantanda
Ntcheu|Phambala|Pesa
Ntcheu|Phambala|Phuka
Ntcheu|Phambala|Sambani
Ntcheu|Phambala|Sauzana
Ntcheu|Phambala|Sayenda
Ntcheu|Phambala|Senzani
Ntcheu|Phambala|Senzani Trading Centre
Ntcheu|Phambala|Seselu
Ntcheu|Phambala|Tingoyesa Farm
Ntcheu|Phambala|Tsikulamowa
Ntcheu|Phambala|Tsumba
Ntcheu|Phambala|Wandawanda
Ntcheu|Phambala|Zidana
Ntchisi|Ntchisi Boma|Admarc Lines
Ntchisi|Ntchisi Boma|Chayamba Location
Ntchisi|Ntchisi Boma|Chikoko Trading Centre
Ntchisi|Ntchisi Boma|Chimbwanda
Ntchisi|Ntchisi Boma|Chimwankhuku
Ntchisi|Ntchisi Boma|Chiwembe I Location
Ntchisi|Ntchisi Boma|Chiwembe II Trading Centre
Ntchisi|Ntchisi Boma|Chiwembe III  Location
Ntchisi|Ntchisi Boma|Golongozi Farm
Ntchisi|Ntchisi Boma|Gomezani
Ntchisi|Ntchisi Boma|Kachulu I Location
Ntchisi|Ntchisi Boma|Kachulu II Location
Ntchisi|Ntchisi Boma|Ntchisi Trading Centre
Ntchisi|Ntchisi Boma|Tandwe
Ntchisi|Ntchisi Boma|Visanza
Ntchisi|Ntchisi Boma|Works Staff Quarters
Ntchisi|S/C Chilooko|Anseni
Ntchisi|S/C Chilooko|Biwi
Ntchisi|S/C Chilooko|Bomba
Ntchisi|S/C Chilooko|Bowa
Ntchisi|S/C Chilooko|Bumphula
Ntchisi|S/C Chilooko|Bumphula Trading Centre
Ntchisi|S/C Chilooko|Chakhambi
Ntchisi|S/C Chilooko|Chakuwawa
Ntchisi|S/C Chilooko|Chale
Ntchisi|S/C Chilooko|Chalilima
Ntchisi|S/C Chilooko|Chankhozi Estate
Ntchisi|S/C Chilooko|Chankhumba Forest Camp
Ntchisi|S/C Chilooko|Chankodzela
Ntchisi|S/C Chilooko|Chapuchapu
Ntchisi|S/C Chilooko|Chata
Ntchisi|S/C Chilooko|Chaweza
Ntchisi|S/C Chilooko|Chazama
Ntchisi|S/C Chilooko|Chibinya
Ntchisi|S/C Chilooko|Chibungo
Ntchisi|S/C Chilooko|Chibwanoteka
Ntchisi|S/C Chilooko|Chifisa
Ntchisi|S/C Chilooko|Chifwelekete
Ntchisi|S/C Chilooko|Chikho
Ntchisi|S/C Chilooko|Chikhungwa
Ntchisi|S/C Chilooko|Chikhwakhwa
Ntchisi|S/C Chilooko|Chikonde
Ntchisi|S/C Chilooko|Chikuta
Ntchisi|S/C Chilooko|Chikwawa
Ntchisi|S/C Chilooko|Chikwawe
Ntchisi|S/C Chilooko|Chilooko
Ntchisi|S/C Chilooko|Chimaimba
Ntchisi|S/C Chilooko|Chimbalanga
Ntchisi|S/C Chilooko|Chimbili
Ntchisi|S/C Chilooko|Chimchere
Ntchisi|S/C Chilooko|Chimkaka
Ntchisi|S/C Chilooko|Chimphako
Ntchisi|S/C Chilooko|Chimphonda
Ntchisi|S/C Chilooko|Chimwende
Ntchisi|S/C Chilooko|Chingﾇmba
Ntchisi|S/C Chilooko|Chinkhwangwa
Ntchisi|S/C Chilooko|Chintumbanya
Ntchisi|S/C Chilooko|Chipazya
Ntchisi|S/C Chilooko|Chipelesa
Ntchisi|S/C Chilooko|Chipendeka
Ntchisi|S/C Chilooko|Chipingama
Ntchisi|S/C Chilooko|Chipinjika
Ntchisi|S/C Chilooko|Chipolokazi
Ntchisi|S/C Chilooko|Chipolopolo
Ntchisi|S/C Chilooko|Chiponda
Ntchisi|S/C Chilooko|Chisalazo
Ntchisi|S/C Chilooko|Chisamba
Ntchisi|S/C Chilooko|Chithambwe
Ntchisi|S/C Chilooko|Chiuzula
Ntchisi|S/C Chilooko|Chivala
Ntchisi|S/C Chilooko|Chiwinga
Ntchisi|S/C Chilooko|Chizewe
Ntchisi|S/C Chilooko|Cholamakanda
Ntchisi|S/C Chilooko|Chombe
Ntchisi|S/C Chilooko|Chungu
Ntchisi|S/C Chilooko|Dete
Ntchisi|S/C Chilooko|Eledi Ii
Ntchisi|S/C Chilooko|Gamba
Ntchisi|S/C Chilooko|Gome
Ntchisi|S/C Chilooko|Gonondo
Ntchisi|S/C Chilooko|Gumba
Ntchisi|S/C Chilooko|Gwaluka
Ntchisi|S/C Chilooko|Jamulesi
Ntchisi|S/C Chilooko|Jasi
Ntchisi|S/C Chilooko|John M'bobo
Ntchisi|S/C Chilooko|Kabenu
Ntchisi|S/C Chilooko|Kabumbu
Ntchisi|S/C Chilooko|Kachere
Ntchisi|S/C Chilooko|Kachigudu
Ntchisi|S/C Chilooko|Kachigunda
Ntchisi|S/C Chilooko|Kachigwada
Ntchisi|S/C Chilooko|Kachinga
Ntchisi|S/C Chilooko|Kachira
Ntchisi|S/C Chilooko|Kadundwe
Ntchisi|S/C Chilooko|Kadzamira
Ntchisi|S/C Chilooko|Kadzeya
Ntchisi|S/C Chilooko|Kaela
Ntchisi|S/C Chilooko|Kafulu
Ntchisi|S/C Chilooko|Kalilangwe
Ntchisi|S/C Chilooko|Kalilangwe Farm
Ntchisi|S/C Chilooko|Kaliufu
Ntchisi|S/C Chilooko|Kaliza
Ntchisi|S/C Chilooko|Kaluufu Kamphani
Ntchisi|S/C Chilooko|Kamanchenjeza
Ntchisi|S/C Chilooko|Kambale
Ntchisi|S/C Chilooko|Kambanga
Ntchisi|S/C Chilooko|Kambili
Ntchisi|S/C Chilooko|Kamphikule
Ntchisi|S/C Chilooko|Kamwaza
Ntchisi|S/C Chilooko|Kandale
Ntchisi|S/C Chilooko|Kangolwa
Ntchisi|S/C Chilooko|Kang'ombe
Ntchisi|S/C Chilooko|Kangozi
Ntchisi|S/C Chilooko|Kankhumbwa
Ntchisi|S/C Chilooko|Kankhwazi
Ntchisi|S/C Chilooko|Kanyamula
Ntchisi|S/C Chilooko|Kanyelamalo
Ntchisi|S/C Chilooko|Kanyelele
Ntchisi|S/C Chilooko|Kanyendera
Ntchisi|S/C Chilooko|Kanyulunyulu Trading Centre
Ntchisi|S/C Chilooko|Kaongo Estate
Ntchisi|S/C Chilooko|Kapala
Ntchisi|S/C Chilooko|Kapangama
Ntchisi|S/C Chilooko|Kaphatika
Ntchisi|S/C Chilooko|Kaphikule
Ntchisi|S/C Chilooko|Kaphula
Ntchisi|S/C Chilooko|Kapilingidza
Ntchisi|S/C Chilooko|Kaponda
Ntchisi|S/C Chilooko|Kapulula
Ntchisi|S/C Chilooko|Kasakula
Ntchisi|S/C Chilooko|Kasinja
Ntchisi|S/C Chilooko|Kasiya
Ntchisi|S/C Chilooko|Katangala
Ntchisi|S/C Chilooko|Katela
Ntchisi|S/C Chilooko|Katemba
Ntchisi|S/C Chilooko|Katsuka Farm
Ntchisi|S/C Chilooko|Kaulesi Farm
Ntchisi|S/C Chilooko|Kavala Farm
Ntchisi|S/C Chilooko|Kavulala
Ntchisi|S/C Chilooko|Kavwenje
Ntchisi|S/C Chilooko|Kavwenje Manthalu
Ntchisi|S/C Chilooko|Kawenje
Ntchisi|S/C Chilooko|Kawotche
Ntchisi|S/C Chilooko|Kazongolowe
Ntchisi|S/C Chilooko|Khobwe
Ntchisi|S/C Chilooko|Khuwi I
Ntchisi|S/C Chilooko|Khuwi Ii
Ntchisi|S/C Chilooko|Kwendankwina
Ntchisi|S/C Chilooko|Liwenga
Ntchisi|S/C Chilooko|Lukwa
Ntchisi|S/C Chilooko|Lumbe
Ntchisi|S/C Chilooko|Mahowe
Ntchisi|S/C Chilooko|Makuntha
Ntchisi|S/C Chilooko|Makwaule
Ntchisi|S/C Chilooko|Malambo
Ntchisi|S/C Chilooko|Malenje Estate
Ntchisi|S/C Chilooko|Malomo
Ntchisi|S/C Chilooko|Malomo Turn Off Trading Centre
Ntchisi|S/C Chilooko|Malunga
Ntchisi|S/C Chilooko|Maluza
Ntchisi|S/C Chilooko|Mambiza Farm
Ntchisi|S/C Chilooko|Mankhaka
Ntchisi|S/C Chilooko|Mankhanga
Ntchisi|S/C Chilooko|Mankhokwe
Ntchisi|S/C Chilooko|Mankhudzu
Ntchisi|S/C Chilooko|Mankhuzu
Ntchisi|S/C Chilooko|Manthulu
Ntchisi|S/C Chilooko|Masanga
Ntchisi|S/C Chilooko|Masanya
Ntchisi|S/C Chilooko|Masiya
Ntchisi|S/C Chilooko|Masula
Ntchisi|S/C Chilooko|Mateche
Ntchisi|S/C Chilooko|Matenje Farm
Ntchisi|S/C Chilooko|Matidza
Ntchisi|S/C Chilooko|Mawili Trading Centre
Ntchisi|S/C Chilooko|Mayembe
Ntchisi|S/C Chilooko|Mbalame
Ntchisi|S/C Chilooko|Mbewa
Ntchisi|S/C Chilooko|Mbiya
Ntchisi|S/C Chilooko|M'bobo
Ntchisi|S/C Chilooko|Mbomba Trading Centre
Ntchisi|S/C Chilooko|Mchedwa Estate
Ntchisi|S/C Chilooko|Mchere
Ntchisi|S/C Chilooko|Miti
Ntchisi|S/C Chilooko|Mizondo
Ntchisi|S/C Chilooko|Mkanile
Ntchisi|S/C Chilooko|Mkombe
Ntchisi|S/C Chilooko|Mkombe II
Ntchisi|S/C Chilooko|Mkonkho
Ntchisi|S/C Chilooko|Mkweche
Ntchisi|S/C Chilooko|Mkwindo
Ntchisi|S/C Chilooko|Mndesi
Ntchisi|S/C Chilooko|Mndesi Farm
Ntchisi|S/C Chilooko|M'ndimba
Ntchisi|S/C Chilooko|M'njale
Ntchisi|S/C Chilooko|M'njowe
Ntchisi|S/C Chilooko|Moto
Ntchisi|S/C Chilooko|Mpamila Farm
Ntchisi|S/C Chilooko|Mphenyenga
Ntchisi|S/C Chilooko|Mphero
Ntchisi|S/C Chilooko|Mphunde
Ntchisi|S/C Chilooko|Mpofu
Ntchisi|S/C Chilooko|Mpunga
Ntchisi|S/C Chilooko|Msezeni
Ntchisi|S/C Chilooko|Mtama
Ntchisi|S/C Chilooko|Mwinama
Ntchisi|S/C Chilooko|Mwinama Trading Centre
Ntchisi|S/C Chilooko|Nachiwele Farm
Ntchisi|S/C Chilooko|Nathani
Ntchisi|S/C Chilooko|Ndevuzaola
Ntchisi|S/C Chilooko|Ndovi
Ntchisi|S/C Chilooko|Nduwa
Ntchisi|S/C Chilooko|Ngawanyemba
Ntchisi|S/C Chilooko|Ngoma
Ntchisi|S/C Chilooko|Ngﾗmbe
Ntchisi|S/C Chilooko|Ngwangwa
Ntchisi|S/C Chilooko|Njakwa
Ntchisi|S/C Chilooko|Njobvu
Ntchisi|S/C Chilooko|Nkanika
Ntchisi|S/C Chilooko|Nkhandamila
Ntchisi|S/C Chilooko|Nkhoma
Ntchisi|S/C Chilooko|Nkhwere
Ntchisi|S/C Chilooko|Nseche
Ntchisi|S/C Chilooko|Nselembo
Ntchisi|S/C Chilooko|Nsuku
Ntchisi|S/C Chilooko|Nsulu
Ntchisi|S/C Chilooko|Nswaswa Trading Centre
Ntchisi|S/C Chilooko|Ntengouphuka
Ntchisi|S/C Chilooko|Nthaila
Ntchisi|S/C Chilooko|Nyalavu
Ntchisi|S/C Chilooko|Nyale
Ntchisi|S/C Chilooko|Nyanda
Ntchisi|S/C Chilooko|Phale
Ntchisi|S/C Chilooko|Phangwa
Ntchisi|S/C Chilooko|Psopso
Ntchisi|S/C Chilooko|Sajeni
Ntchisi|S/C Chilooko|Saka
Ntchisi|S/C Chilooko|Sankhani
Ntchisi|S/C Chilooko|Thako
Ntchisi|S/C Chilooko|Vinyasi
Ntchisi|S/C Chilooko|Vwala
Ntchisi|S/C Chilooko|Zambale
Ntchisi|S/C Chilooko|Zambalero
Ntchisi|S/C Chilooko|Zilase
Ntchisi|S/C Chilooko|Zimwe
Ntchisi|S/C Chilooko|Zinyata
Ntchisi|S/C Nthondo|Banja
Ntchisi|S/C Nthondo|Chalumawo
Ntchisi|S/C Nthondo|Chamwayi Farm
Ntchisi|S/C Nthondo|Chanthulo
Ntchisi|S/C Nthondo|Chaphula
Ntchisi|S/C Nthondo|Chapulapula
Ntchisi|S/C Nthondo|Chapulapula II
Ntchisi|S/C Nthondo|Chauma
Ntchisi|S/C Nthondo|Chaunga
Ntchisi|S/C Nthondo|Chawala
Ntchisi|S/C Nthondo|Chembo
Ntchisi|S/C Nthondo|Chibisa
Ntchisi|S/C Nthondo|Chibzala
Ntchisi|S/C Nthondo|Chidzanje Farm
Ntchisi|S/C Nthondo|Chifwelekete
Ntchisi|S/C Nthondo|Chikupila
Ntchisi|S/C Nthondo|Chilimbikwa
Ntchisi|S/C Nthondo|Chimanda
Ntchisi|S/C Nthondo|Chimbaka
Ntchisi|S/C Nthondo|Chinjoka Farm
Ntchisi|S/C Nthondo|Chinkhuti
Ntchisi|S/C Nthondo|Chinyonga
Ntchisi|S/C Nthondo|Chipondo
Ntchisi|S/C Nthondo|Chisauka
Ntchisi|S/C Nthondo|Chisonga
Ntchisi|S/C Nthondo|Chisusu
Ntchisi|S/C Nthondo|Chitsala
Ntchisi|S/C Nthondo|Chitudza
Ntchisi|S/C Nthondo|Chiwondo
Ntchisi|S/C Nthondo|Chiziko
Ntchisi|S/C Nthondo|Chomveka
Ntchisi|S/C Nthondo|Doko Farm
Ntchisi|S/C Nthondo|Gula
Ntchisi|S/C Nthondo|January
Ntchisi|S/C Nthondo|Kachapila Farm
Ntchisi|S/C Nthondo|Kadziphere Farm
Ntchisi|S/C Nthondo|Kalanda
Ntchisi|S/C Nthondo|Kandodo
Ntchisi|S/C Nthondo|Kanjedza
Ntchisi|S/C Nthondo|Kankhowe I
Ntchisi|S/C Nthondo|Kanyedza
Ntchisi|S/C Nthondo|Kanyerangﾗma
Ntchisi|S/C Nthondo|Kanyolele
Ntchisi|S/C Nthondo|Kaombe Forest Reserve
Ntchisi|S/C Nthondo|Kapombe
Ntchisi|S/C Nthondo|Kaponda
Ntchisi|S/C Nthondo|Kasengwa
Ntchisi|S/C Nthondo|Katsuka Farm
Ntchisi|S/C Nthondo|Kayala
Ntchisi|S/C Nthondo|Kazoto Farm
Ntchisi|S/C Nthondo|Khokho
Ntchisi|S/C Nthondo|Khondowe
Ntchisi|S/C Nthondo|Khunthuma
Ntchisi|S/C Nthondo|Kuchesa Farm
Ntchisi|S/C Nthondo|Langa
Ntchisi|S/C Nthondo|Liondwe
Ntchisi|S/C Nthondo|Madondolo
Ntchisi|S/C Nthondo|Makhanga
Ntchisi|S/C Nthondo|Mandwe
Ntchisi|S/C Nthondo|Mashatila
Ntchisi|S/C Nthondo|Mataka
Ntchisi|S/C Nthondo|Matalala
Ntchisi|S/C Nthondo|Matiya
Ntchisi|S/C Nthondo|Matiya II
Ntchisi|S/C Nthondo|Maviwiko
Ntchisi|S/C Nthondo|Mawere
Ntchisi|S/C Nthondo|Mbuluma
Ntchisi|S/C Nthondo|Mchere
Ntchisi|S/C Nthondo|Mchesi Farm
Ntchisi|S/C Nthondo|Mduwa
Ntchisi|S/C Nthondo|Mguza
Ntchisi|S/C Nthondo|Mhgopi
Ntchisi|S/C Nthondo|Mkwichi
Ntchisi|S/C Nthondo|Mmdinda
Ntchisi|S/C Nthondo|M'mdinda
Ntchisi|S/C Nthondo|Mnjale
Ntchisi|S/C Nthondo|Moto
Ntchisi|S/C Nthondo|Mpanan'gombe
Ntchisi|S/C Nthondo|Msankhile
Ntchisi|S/C Nthondo|Msenda Farm
Ntchisi|S/C Nthondo|Msendekele
Ntchisi|S/C Nthondo|Msumba Trading Centre
Ntchisi|S/C Nthondo|Mtawaila
Ntchisi|S/C Nthondo|Mtawaila I.
Ntchisi|S/C Nthondo|Mtawaila II
Ntchisi|S/C Nthondo|Mtawayila
Ntchisi|S/C Nthondo|Mtongo
Ntchisi|S/C Nthondo|Mtuwanjovu Farm
Ntchisi|S/C Nthondo|Mulunguakanena Farm
Ntchisi|S/C Nthondo|Mwaluka
Ntchisi|S/C Nthondo|Mwalukila
Ntchisi|S/C Nthondo|Nambamba Farm
Ntchisi|S/C Nthondo|Ndakulenga
Ntchisi|S/C Nthondo|Ndaya
Ntchisi|S/C Nthondo|Nduwa
Ntchisi|S/C Nthondo|Ngolomi
Ntchisi|S/C Nthondo|Ngopi
Ntchisi|S/C Nthondo|Nguluwe
Ntchisi|S/C Nthondo|Njolomi
Ntchisi|S/C Nthondo|Nkhadzule
Ntchisi|S/C Nthondo|Nkhako
Ntchisi|S/C Nthondo|Nkumatha Farm
Ntchisi|S/C Nthondo|Nsakachalo
Ntchisi|S/C Nthondo|Nthenda
Ntchisi|S/C Nthondo|Nthondo
Ntchisi|S/C Nthondo|Nyanja
Ntchisi|S/C Nthondo|Nyanja II
Ntchisi|S/C Nthondo|Sambakusi
Ntchisi|S/C Nthondo|Saninga
Ntchisi|S/C Nthondo|Shadreck
Ntchisi|S/C Nthondo|Thokozani Farm
Ntchisi|S/C Nthondo|Tithokoze Farm
Ntchisi|S/C Nthondo|Tondwa
Ntchisi|S/C Nthondo|Umphawi ndi wanga Farm
Ntchisi|S/C Nthondo|Undi
Ntchisi|S/C Nthondo|Vyovyo
Ntchisi|S/C Nthondo|Zambala
Ntchisi|TA Chikho|Alekelenji Farm
Ntchisi|TA Chikho|Ambale
Ntchisi|TA Chikho|Bande
Ntchisi|TA Chikho|Bisa
Ntchisi|TA Chikho|Chagalawanda
Ntchisi|TA Chikho|Chamaele Masache
Ntchisi|TA Chikho|Chambamkuya
Ntchisi|TA Chikho|Chandawila
Ntchisi|TA Chikho|Chankhalamo Farm
Ntchisi|TA Chikho|Chanthonga Farm
Ntchisi|TA Chikho|Chawala
Ntchisi|TA Chikho|Chawola
Ntchisi|TA Chikho|Chibwenje
Ntchisi|TA Chikho|Chiima
Ntchisi|TA Chikho|Chikho
Ntchisi|TA Chikho|chikwawe
Ntchisi|TA Chikho|Chilembwe
Ntchisi|TA Chikho|Chiliwiyo
Ntchisi|TA Chikho|Chilungu
Ntchisi|TA Chikho|Chimaneni
Ntchisi|TA Chikho|Chimbweya Trading Centre
Ntchisi|TA Chikho|Chimpeni
Ntchisi|TA Chikho|Chimphonda
Ntchisi|TA Chikho|Chimwala
Ntchisi|TA Chikho|Chinkhande
Ntchisi|TA Chikho|Chinsomba
Ntchisi|TA Chikho|Chinthembwe Trading Centre
Ntchisi|TA Chikho|Chipalapala
Ntchisi|TA Chikho|Chiphwafu
Ntchisi|TA Chikho|Chipokosa
Ntchisi|TA Chikho|Chisamba
Ntchisi|TA Chikho|Chisenu
Ntchisi|TA Chikho|Chisuwani
Ntchisi|TA Chikho|Chitawo Farm
Ntchisi|TA Chikho|Chiudzu
Ntchisi|TA Chikho|Chiwaula
Ntchisi|TA Chikho|Chiwoko Farm
Ntchisi|TA Chikho|Gadi
Ntchisi|TA Chikho|Galangande
Ntchisi|TA Chikho|Gﾗmbe
Ntchisi|TA Chikho|Jimu II
Ntchisi|TA Chikho|Kaamanchenjeza
Ntchisi|TA Chikho|Kabvima Farm
Ntchisi|TA Chikho|Kachere
Ntchisi|TA Chikho|Kachigwada
Ntchisi|TA Chikho|Kachipapa
Ntchisi|TA Chikho|Kakholo
Ntchisi|TA Chikho|Kalikuni
Ntchisi|TA Chikho|Kaliyapa
Ntchisi|TA Chikho|Kambola
Ntchisi|TA Chikho|Kamtande
Ntchisi|TA Chikho|Kandodo
Ntchisi|TA Chikho|Kanyama
Ntchisi|TA Chikho|Kapatuka
Ntchisi|TA Chikho|Katangala
Ntchisi|TA Chikho|Katantha
Ntchisi|TA Chikho|Katola
Ntchisi|TA Chikho|Katsilizika
Ntchisi|TA Chikho|Kunkhokwe
Ntchisi|TA Chikho|Lisongwe
Ntchisi|TA Chikho|Liyati Farm
Ntchisi|TA Chikho|Mafuta
Ntchisi|TA Chikho|Malemia Farm
Ntchisi|TA Chikho|Masache
Ntchisi|TA Chikho|Matako
Ntchisi|TA Chikho|Matamula
Ntchisi|TA Chikho|Mbalame
Ntchisi|TA Chikho|Mbiya
Ntchisi|TA Chikho|Mbulawa
Ntchisi|TA Chikho|Mdakalatsa
Ntchisi|TA Chikho|Mikwala
Ntchisi|TA Chikho|Mikwala II
Ntchisi|TA Chikho|Mizindo
Ntchisi|TA Chikho|Mkambisi
Ntchisi|TA Chikho|Mkhula Farm
Ntchisi|TA Chikho|Mndoli
Ntchisi|TA Chikho|Mnjolo
Ntchisi|TA Chikho|M'nkhanga
Ntchisi|TA Chikho|Mnkhonga
Ntchisi|TA Chikho|Mnthewe
Ntchisi|TA Chikho|Mpalala
Ntchisi|TA Chikho|Mphunda
Ntchisi|TA Chikho|Mpika
Ntchisi|TA Chikho|Msonthi
Ntchisi|TA Chikho|Msonzi Trading Centre
Ntchisi|TA Chikho|Mthunzi
Ntchisi|TA Chikho|Mtongo
Ntchisi|TA Chikho|Mtsekamphata
Ntchisi|TA Chikho|Mtsimba
Ntchisi|TA Chikho|Mtupa
Ntchisi|TA Chikho|Mulalo
Ntchisi|TA Chikho|Munika
Ntchisi|TA Chikho|Mwaka
Ntchisi|TA Chikho|Mwalawanolo Farm
Ntchisi|TA Chikho|Mwalumo
Ntchisi|TA Chikho|Mwera Hill Farm
Ntchisi|TA Chikho|Mwinama
Ntchisi|TA Chikho|Mzandu
Ntchisi|TA Chikho|Mzandula
Ntchisi|TA Chikho|Nandeta
Ntchisi|TA Chikho|Nansato Farm
Ntchisi|TA Chikho|Ndakuipira
Ntchisi|TA Chikho|Ndendere
Ntchisi|TA Chikho|Ndundu
Ntchisi|TA Chikho|Ngaaya
Ntchisi|TA Chikho|Ngwata
Ntchisi|TA Chikho|Ngwewa
Ntchisi|TA Chikho|Nkhalamba
Ntchisi|TA Chikho|Ntchezi
Ntchisi|TA Chikho|Nthambalero
Ntchisi|TA Chikho|Nthukwa
Ntchisi|TA Chikho|Nyanga
Ntchisi|TA Chikho|Nyangu
Ntchisi|TA Chikho|Pheleni
Ntchisi|TA Chikho|Pindama
Ntchisi|TA Chikho|Pingama
Ntchisi|TA Chikho|Pondani
Ntchisi|TA Chikho|Saule
Ntchisi|TA Chikho|Tenje
Ntchisi|TA Chikho|Tidziwane Farm
Ntchisi|TA Chikho|Vuso Jere
Ntchisi|TA Chikho|Wilson
Ntchisi|TA Chikho|Yohane Msolola
Ntchisi|TA Kalumo|Amoni
Ntchisi|TA Kalumo|Bandawe
Ntchisi|TA Kalumo|Bingamvula
Ntchisi|TA Kalumo|Bingumvula
Ntchisi|TA Kalumo|Bwanamali
Ntchisi|TA Kalumo|Chabuka
Ntchisi|TA Kalumo|Chaferapanjira
Ntchisi|TA Kalumo|Chambaguta
Ntchisi|TA Kalumo|Chananga
Ntchisi|TA Kalumo|Chandawira
Ntchisi|TA Kalumo|Changwilo
Ntchisi|TA Kalumo|Chapuchapu
Ntchisi|TA Kalumo|Chasala
Ntchisi|TA Kalumo|Chaseta
Ntchisi|TA Kalumo|Chatama
Ntchisi|TA Kalumo|Chatama II
Ntchisi|TA Kalumo|Chatanga
Ntchisi|TA Kalumo|Chatawa
Ntchisi|TA Kalumo|Chathathumba
Ntchisi|TA Kalumo|Chauwa
Ntchisi|TA Kalumo|Chawanda
Ntchisi|TA Kalumo|Chawaza
Ntchisi|TA Kalumo|Chazama
Ntchisi|TA Kalumo|Chete
Ntchisi|TA Kalumo|Chetechete
Ntchisi|TA Kalumo|Chibisa
Ntchisi|TA Kalumo|Chibweya
Ntchisi|TA Kalumo|Chidiza
Ntchisi|TA Kalumo|Chidzalo  Estate
Ntchisi|TA Kalumo|Chidzaye
Ntchisi|TA Kalumo|Chifu
Ntchisi|TA Kalumo|Chigwe
Ntchisi|TA Kalumo|Chikampha
Ntchisi|TA Kalumo|Chikhungwa
Ntchisi|TA Kalumo|Chikhutu
Ntchisi|TA Kalumo|Chikhwakhwa
Ntchisi|TA Kalumo|Chikugwere
Ntchisi|TA Kalumo|Chikusa
Ntchisi|TA Kalumo|Chikusule
Ntchisi|TA Kalumo|Chikuwi
Ntchisi|TA Kalumo|Chikwakwa
Ntchisi|TA Kalumo|Chikwakwa I
Ntchisi|TA Kalumo|Chikweza
Ntchisi|TA Kalumo|Chilandu
Ntchisi|TA Kalumo|Chilasa
Ntchisi|TA Kalumo|Chilera
Ntchisi|TA Kalumo|Chilesa
Ntchisi|TA Kalumo|Chilundu
Ntchisi|TA Kalumo|Chimbaka
Ntchisi|TA Kalumo|Chimbalu
Ntchisi|TA Kalumo|Chimbewa
Ntchisi|TA Kalumo|Chimbwanda
Ntchisi|TA Kalumo|Chimdima
Ntchisi|TA Kalumo|Chimera
Ntchisi|TA Kalumo|Chimetu
Ntchisi|TA Kalumo|Chimkoma
Ntchisi|TA Kalumo|Chimombo
Ntchisi|TA Kalumo|Chimsasa
Ntchisi|TA Kalumo|Chimwala
Ntchisi|TA Kalumo|Chimwendo
Ntchisi|TA Kalumo|Chinganilo
Ntchisi|TA Kalumo|Chinguwo
Ntchisi|TA Kalumo|Chinkhala
Ntchisi|TA Kalumo|Chinkhande
Ntchisi|TA Kalumo|Chinkhande Trading Centre
Ntchisi|TA Kalumo|Chinkwaya
Ntchisi|TA Kalumo|Chiopysa
Ntchisi|TA Kalumo|Chipeni
Ntchisi|TA Kalumo|Chipojola
Ntchisi|TA Kalumo|Chipokosa
Ntchisi|TA Kalumo|Chipolokazi
Ntchisi|TA Kalumo|Chipolwa
Ntchisi|TA Kalumo|Chipota
Ntchisi|TA Kalumo|Chipuka
Ntchisi|TA Kalumo|Chisaka
Ntchisi|TA Kalumo|Chisema
Ntchisi|TA Kalumo|Chisonga
Ntchisi|TA Kalumo|Chisoso
Ntchisi|TA Kalumo|Chitatanga
Ntchisi|TA Kalumo|Chitedze
Ntchisi|TA Kalumo|Chitekwe
Ntchisi|TA Kalumo|Chitete
Ntchisi|TA Kalumo|Chithimbwisi
Ntchisi|TA Kalumo|Chithonje
Ntchisi|TA Kalumo|Chithyathya
Ntchisi|TA Kalumo|Chitsa
Ntchisi|TA Kalumo|Chitunda Estate
Ntchisi|TA Kalumo|Chiunjiza
Ntchisi|TA Kalumo|Chiwaliwali
Ntchisi|TA Kalumo|Chiwere
Ntchisi|TA Kalumo|Chiweza
Ntchisi|TA Kalumo|Chiwilila
Ntchisi|TA Kalumo|Chombe
Ntchisi|TA Kalumo|Chorwe
Ntchisi|TA Kalumo|Chulu
Ntchisi|TA Kalumo|Chulu II
Ntchisi|TA Kalumo|Dambe
Ntchisi|TA Kalumo|Dewere
Ntchisi|TA Kalumo|Dokoseni
Ntchisi|TA Kalumo|Dovu
Ntchisi|TA Kalumo|Dzoole
Ntchisi|TA Kalumo|Efremu
Ntchisi|TA Kalumo|Fitizalimba
Ntchisi|TA Kalumo|Gang'a
Ntchisi|TA Kalumo|Geve
Ntchisi|TA Kalumo|Gomezani
Ntchisi|TA Kalumo|Gwaza
Ntchisi|TA Kalumo|Hii
Ntchisi|TA Kalumo|Inje
Ntchisi|TA Kalumo|James
Ntchisi|TA Kalumo|Jeke
Ntchisi|TA Kalumo|Jenula
Ntchisi|TA Kalumo|Jere
Ntchisi|TA Kalumo|Jeremia
Ntchisi|TA Kalumo|Jetero
Ntchisi|TA Kalumo|Jimu
Ntchisi|TA Kalumo|John
Ntchisi|TA Kalumo|Kachelenga
Ntchisi|TA Kalumo|Kachilandozi
Ntchisi|TA Kalumo|Kachilanduzi
Ntchisi|TA Kalumo|Kachinaka
Ntchisi|TA Kalumo|Kachipapa
Ntchisi|TA Kalumo|Kachulu I
Ntchisi|TA Kalumo|Kadango
Ntchisi|TA Kalumo|Kafulumula
Ntchisi|TA Kalumo|Kafwafwa
Ntchisi|TA Kalumo|Kajawa
Ntchisi|TA Kalumo|Kalasankuwa
Ntchisi|TA Kalumo|Kalasawani
Ntchisi|TA Kalumo|Kalemeka
Ntchisi|TA Kalumo|Kalinde
Ntchisi|TA Kalumo|Kalole
Ntchisi|TA Kalumo|Kalolo
Ntchisi|TA Kalumo|Kalonga
Ntchisi|TA Kalumo|Kalowangombe
Ntchisi|TA Kalumo|Kalumbi
Ntchisi|TA Kalumo|Kalumo
Ntchisi|TA Kalumo|Kamadza
Ntchisi|TA Kalumo|Kambuzi
Ntchisi|TA Kalumo|Kambwiri
Ntchisi|TA Kalumo|Kamchere
Ntchisi|TA Kalumo|Kamchocho
Ntchisi|TA Kalumo|Kamgoma
Ntchisi|TA Kalumo|Kamkwamba
Ntchisi|TA Kalumo|Kamndanda
Ntchisi|TA Kalumo|Kamphuliso
Ntchisi|TA Kalumo|Kamsonga
Ntchisi|TA Kalumo|Kamsonga Trading Centre
Ntchisi|TA Kalumo|Kamwera
Ntchisi|TA Kalumo|Kandaya
Ntchisi|TA Kalumo|Kangowa
Ntchisi|TA Kalumo|Kaning'a
Ntchisi|TA Kalumo|Kansale
Ntchisi|TA Kalumo|Kansengwa
Ntchisi|TA Kalumo|Kansinde
Ntchisi|TA Kalumo|Kanthungo
Ntchisi|TA Kalumo|Kanyelele
Ntchisi|TA Kalumo|Kanyenda
Ntchisi|TA Kalumo|Kaphiri
Ntchisi|TA Kalumo|Kapichila
Ntchisi|TA Kalumo|Kapolo
Ntchisi|TA Kalumo|Kapoloza
Ntchisi|TA Kalumo|Kasakula
Ntchisi|TA Kalumo|Kasakula I
Ntchisi|TA Kalumo|Kasanga
Ntchisi|TA Kalumo|Kasitomu
Ntchisi|TA Kalumo|Kasonkhola
Ntchisi|TA Kalumo|Katanda
Ntchisi|TA Kalumo|Katawa
Ntchisi|TA Kalumo|Katayamowa
Ntchisi|TA Kalumo|Kathumba
Ntchisi|TA Kalumo|Katimba
Ntchisi|TA Kalumo|Katipwili
Ntchisi|TA Kalumo|Katsika
Ntchisi|TA Kalumo|Katundu
Ntchisi|TA Kalumo|Kaulatsitsi
Ntchisi|TA Kalumo|Kavwenje
Ntchisi|TA Kalumo|Kawaka
Ntchisi|TA Kalumo|Kawanda I
Ntchisi|TA Kalumo|Kawenda
Ntchisi|TA Kalumo|Kawenda I
Ntchisi|TA Kalumo|Kawenda II
Ntchisi|TA Kalumo|Kawete
Ntchisi|TA Kalumo|Kazionetsa
Ntchisi|TA Kalumo|Kazonga
Ntchisi|TA Kalumo|Kazonga II
Ntchisi|TA Kalumo|Khofi
Ntchisi|TA Kalumo|Khosi
Ntchisi|TA Kalumo|Khuwi
Ntchisi|TA Kalumo|Khuwi Trading Centre
Ntchisi|TA Kalumo|Khwambala
Ntchisi|TA Kalumo|Khwangwala
Ntchisi|TA Kalumo|Khwanthe
Ntchisi|TA Kalumo|Khwela
Ntchisi|TA Kalumo|Kuyendakwina
Ntchisi|TA Kalumo|Kwamba
Ntchisi|TA Kalumo|Laisi
Ntchisi|TA Kalumo|Lambulira
Ntchisi|TA Kalumo|Loki
Ntchisi|TA Kalumo|Lole
Ntchisi|TA Kalumo|Loleni
Ntchisi|TA Kalumo|Longwe
Ntchisi|TA Kalumo|Luba
Ntchisi|TA Kalumo|Mabwela
Ntchisi|TA Kalumo|Machira
Ntchisi|TA Kalumo|Machisawo
Ntchisi|TA Kalumo|Mafikeni
Ntchisi|TA Kalumo|Maguya
Ntchisi|TA Kalumo|Makanda
Ntchisi|TA Kalumo|Makanda Trading Centre
Ntchisi|TA Kalumo|Makhenjera
Ntchisi|TA Kalumo|Makwesa
Ntchisi|TA Kalumo|Malaicha
Ntchisi|TA Kalumo|Malama
Ntchisi|TA Kalumo|Malango
Ntchisi|TA Kalumo|Malenga I
Ntchisi|TA Kalumo|Malengamzizi
Ntchisi|TA Kalumo|Malengankulumimba
Ntchisi|TA Kalumo|Maliketi
Ntchisi|TA Kalumo|Maliketi Trading Centre
Ntchisi|TA Kalumo|Malumbira
Ntchisi|TA Kalumo|Maluwa
Ntchisi|TA Kalumo|Manda
Ntchisi|TA Kalumo|Mangulu
Ntchisi|TA Kalumo|Mankhambira
Ntchisi|TA Kalumo|Mapondela
Ntchisi|TA Kalumo|Masawa Farm
Ntchisi|TA Kalumo|Matapa
Ntchisi|TA Kalumo|Matenje
Ntchisi|TA Kalumo|Matsimbe
Ntchisi|TA Kalumo|Mavwenje
Ntchisi|TA Kalumo|Mawalu
Ntchisi|TA Kalumo|Mazewa
Ntchisi|TA Kalumo|Mbende
Ntchisi|TA Kalumo|Mbonekela
Ntchisi|TA Kalumo|Mbototo
Ntchisi|TA Kalumo|Mbulama
Ntchisi|TA Kalumo|Mbulawo
Ntchisi|TA Kalumo|Mbuluma
Ntchisi|TA Kalumo|Mbumba
Ntchisi|TA Kalumo|Mbuyedziko
Ntchisi|TA Kalumo|Mchera
Ntchisi|TA Kalumo|Mchere
Ntchisi|TA Kalumo|Mchetechete
Ntchisi|TA Kalumo|Mdambo
Ntchisi|TA Kalumo|Mdambo I
Ntchisi|TA Kalumo|Mdambo II
Ntchisi|TA Kalumo|M'dzelanji
Ntchisi|TA Kalumo|Mgolosungeni
Ntchisi|TA Kalumo|Mgulu
Ntchisi|TA Kalumo|Mgungu
Ntchisi|TA Kalumo|Mingu
Ntchisi|TA Kalumo|Mkambisi
Ntchisi|TA Kalumo|Mkhuzi
Ntchisi|TA Kalumo|Mkombola
Ntchisi|TA Kalumo|Mkumbula
Ntchisi|TA Kalumo|Mkwatipukwa
Ntchisi|TA Kalumo|Mlenje
Ntchisi|TA Kalumo|Mndindachoke
Ntchisi|TA Kalumo|Mngwala
Ntchisi|TA Kalumo|Mnjitha
Ntchisi|TA Kalumo|M'njola
Ntchisi|TA Kalumo|Moto
Ntchisi|TA Kalumo|Mpalo Trading Centre
Ntchisi|TA Kalumo|Mpamila
Ntchisi|TA Kalumo|Mpando
Ntchisi|TA Kalumo|Mphale
Ntchisi|TA Kalumo|Mphamba
Ntchisi|TA Kalumo|Mphanda
Ntchisi|TA Kalumo|Mphasa
Ntchisi|TA Kalumo|Mpotachamba
Ntchisi|TA Kalumo|Mpumulo
Ntchisi|TA Kalumo|Msagadi
Ntchisi|TA Kalumo|Mselembo
Ntchisi|TA Kalumo|Mteya
Ntchisi|TA Kalumo|Mteyu
Ntchisi|TA Kalumo|Mthiransembe Trading Centre
Ntchisi|TA Kalumo|Mtuta
Ntchisi|TA Kalumo|Mwala Farm
Ntchisi|TA Kalumo|Mwalala
Ntchisi|TA Kalumo|Mwambo
Ntchisi|TA Kalumo|Mwamulo
Ntchisi|TA Kalumo|Mwansangu
Ntchisi|TA Kalumo|Mwanza
Ntchisi|TA Kalumo|Mwasumbi
Ntchisi|TA Kalumo|Mwavu
Ntchisi|TA Kalumo|Mwera Hill Farm
Ntchisi|TA Kalumo|Mweso
Ntchisi|TA Kalumo|Mwimba
Ntchisi|TA Kalumo|Mzoma
Ntchisi|TA Kalumo|Namndeta
Ntchisi|TA Kalumo|Nankumba
Ntchisi|TA Kalumo|Nchima
Ntchisi|TA Kalumo|Nchintha
Ntchisi|TA Kalumo|Ndawala
Ntchisi|TA Kalumo|Ng'anga
Ntchisi|TA Kalumo|Ngoleka
Ntchisi|TA Kalumo|Ngombe
Ntchisi|TA Kalumo|Ng'ombe
Ntchisi|TA Kalumo|Ng'ombe Trading Centre
Ntchisi|TA Kalumo|Nguluwe
Ntchisi|TA Kalumo|Ngwanje Trading Centre
Ntchisi|TA Kalumo|Nikisi
Ntchisi|TA Kalumo|Njeleyera Farm
Ntchisi|TA Kalumo|Njovu
Ntchisi|TA Kalumo|Nkhalamo
Ntchisi|TA Kalumo|Nkhalamu
Ntchisi|TA Kalumo|Nkhalapathumba
Ntchisi|TA Kalumo|Nkhandamila
Ntchisi|TA Kalumo|Nkhukuzalowa
Ntchisi|TA Kalumo|Nkowindima
Ntchisi|TA Kalumo|Nkukula
Ntchisi|TA Kalumo|Nkulila
Ntchisi|TA Kalumo|Nkulira
Ntchisi|TA Kalumo|Nselembo
Ntchisi|TA Kalumo|Nthawa
Ntchisi|TA Kalumo|Nthesa
Ntchisi|TA Kalumo|Nyalavu
Ntchisi|TA Kalumo|Nyalavu  Trading Centre
Ntchisi|TA Kalumo|Nyalavu Chilembwe
Ntchisi|TA Kalumo|Nyoli
Ntchisi|TA Kalumo|Nyoni
Ntchisi|TA Kalumo|Peremende
Ntchisi|TA Kalumo|Peter
Ntchisi|TA Kalumo|Petro Bwaduka
Ntchisi|TA Kalumo|Phangwa
Ntchisi|TA Kalumo|Phazi
Ntchisi|TA Kalumo|Phere
Ntchisi|TA Kalumo|Phombwe
Ntchisi|TA Kalumo|Pomphe
Ntchisi|TA Kalumo|Potifala
Ntchisi|TA Kalumo|Reuben Soko
Ntchisi|TA Kalumo|Sambakale
Ntchisi|TA Kalumo|Sambakusi
Ntchisi|TA Kalumo|Sambenjele
Ntchisi|TA Kalumo|Sambo
Ntchisi|TA Kalumo|Sandwe
Ntchisi|TA Kalumo|Saulosi
Ntchisi|TA Kalumo|Sibawo
Ntchisi|TA Kalumo|Simalambo
Ntchisi|TA Kalumo|Simon
Ntchisi|TA Kalumo|Simwaza
Ntchisi|TA Kalumo|Soko
Ntchisi|TA Kalumo|Takomana
Ntchisi|TA Kalumo|Tandwe
Ntchisi|TA Kalumo|Tchale
Ntchisi|TA Kalumo|Thandaza
Ntchisi|TA Kalumo|Thengeza
Ntchisi|TA Kalumo|Thodwa
Ntchisi|TA Kalumo|Thom
Ntchisi|TA Kalumo|Thung'unda
Ntchisi|TA Kalumo|Tsamvu
Ntchisi|TA Kalumo|Tsonga
Ntchisi|TA Kalumo|Tukwa
Ntchisi|TA Kalumo|Uliya
Ntchisi|TA Kalumo|Vekerani
Ntchisi|TA Kalumo|Visambo
Ntchisi|TA Kalumo|Wesu
Ntchisi|TA Kalumo|Wisikoti
Ntchisi|TA Kalumo|Yohane
Ntchisi|TA Kalumo|Zamangwe
Ntchisi|TA Kalumo|Zefinati
Ntchisi|TA Kalumo|Zimba
Ntchisi|TA Kalumo|Zininkha
Ntchisi|TA Kalumo|Zipita
Ntchisi|TA Kalumo|Ziwili
Ntchisi|TA Kalumo|Zumazi
Ntchisi|Ta Kasakula|Biwi
Ntchisi|Ta Kasakula|Chanika
Ntchisi|Ta Kasakula|Chaseta
Ntchisi|Ta Kasakula|Chazama
Ntchisi|Ta Kasakula|Chazimbobo
Ntchisi|Ta Kasakula|Chentche
Ntchisi|Ta Kasakula|Chibzazi
Ntchisi|Ta Kasakula|Chidaombedwa
Ntchisi|Ta Kasakula|Chikadza
Ntchisi|Ta Kasakula|Chikwawa
Ntchisi|Ta Kasakula|Chilipula
Ntchisi|Ta Kasakula|Chimbalanga
Ntchisi|Ta Kasakula|Chimbindu
Ntchisi|Ta Kasakula|Chimbindu Trading Centre
Ntchisi|Ta Kasakula|Chimera
Ntchisi|Ta Kasakula|Chioza
Ntchisi|Ta Kasakula|Chisakasa
Ntchisi|Ta Kasakula|Chisimbba
Ntchisi|Ta Kasakula|Chitedze
Ntchisi|Ta Kasakula|Chiunga
Ntchisi|Ta Kasakula|Chodzala
Ntchisi|Ta Kasakula|Damba
Ntchisi|Ta Kasakula|Damba I
Ntchisi|Ta Kasakula|Galumtsukwe
Ntchisi|Ta Kasakula|Galuntsukwe
Ntchisi|Ta Kasakula|Isaac Chikho
Ntchisi|Ta Kasakula|Jerson
Ntchisi|Ta Kasakula|Juma Changa(Chanika)
Ntchisi|Ta Kasakula|Kabundule
Ntchisi|Ta Kasakula|Kachiza
Ntchisi|Ta Kasakula|Kachulu
Ntchisi|Ta Kasakula|Kadzulamphonda
Ntchisi|Ta Kasakula|Kalakata
Ntchisi|Ta Kasakula|Kalijewene
Ntchisi|Ta Kasakula|Kalimankundi
Ntchisi|Ta Kasakula|Kalombodza
Ntchisi|Ta Kasakula|Kalowa
Ntchisi|Ta Kasakula|Kambandanga
Ntchisi|Ta Kasakula|Kambewa
Ntchisi|Ta Kasakula|Kambwembwe
Ntchisi|Ta Kasakula|Kampini
Ntchisi|Ta Kasakula|Kandodo
Ntchisi|Ta Kasakula|Kangalwa
Ntchisi|Ta Kasakula|Kangolwa
Ntchisi|Ta Kasakula|Kangolwa Trading Centre
Ntchisi|Ta Kasakula|Kanyama
Ntchisi|Ta Kasakula|Kasakula
Ntchisi|Ta Kasakula|Kasakula Trading Centre
Ntchisi|Ta Kasakula|Kasakula wayera
Ntchisi|Ta Kasakula|Kasanja
Ntchisi|Ta Kasakula|Kataika
Ntchisi|Ta Kasakula|Kawanga
Ntchisi|Ta Kasakula|Kayedzeka
Ntchisi|Ta Kasakula|Khadani
Ntchisi|Ta Kasakula|Kisipo
Ntchisi|Ta Kasakula|Liwonde Trading Centre
Ntchisi|Ta Kasakula|Malambilo
Ntchisi|Ta Kasakula|Malumbila
Ntchisi|Ta Kasakula|Malumbilo
Ntchisi|Ta Kasakula|Manongﾇ (VH Damba)
Ntchisi|Ta Kasakula|Mapawo
Ntchisi|Ta Kasakula|Mateche
Ntchisi|Ta Kasakula|Mbondoma
Ntchisi|Ta Kasakula|Mbuluma
Ntchisi|Ta Kasakula|Mchere
Ntchisi|Ta Kasakula|Mgundana
Ntchisi|Ta Kasakula|Mkazindine
Ntchisi|Ta Kasakula|Mpamela
Ntchisi|Ta Kasakula|Mpamila
Ntchisi|Ta Kasakula|Mpamila II
Ntchisi|Ta Kasakula|Mphachiyawo
Ntchisi|Ta Kasakula|Mponda
Ntchisi|Ta Kasakula|Mpumila I
Ntchisi|Ta Kasakula|Mulalo
Ntchisi|Ta Kasakula|Mwanyumbu
Ntchisi|Ta Kasakula|Namdeta
Ntchisi|Ta Kasakula|Ndamba I
Ntchisi|Ta Kasakula|Ngﾗmbe
Ntchisi|Ta Kasakula|Ngundana
Ntchisi|Ta Kasakula|Nkumbwe
Ntchisi|Ta Kasakula|Ntchisi Forest Reserve
Ntchisi|Ta Kasakula|Ntolamphande
Ntchisi|Ta Kasakula|Paima
Ntchisi|Ta Kasakula|Simakumbi
Ntchisi|Ta Kasakula|Simatundu
Ntchisi|Ta Kasakula|Solomoni
Ntchisi|Ta Kasakula|Suwati
Ntchisi|Ta Kasakula|Thanduzi
Ntchisi|Ta Kasakula|Thawilo
Ntchisi|Ta Kasakula|Zamba
Ntchisi|Ta Kasakula|Zamsilu
Ntchisi|Ta Kasakula|Zimbwe
Ntchisi|Ta Kasakula|Zoti
Phalombe|Chiwalo|Bwana
Phalombe|Chiwalo|Chabilira
Phalombe|Chiwalo|Chikuni
Phalombe|Chiwalo|Chilemele
Phalombe|Chiwalo|Chilemera
Phalombe|Chiwalo|Chimbalanga
Phalombe|Chiwalo|Chimwele
Phalombe|Chiwalo|Chinani
Phalombe|Chiwalo|Chinani A
Phalombe|Chiwalo|Chinani Trading Centre
Phalombe|Chiwalo|Chiwalo
Phalombe|Chiwalo|Chiwalo B
Phalombe|Chiwalo|Chiziri
Phalombe|Chiwalo|Dyakanga B
Phalombe|Chiwalo|Godo
Phalombe|Chiwalo|Gwadila
Phalombe|Chiwalo|Haziwelu
Phalombe|Chiwalo|Kachingwe
Phalombe|Chiwalo|Kanjedza
Phalombe|Chiwalo|Kathebwe
Phalombe|Chiwalo|Katolozwe
Phalombe|Chiwalo|Kholoviko
Phalombe|Chiwalo|Mafuzi
Phalombe|Chiwalo|Maguda
Phalombe|Chiwalo|Makhanga Trading Centre
Phalombe|Chiwalo|Malunguni Trading Centre
Phalombe|Chiwalo|Mandawala
Phalombe|Chiwalo|Mandawala Trading Centre
Phalombe|Chiwalo|Mang'anda
Phalombe|Chiwalo|Mapondela
Phalombe|Chiwalo|Masache
Phalombe|Chiwalo|Mataya
Phalombe|Chiwalo|Mfunda Trading Centre
Phalombe|Chiwalo|Mkalakala
Phalombe|Chiwalo|Mkalakala Trading Centre
Phalombe|Chiwalo|Mlambe
Phalombe|Chiwalo|Mokhola
Phalombe|Chiwalo|Mphoka Trading Centre
Phalombe|Chiwalo|Mpinda
Phalombe|Chiwalo|Muholo
Phalombe|Chiwalo|Mukunuwa
Phalombe|Chiwalo|Mulambe
Phalombe|Chiwalo|Mulambe B
Phalombe|Chiwalo|Muotcha
Phalombe|Chiwalo|Mutcheza
Phalombe|Chiwalo|Muwa
Phalombe|Chiwalo|Mwakulamwatha
Phalombe|Chiwalo|Mwazozo
Phalombe|Chiwalo|Nachopwa
Phalombe|Chiwalo|Nahipa A
Phalombe|Chiwalo|Nakhonyopa
Phalombe|Chiwalo|Nakhungu
Phalombe|Chiwalo|Nakovo
Phalombe|Chiwalo|Nambazo
Phalombe|Chiwalo|Nambazo A
Phalombe|Chiwalo|Nambazo Trading Centre
Phalombe|Chiwalo|Nambela
Phalombe|Chiwalo|Nambera
Phalombe|Chiwalo|Nambwale A
Phalombe|Chiwalo|NaminkhakaTrading Centre
Phalombe|Chiwalo|Nanchapa
Phalombe|Chiwalo|Newiri
Phalombe|Chiwalo|Nswang'oma Trading Centre
Phalombe|Chiwalo|Ntemanyama
Phalombe|Chiwalo|Nthambula
Phalombe|Chiwalo|Nthambula A
Phalombe|Chiwalo|Nthambula B
Phalombe|Chiwalo|Nthambula Trading Centre
Phalombe|Chiwalo|Nthenda
Phalombe|Chiwalo|Pangani
Phalombe|Chiwalo|Phatama
Phalombe|Chiwalo|Phelele
Phalombe|Chiwalo|Sanjira
Phalombe|Chiwalo|Thaulo
Phalombe|Chiwalo|Thumbulu
Phalombe|Chiwalo|Valani
Phalombe|Chiwalo|Vokiwa
Phalombe|Chiwalo|Wahela
Phalombe|Chiwalo|Yona
Phalombe|Mkhumba|Bokosi
Phalombe|Mkhumba|Bona
Phalombe|Mkhumba|Bwanaisa
Phalombe|Mkhumba|Chabe
Phalombe|Mkhumba|Chabuka
Phalombe|Mkhumba|Chabwera
Phalombe|Mkhumba|Chafikana
Phalombe|Mkhumba|Chakuma
Phalombe|Mkhumba|Chalulu
Phalombe|Mkhumba|Chamasowa
Phalombe|Mkhumba|Chanasa
Phalombe|Mkhumba|Chapachapa
Phalombe|Mkhumba|Chasi
Phalombe|Mkhumba|Chauma
Phalombe|Mkhumba|Chayima
Phalombe|Mkhumba|Chazemba
Phalombe|Mkhumba|Chibisa
Phalombe|Mkhumba|Chibwana
Phalombe|Mkhumba|Chifi
Phalombe|Mkhumba|Chigomba
Phalombe|Mkhumba|Chikombole
Phalombe|Mkhumba|Chikopa
Phalombe|Mkhumba|Chikwilira
Phalombe|Mkhumba|Chilima
Phalombe|Mkhumba|Chimbiri Trading Centre
Phalombe|Mkhumba|Chimenya
Phalombe|Mkhumba|Chimenya Trading Centre
Phalombe|Mkhumba|Chimombo
Phalombe|Mkhumba|Chimtengo
Phalombe|Mkhumba|Chingwalu
Phalombe|Mkhumba|Chiopsya
Phalombe|Mkhumba|Chipalanje Trading Centre
Phalombe|Mkhumba|Chirombo
Phalombe|Mkhumba|Chirombo  Trading Centre
Phalombe|Mkhumba|Chirombo Trading Centre
Phalombe|Mkhumba|Chitekesa
Phalombe|Mkhumba|Chitungu
Phalombe|Mkhumba|Chiumbudzo
Phalombe|Mkhumba|Chiumbudzo Trading Centre
Phalombe|Mkhumba|Chiwoko
Phalombe|Mkhumba|Daudi
Phalombe|Mkhumba|Dzanjo
Phalombe|Mkhumba|Dzanjo  Trading Centre
Phalombe|Mkhumba|Dzuwa
Phalombe|Mkhumba|Filisa
Phalombe|Mkhumba|Finyamowa
Phalombe|Mkhumba|Ganeti
Phalombe|Mkhumba|Gelevulo
Phalombe|Mkhumba|Gogodela
Phalombe|Mkhumba|Gona
Phalombe|Mkhumba|Guluba
Phalombe|Mkhumba|Gumera
Phalombe|Mkhumba|Gunda
Phalombe|Mkhumba|Gwembele
Phalombe|Mkhumba|Halapera
Phalombe|Mkhumba|Hamela
Phalombe|Mkhumba|Hapala
Phalombe|Mkhumba|Hebu
Phalombe|Mkhumba|Helepa
Phalombe|Mkhumba|Holly Family Trading Centre
Phalombe|Mkhumba|Horo
Phalombe|Mkhumba|Jarden
Phalombe|Mkhumba|Jeke
Phalombe|Mkhumba|Jimu
Phalombe|Mkhumba|John
Phalombe|Mkhumba|John Trading Centre
Phalombe|Mkhumba|Julius
Phalombe|Mkhumba|Kachala
Phalombe|Mkhumba|Kachinga
Phalombe|Mkhumba|Kadewere
Phalombe|Mkhumba|Kaduya
Phalombe|Mkhumba|Kalezera
Phalombe|Mkhumba|Kalinde
Phalombe|Mkhumba|Kambale
Phalombe|Mkhumba|Kamwachale
Phalombe|Mkhumba|Kandulu
Phalombe|Mkhumba|Karama
Phalombe|Mkhumba|Kasiha
Phalombe|Mkhumba|Kasongo
Phalombe|Mkhumba|Kasonya
Phalombe|Mkhumba|Katamula
Phalombe|Mkhumba|Kazembe
Phalombe|Mkhumba|Kazombo
Phalombe|Mkhumba|Khamula
Phalombe|Mkhumba|Khanaja
Phalombe|Mkhumba|Khanaja  C Trading centre
Phalombe|Mkhumba|Khancha
Phalombe|Mkhumba|Khando
Phalombe|Mkhumba|Khiwa
Phalombe|Mkhumba|Kholowe
Phalombe|Mkhumba|Khoreya
Phalombe|Mkhumba|Khoriyo
Phalombe|Mkhumba|Khuzupa
Phalombe|Mkhumba|Khwakhwaniwa
Phalombe|Mkhumba|Khwele
Phalombe|Mkhumba|Kokhwa
Phalombe|Mkhumba|Komihela
Phalombe|Mkhumba|Komwa
Phalombe|Mkhumba|Kotamo
Phalombe|Mkhumba|Kuchombe
Phalombe|Mkhumba|Kuchuwa
Phalombe|Mkhumba|Kumileme
Phalombe|Mkhumba|Kwatani
Phalombe|Mkhumba|Laha
Phalombe|Mkhumba|Lambulira
Phalombe|Mkhumba|Ligola
Phalombe|Mkhumba|Ligola Trading Centre
Phalombe|Mkhumba|Ligomeka
Phalombe|Mkhumba|Ligomeka II
Phalombe|Mkhumba|Likachale
Phalombe|Mkhumba|Likaka
Phalombe|Mkhumba|Likhurwa
Phalombe|Mkhumba|Likhurwa  Trading Centre
Phalombe|Mkhumba|Limoni
Phalombe|Mkhumba|Linguni Trading Centre
Phalombe|Mkhumba|Lipenga
Phalombe|Mkhumba|Lipwesa
Phalombe|Mkhumba|Lungadzi
Phalombe|Mkhumba|Lungadzi Trading Centre
Phalombe|Mkhumba|Magesi
Phalombe|Mkhumba|Magololo
Phalombe|Mkhumba|Magombo
Phalombe|Mkhumba|Mahere
Phalombe|Mkhumba|Mahorya
Phalombe|Mkhumba|Mahorya Trading Centre
Phalombe|Mkhumba|Makhanamba
Phalombe|Mkhumba|Makhanyera
Phalombe|Mkhumba|Makina
Phalombe|Mkhumba|Makolera
Phalombe|Mkhumba|Makwete
Phalombe|Mkhumba|Mala
Phalombe|Mkhumba|Malambwe I
Phalombe|Mkhumba|Maliro
Phalombe|Mkhumba|Maliro Trading Centre
Phalombe|Mkhumba|Maluwa
Phalombe|Mkhumba|Mambo
Phalombe|Mkhumba|Manase
Phalombe|Mkhumba|Manasi
Phalombe|Mkhumba|Mandanda
Phalombe|Mkhumba|Mandaule
Phalombe|Mkhumba|Mandawa
Phalombe|Mkhumba|Mandawala
Phalombe|Mkhumba|Mandeule
Phalombe|Mkhumba|Manduwa
Phalombe|Mkhumba|Mangasanja
Phalombe|Mkhumba|Mangololo
Phalombe|Mkhumba|Mangoza
Phalombe|Mkhumba|Mangoza   Trading Centre
Phalombe|Mkhumba|Manjalende
Phalombe|Mkhumba|Mankhanamba
Phalombe|Mkhumba|Manyamba
Phalombe|Mkhumba|Mara
Phalombe|Mkhumba|Masanza
Phalombe|Mkhumba|Matekenya
Phalombe|Mkhumba|Matepwe
Phalombe|Mkhumba|Matewere
Phalombe|Mkhumba|Mateyu
Phalombe|Mkhumba|Mateyu Trading Centre
Phalombe|Mkhumba|Matope
Phalombe|Mkhumba|Mayoyo
Phalombe|Mkhumba|Mbulula
Phalombe|Mkhumba|Mchirima
Phalombe|Mkhumba|Migowi Trading Centre
Phalombe|Mkhumba|Milambo
Phalombe|Mkhumba|Milombo
Phalombe|Mkhumba|Misimisi
Phalombe|Mkhumba|Mitambo
Phalombe|Mkhumba|Mitekete Trading Centre
Phalombe|Mkhumba|Mkakhe
Phalombe|Mkhumba|Mkakhe  Trading Centre
Phalombe|Mkhumba|Mkhumba
Phalombe|Mkhumba|Mkhumpwa
Phalombe|Mkhumba|Mkhuna
Phalombe|Mkhumba|Mkhwayi
Phalombe|Mkhumba|Mkohiwa
Phalombe|Mkhumba|Mkoko
Phalombe|Mkhumba|Mkomera
Phalombe|Mkhumba|Mkumba
Phalombe|Mkhumba|Mkuwa
Phalombe|Mkhumba|Mkwala
Phalombe|Mkhumba|Mkwanda
Phalombe|Mkhumba|Mkwayi
Phalombe|Mkhumba|Mkwepa
Phalombe|Mkhumba|Mkwezalamba
Phalombe|Mkhumba|Mlelemba
Phalombe|Mkhumba|Mlima
Phalombe|Mkhumba|Mlozoa (Mlera)
Phalombe|Mkhumba|Mmeza
Phalombe|Mkhumba|M'mina
Phalombe|Mkhumba|Mngoma
Phalombe|Mkhumba|Mpambachulu
Phalombe|Mkhumba|Mpaniha
Phalombe|Mkhumba|Mphale
Phalombe|Mkhumba|Mpheni
Phalombe|Mkhumba|Mphepo
Phalombe|Mkhumba|Mphera
Phalombe|Mkhumba|Mphipa
Phalombe|Mkhumba|Mphoka
Phalombe|Mkhumba|Mphonde
Phalombe|Mkhumba|Mpini
Phalombe|Mkhumba|Msema
Phalombe|Mkhumba|Mtambalika
Phalombe|Mkhumba|Mtambo
Phalombe|Mkhumba|Mtawa
Phalombe|Mkhumba|Mtengo
Phalombe|Mkhumba|Mtepiha
Phalombe|Mkhumba|Mthandizi Trading Centre
Phalombe|Mkhumba|Muhike
Phalombe|Mkhumba|Mukhawa
Phalombe|Mkhumba|Mukhota
Phalombe|Mkhumba|Mulapo
Phalombe|Mkhumba|Mulelemba
Phalombe|Mkhumba|Mulera
Phalombe|Mkhumba|Mulima
Phalombe|Mkhumba|Muliya
Phalombe|Mkhumba|Mulomba
Phalombe|Mkhumba|Mulomba Trading Centre
Phalombe|Mkhumba|Mulukunya
Phalombe|Mkhumba|Mulukunya  Trading Centre
Phalombe|Mkhumba|Mulukunya Trading Centre
Phalombe|Mkhumba|Mulula
Phalombe|Mkhumba|Mumbulu
Phalombe|Mkhumba|Mumbuwa
Phalombe|Mkhumba|Murike
Phalombe|Mkhumba|Muriya
Phalombe|Mkhumba|Muronya
Phalombe|Mkhumba|Murukunya
Phalombe|Mkhumba|Muruwese
Phalombe|Mkhumba|Museu
Phalombe|Mkhumba|Mushimwa
Phalombe|Mkhumba|Muthuka
Phalombe|Mkhumba|Muthuka     Trading Centre
Phalombe|Mkhumba|Muthumpwa
Phalombe|Mkhumba|Muthumpwa   Trading Centre
Phalombe|Mkhumba|Mutoriwa
Phalombe|Mkhumba|Mutsitsi
Phalombe|Mkhumba|Mutumphwa
Phalombe|Mkhumba|Muwake
Phalombe|Mkhumba|Muzungu
Phalombe|Mkhumba|Mvahiwa
Phalombe|Mkhumba|Mveka
Phalombe|Mkhumba|Mwakhiwa
Phalombe|Mkhumba|Mwaleya
Phalombe|Mkhumba|Mwambeni
Phalombe|Mkhumba|Mwambeni Trading Centre
Phalombe|Mkhumba|Mwanga
Phalombe|Mkhumba|Mwangala
Phalombe|Mkhumba|Mwango
Phalombe|Mkhumba|Mwanyenga
Phalombe|Mkhumba|Mwanyewe
Phalombe|Mkhumba|Mwaruha
Phalombe|Mkhumba|Mwenye
Phalombe|Mkhumba|Mwepetha
Phalombe|Mkhumba|Mwerikhomo
Phalombe|Mkhumba|Nachamba
Phalombe|Mkhumba|Nachenya
Phalombe|Mkhumba|Nachipo
Phalombe|Mkhumba|Nagome
Phalombe|Mkhumba|Nakhoro
Phalombe|Mkhumba|Nakhotwa
Phalombe|Mkhumba|Nakhwala
Phalombe|Mkhumba|Nalingula
Phalombe|Mkhumba|Nalingula (2) Trading Centre
Phalombe|Mkhumba|Nalingula(2)
Phalombe|Mkhumba|Nalingula1
Phalombe|Mkhumba|Nalivata
Phalombe|Mkhumba|Namalawe
Phalombe|Mkhumba|Namandwa
Phalombe|Mkhumba|Namangale
Phalombe|Mkhumba|Namanya
Phalombe|Mkhumba|Namarwa
Phalombe|Mkhumba|Namasoko
Phalombe|Mkhumba|Namasoko Trading Centre
Phalombe|Mkhumba|Namata
Phalombe|Mkhumba|Namati
Phalombe|Mkhumba|Namatika
Phalombe|Mkhumba|Naminga Trading Centre
Phalombe|Mkhumba|Namitanga
Phalombe|Mkhumba|Nampina
Phalombe|Mkhumba|Nampinga
Phalombe|Mkhumba|Nampwarara
Phalombe|Mkhumba|Namukhu
Phalombe|Mkhumba|Namuthu
Phalombe|Mkhumba|Nanchula
Phalombe|Mkhumba|Nandiwo
Phalombe|Mkhumba|Nandolo
Phalombe|Mkhumba|Nankhalamba
Phalombe|Mkhumba|Nankhonya
Phalombe|Mkhumba|Nantali
Phalombe|Mkhumba|Nantapo
Phalombe|Mkhumba|Nasiyaya
Phalombe|Mkhumba|Nasiyo
Phalombe|Mkhumba|Nauma
Phalombe|Mkhumba|Ndoda
Phalombe|Mkhumba|Ndungunya
Phalombe|Mkhumba|Ndungunya Trading Centre
Phalombe|Mkhumba|Ngandanga
Phalombe|Mkhumba|Ng'anjo
Phalombe|Mkhumba|Nguluwe
Phalombe|Mkhumba|Njaya
Phalombe|Mkhumba|Njobvu
Phalombe|Mkhumba|Njumwa
Phalombe|Mkhumba|Nnasi
Phalombe|Mkhumba|Ntawanga
Phalombe|Mkhumba|Nyalugwe
Phalombe|Mkhumba|Nyambalo
Phalombe|Mkhumba|Nyambalo  Trading Centre
Phalombe|Mkhumba|Nyezelera
Phalombe|Mkhumba|Nyezelera Trading Centre
Phalombe|Mkhumba|Pathewe
Phalombe|Mkhumba|Paulo
Phalombe|Mkhumba|Phaleya
Phalombe|Mkhumba|Phelekeya
Phalombe|Mkhumba|Phunduma
Phalombe|Mkhumba|Phutheya
Phalombe|Mkhumba|Phwechiwa
Phalombe|Mkhumba|Phwemula
Phalombe|Mkhumba|Phwemula Trading Centre
Phalombe|Mkhumba|Romoliwa
Phalombe|Mkhumba|Saidi
Phalombe|Mkhumba|Saidi  Trading Centre
Phalombe|Mkhumba|Saidi Trading Centre
Phalombe|Mkhumba|SaidiTrading Centre
Phalombe|Mkhumba|Sakhome
Phalombe|Mkhumba|Sakwedwa
Phalombe|Mkhumba|Salanya
Phalombe|Mkhumba|Saulo
Phalombe|Mkhumba|Selenje
Phalombe|Mkhumba|Semani
Phalombe|Mkhumba|Sigoti
Phalombe|Mkhumba|Sikelo
Phalombe|Mkhumba|Sikita
Phalombe|Mkhumba|Simoko
Phalombe|Mkhumba|Singano
Phalombe|Mkhumba|Sokonyela
Phalombe|Mkhumba|Sombani Trading Centre
Phalombe|Mkhumba|Subili
Phalombe|Mkhumba|Suluwati
Phalombe|Mkhumba|Sumaili
Phalombe|Mkhumba|Taime
Phalombe|Mkhumba|Tawanga
Phalombe|Mkhumba|Thetheriya
Phalombe|Mkhumba|Thipakula
Phalombe|Mkhumba|Thombozi
Phalombe|Mkhumba|Thondolo
Phalombe|Mkhumba|Thuluwa
Phalombe|Mkhumba|Thunga
Phalombe|Mkhumba|Tinyade Estate
Phalombe|Mkhumba|Tsekakhomo
Phalombe|Mkhumba|Tsikulamowa
Phalombe|Mkhumba|Tupwe
Phalombe|Mkhumba|Urolo
Phalombe|Mkhumba|Vanyiwa
Phalombe|Mkhumba|Waruma
Phalombe|Mkhumba|Waruma Trading Centre
Phalombe|Mkhumba|Yala
Phalombe|Mkhumba|Zadwaza
Phalombe|Mkhumba|Zinganyama
Phalombe|Mkhumba|Zomba Trading Centre
Phalombe|Nazombe|Bongwe  Trading Centre
Phalombe|Nazombe|Bwanali
Phalombe|Nazombe|Chabe
Phalombe|Nazombe|Chiduba
Phalombe|Nazombe|Chigwirigwidi
Phalombe|Nazombe|Chikawkwa
Phalombe|Nazombe|Chiondo
Phalombe|Nazombe|Chiringa  Trading Centre
Phalombe|Nazombe|Chitawo
Phalombe|Nazombe|Degadega
Phalombe|Nazombe|Dziwawo
Phalombe|Nazombe|Gulaya Trading Centre
Phalombe|Nazombe|Guziwa
Phalombe|Nazombe|Gwirima
Phalombe|Nazombe|Jojo
Phalombe|Nazombe|Kaliati
Phalombe|Nazombe|Kambalame
Phalombe|Nazombe|Kamoto
Phalombe|Nazombe|Kapito
Phalombe|Nazombe|Kapula
Phalombe|Nazombe|Katemera
Phalombe|Nazombe|Khanyepa
Phalombe|Nazombe|Khulume
Phalombe|Nazombe|Khulumula
Phalombe|Nazombe|Likangala
Phalombe|Nazombe|Likangala Trading Centre
Phalombe|Nazombe|Likangalia
Phalombe|Nazombe|Likhura
Phalombe|Nazombe|Likhura Trading Centre
Phalombe|Nazombe|Likhuza
Phalombe|Nazombe|Ling'Weng'We
Phalombe|Nazombe|Liphala
Phalombe|Nazombe|Liphava
Phalombe|Nazombe|Lolo
Phalombe|Nazombe|Lukutika
Phalombe|Nazombe|Luwaniwa
Phalombe|Nazombe|Machemba
Phalombe|Nazombe|Madeya
Phalombe|Nazombe|Magambe
Phalombe|Nazombe|Magomelo Trading Centre
Phalombe|Nazombe|Makhonja
Phalombe|Nazombe|Makumbi
Phalombe|Nazombe|Makumbi Trading Centre
Phalombe|Nazombe|Maloya
Phalombe|Nazombe|Mangazi
Phalombe|Nazombe|Mangulenje
Phalombe|Nazombe|Mankhaule
Phalombe|Nazombe|Manyamba
Phalombe|Nazombe|Manzi Trading Centre
Phalombe|Nazombe|Maoni
Phalombe|Nazombe|Mapondo
Phalombe|Nazombe|Mapondo Trading Centre
Phalombe|Nazombe|Mavikhuwa
Phalombe|Nazombe|Mbedza
Phalombe|Nazombe|Mbobo Kaliati
Phalombe|Nazombe|Mchenga
Phalombe|Nazombe|Misomali
Phalombe|Nazombe|Mitawa
Phalombe|Nazombe|Mkhuthuwe
Phalombe|Nazombe|Mlelemba
Phalombe|Nazombe|Mmora
Phalombe|Nazombe|Molande
Phalombe|Nazombe|Moyo Wathu Trading Centre
Phalombe|Nazombe|Msikita
Phalombe|Nazombe|Mtaga
Phalombe|Nazombe|Mtepa
Phalombe|Nazombe|Mtikhe
Phalombe|Nazombe|Muhowa
Phalombe|Nazombe|Muhura
Phalombe|Nazombe|Mulaviwa
Phalombe|Nazombe|Muleka
Phalombe|Nazombe|Muruwese
Phalombe|Nazombe|Muwake
Phalombe|Nazombe|Mwala
Phalombe|Nazombe|Mwalala
Phalombe|Nazombe|Mwalura
Phalombe|Nazombe|Mwanakhu
Phalombe|Nazombe|Mwanamunu
Phalombe|Nazombe|Mwazule
Phalombe|Nazombe|Nachenje
Phalombe|Nazombe|Nachima
Phalombe|Nazombe|Nachuma
Phalombe|Nazombe|Nagoli
Phalombe|Nazombe|Nagoli Trading Centre
Phalombe|Nazombe|Nakhwakwe
Phalombe|Nazombe|Nakoma
Phalombe|Nazombe|Nakonaka
Phalombe|Nazombe|Nakude
Phalombe|Nazombe|Naliya
Phalombe|Nazombe|Naliya Trading Centre
Phalombe|Nazombe|Namahiya
Phalombe|Nazombe|Namaja
Phalombe|Nazombe|Namalamba
Phalombe|Nazombe|Namalima
Phalombe|Nazombe|Namazambala
Phalombe|Nazombe|Nandiwo Camp
Phalombe|Nazombe|Nanseta
Phalombe|Nazombe|Nanyalo
Phalombe|Nazombe|Nanyalo Trading Centre
Phalombe|Nazombe|Nasanya
Phalombe|Nazombe|Nazombe
Phalombe|Nazombe|Njima
Phalombe|Nazombe|Nkhulambe
Phalombe|Nazombe|Nkuthuwa
Phalombe|Nazombe|Norupo
Phalombe|Nazombe|Nsiyakhuni
Phalombe|Nazombe|Nsiyakhuni  Trading Centre
Phalombe|Nazombe|Nsiyankhuni
Phalombe|Nazombe|Nsolo
Phalombe|Nazombe|Ntalawa
Phalombe|Nazombe|Ntepa
Phalombe|Nazombe|Ntepa  Trading Centre
Phalombe|Nazombe|Nthita
Phalombe|Nazombe|Opeliwa
Phalombe|Nazombe|Pembere
Phalombe|Nazombe|Pensulo
Phalombe|Nazombe|Petro
Phalombe|Nazombe|Phodogoma
Phalombe|Nazombe|Phweremwe
Phalombe|Nazombe|Romoliwa
Phalombe|Nazombe|Sameli
Phalombe|Nazombe|Sapali
Phalombe|Nazombe|Sukanje Trading Centre
Phalombe|Nazombe|Sukusanje Trading Centre
Phalombe|Nazombe|Sunguma
Phalombe|Nazombe|Tambala
Phalombe|Nazombe|Tanangale
Phalombe|Nazombe|Thamanda
Phalombe|Nazombe|Thiki
Phalombe|Nazombe|Thomu
Phalombe|Nazombe|Thowa
Phalombe|Nazombe|Thuruwe
Phalombe|Nazombe|Thuthuwa
Phalombe|Nazombe|Wela
Phalombe|Nazombe|Wowo
Phalombe|Nazombe|Yohane
Phalombe|Nazombe|Yuwa
Phalombe|Nazombe|Zinganyama
Phalombe|Phalombe Boma|Bokosi
Phalombe|Phalombe Boma|Phalombe Boma
Phalombe|Phalombe Boma|Sakhome
Rumphi|Chikulamayembe|Baghaya Mhango
Rumphi|Chikulamayembe|Bamantha
Rumphi|Chikulamayembe|Bamantha Farm
Rumphi|Chikulamayembe|Bikisa
Rumphi|Chikulamayembe|Binduwindu munthali
Rumphi|Chikulamayembe|Biti Gondwe
Rumphi|Chikulamayembe|Biti Mkandawire
Rumphi|Chikulamayembe|Bolero
Rumphi|Chikulamayembe|Bongololo
Rumphi|Chikulamayembe|Bongololo Gondwe
Rumphi|Chikulamayembe|Bongololo Hunga
Rumphi|Chikulamayembe|Bota
Rumphi|Chikulamayembe|Boti Gondwe
Rumphi|Chikulamayembe|Boweke
Rumphi|Chikulamayembe|Bulaula
Rumphi|Chikulamayembe|Bwanyonga Farm
Rumphi|Chikulamayembe|Bwati Gondwe
Rumphi|Chikulamayembe|Chabuka
Rumphi|Chikulamayembe|Chabunyuka
Rumphi|Chikulamayembe|Chafuwa
Rumphi|Chikulamayembe|Chakoma Chaula
Rumphi|Chikulamayembe|Chakupeta
Rumphi|Chikulamayembe|Chalamira
Rumphi|Chikulamayembe|Chalankha
Rumphi|Chikulamayembe|Chamala Harawa
Rumphi|Chikulamayembe|Chanaichi Farm
Rumphi|Chikulamayembe|Chanamani
Rumphi|Chikulamayembe|Chandenkhu farm
Rumphi|Chikulamayembe|Chandiwira
Rumphi|Chikulamayembe|Changulungunda Estate
Rumphi|Chikulamayembe|Changwe Estate
Rumphi|Chikulamayembe|Chatata Estate
Rumphi|Chikulamayembe|Chatika Mfune
Rumphi|Chikulamayembe|Cheluzgo
Rumphi|Chikulamayembe|Chenyentha
Rumphi|Chikulamayembe|Chibang'ombe
Rumphi|Chikulamayembe|Chibang'ombe Mkandawire
Rumphi|Chikulamayembe|Chibankhuni
Rumphi|Chikulamayembe|Chibembe Farm
Rumphi|Chikulamayembe|Chibwana Chirambo
Rumphi|Chikulamayembe|Chidolozi
Rumphi|Chikulamayembe|Chidya
Rumphi|Chikulamayembe|Chigumba Estate
Rumphi|Chikulamayembe|Chigwiti
Rumphi|Chikulamayembe|Chikalamba
Rumphi|Chikulamayembe|Chikazinga
Rumphi|Chikulamayembe|Chikhwalingwa
Rumphi|Chikulamayembe|Chikoko Estate
Rumphi|Chikulamayembe|Chikupizga Kamanga
Rumphi|Chikulamayembe|Chikuwalinga
Rumphi|Chikulamayembe|Chikwawa Trading Centre
Rumphi|Chikulamayembe|Chikwazga
Rumphi|Chikulamayembe|Chilamasinda
Rumphi|Chikulamayembe|Chilankha Chirambo
Rumphi|Chikulamayembe|Chilewani Estate
Rumphi|Chikulamayembe|Chilindanya Luhanga
Rumphi|Chikulamayembe|Chilindawali Sichinga
Rumphi|Chikulamayembe|Chilongozgi
Rumphi|Chikulamayembe|Chilumba
Rumphi|Chikulamayembe|Chimayi
Rumphi|Chikulamayembe|Chimenyanga
Rumphi|Chikulamayembe|Chimkwayaya
Rumphi|Chikulamayembe|Chimphukutu
Rumphi|Chikulamayembe|Chimuduzi Gondwe
Rumphi|Chikulamayembe|Chimugunyungu
Rumphi|Chikulamayembe|Chimulele
Rumphi|Chikulamayembe|Chimwayaya Farm
Rumphi|Chikulamayembe|Chimwela
Rumphi|Chikulamayembe|Chinango Estate
Rumphi|Chikulamayembe|Chingondo
Rumphi|Chikulamayembe|Chingunyungu
Rumphi|Chikulamayembe|Chinjoka Estate
Rumphi|Chikulamayembe|Chinkhomi Trading centre
Rumphi|Chikulamayembe|Chinkhuntha
Rumphi|Chikulamayembe|Chinkwawu
Rumphi|Chikulamayembe|Chipeleka
Rumphi|Chikulamayembe|Chipepezga
Rumphi|Chikulamayembe|Chipimbiri
Rumphi|Chikulamayembe|Chipimbiri Farm
Rumphi|Chikulamayembe|Chipofya (Matupi)
Rumphi|Chikulamayembe|Chipui (VH Tipokerere)
Rumphi|Chikulamayembe|Chipuli
Rumphi|Chikulamayembe|Chirambo Trading Centre
Rumphi|Chikulamayembe|Chisavya
Rumphi|Chikulamayembe|Chisinde Luhanga
Rumphi|Chikulamayembe|Chisovya
Rumphi|Chikulamayembe|Chisungula
Rumphi|Chikulamayembe|Chiswankhata Kumwenda
Rumphi|Chikulamayembe|Chitandika
Rumphi|Chikulamayembe|Chitata Farm
Rumphi|Chikulamayembe|Chithuli
Rumphi|Chikulamayembe|Chivundika Estate
Rumphi|Chikulamayembe|Chivwaandu Farm
Rumphi|Chikulamayembe|Chiwambala Chirambo
Rumphi|Chikulamayembe|Chiwapasi Gondwe
Rumphi|Chikulamayembe|Chiwaya Mkandawire
Rumphi|Chikulamayembe|Chiweko
Rumphi|Chikulamayembe|Chiwozga
Rumphi|Chikulamayembe|Chizamsoka
Rumphi|Chikulamayembe|Chiziwa Bangala
Rumphi|Chikulamayembe|Dangamale
Rumphi|Chikulamayembe|Dofu Bota
Rumphi|Chikulamayembe|Dolola Farm
Rumphi|Chikulamayembe|Fundichombo Singini
Rumphi|Chikulamayembe|Galang'anda
Rumphi|Chikulamayembe|Gamphani Gondwe
Rumphi|Chikulamayembe|Gogoti Estate
Rumphi|Chikulamayembe|Gongona
Rumphi|Chikulamayembe|Gowa Mkandawire
Rumphi|Chikulamayembe|Gulu farm
Rumphi|Chikulamayembe|Gwamba
Rumphi|Chikulamayembe|Harawa Polepole
Rumphi|Chikulamayembe|Hunga
Rumphi|Chikulamayembe|Jalira Bota
Rumphi|Chikulamayembe|Jaliro Trading Centre
Rumphi|Chikulamayembe|Janakazi Mkandawire
Rumphi|Chikulamayembe|Jeka Chipofya
Rumphi|Chikulamayembe|Jembe
Rumphi|Chikulamayembe|Jembe Chisambi
Rumphi|Chikulamayembe|Jenjera
Rumphi|Chikulamayembe|Jino Chavula
Rumphi|Chikulamayembe|Jodi
Rumphi|Chikulamayembe|Julila Gondwe
Rumphi|Chikulamayembe|Juma
Rumphi|Chikulamayembe|Jumbo
Rumphi|Chikulamayembe|Jumbo (Mbezuma)
Rumphi|Chikulamayembe|Jumbo (Mbezuma)  Farm
Rumphi|Chikulamayembe|Kabogodo Mbewe
Rumphi|Chikulamayembe|Kaduska
Rumphi|Chikulamayembe|Kagala Chikulamasinda
Rumphi|Chikulamayembe|Kaiwale
Rumphi|Chikulamayembe|Kajawa Estate
Rumphi|Chikulamayembe|Kajera Mughogho
Rumphi|Chikulamayembe|Kajilombere
Rumphi|Chikulamayembe|Kalasa
Rumphi|Chikulamayembe|Kalera
Rumphi|Chikulamayembe|Kalibwe Estate
Rumphi|Chikulamayembe|Kalibwe Mkandawire
Rumphi|Chikulamayembe|Kalindamakuni
Rumphi|Chikulamayembe|Kalonde Mkandawire
Rumphi|Chikulamayembe|Kalundi
Rumphi|Chikulamayembe|Kalundi Mkupa
Rumphi|Chikulamayembe|Kamatang'ombe
Rumphi|Chikulamayembe|Kambati  Farm
Rumphi|Chikulamayembe|Kamphere
Rumphi|Chikulamayembe|Kamtembo
Rumphi|Chikulamayembe|Kamujeje
Rumphi|Chikulamayembe|Kamukulukute
Rumphi|Chikulamayembe|Kamulayike
Rumphi|Chikulamayembe|Kamulayike Luhanga
Rumphi|Chikulamayembe|Kamumeche
Rumphi|Chikulamayembe|Kamunga
Rumphi|Chikulamayembe|Kamunthuli
Rumphi|Chikulamayembe|Kamuzinga
Rumphi|Chikulamayembe|Kamvuwi
Rumphi|Chikulamayembe|Kango Farm
Rumphi|Chikulamayembe|Kang'oma
Rumphi|Chikulamayembe|Kanjululu
Rumphi|Chikulamayembe|Kanteka
Rumphi|Chikulamayembe|Kanyimbiri Estate
Rumphi|Chikulamayembe|Kanyondo
Rumphi|Chikulamayembe|Kanyunya Gondwe
Rumphi|Chikulamayembe|Kapemba
Rumphi|Chikulamayembe|Kapilimwana Estate
Rumphi|Chikulamayembe|Kapingiri
Rumphi|Chikulamayembe|Kapiri
Rumphi|Chikulamayembe|Kapombe Estate
Rumphi|Chikulamayembe|Kasawambe
Rumphi|Chikulamayembe|Kasawambe Estate
Rumphi|Chikulamayembe|Kaseka Chirambo
Rumphi|Chikulamayembe|Kaseka ChiramboEstate
Rumphi|Chikulamayembe|Kasoti
Rumphi|Chikulamayembe|Katanga Estate
Rumphi|Chikulamayembe|Katanga Trading Centre
Rumphi|Chikulamayembe|Katayini Etate
Rumphi|Chikulamayembe|Katendo Farm
Rumphi|Chikulamayembe|Katuwa
Rumphi|Chikulamayembe|Kavivila
Rumphi|Chikulamayembe|Kawayawaya Farm
Rumphi|Chikulamayembe|Kawazamawe
Rumphi|Chikulamayembe|Kawinga
Rumphi|Chikulamayembe|Kawitu Ngwira
Rumphi|Chikulamayembe|Kawulanda Estate
Rumphi|Chikulamayembe|Kayiwale Chirambo
Rumphi|Chikulamayembe|Kayuni
Rumphi|Chikulamayembe|Kazguli
Rumphi|Chikulamayembe|Kazonthi Chione
Rumphi|Chikulamayembe|Khalapamuhanya Gongwe
Rumphi|Chikulamayembe|Kobyo Gondwe
Rumphi|Chikulamayembe|Kumbukani Farm
Rumphi|Chikulamayembe|Lalika
Rumphi|Chikulamayembe|Leketu
Rumphi|Chikulamayembe|Lerevya
Rumphi|Chikulamayembe|Levi Mkandawire
Rumphi|Chikulamayembe|Lukali
Rumphi|Chikulamayembe|Lukungilo
Rumphi|Chikulamayembe|Lupoka
Rumphi|Chikulamayembe|Lurarwe Zgambo
Rumphi|Chikulamayembe|Lutwatwa Estate
Rumphi|Chikulamayembe|Luwinga Gondwe
Rumphi|Chikulamayembe|Makhalirano Farm
Rumphi|Chikulamayembe|Makuni
Rumphi|Chikulamayembe|Makwata
Rumphi|Chikulamayembe|Mangulene
Rumphi|Chikulamayembe|Mankhumba
Rumphi|Chikulamayembe|Mapanganya
Rumphi|Chikulamayembe|Mapesi
Rumphi|Chikulamayembe|Masanika
Rumphi|Chikulamayembe|Masanika Estate
Rumphi|Chikulamayembe|Matang'anda
Rumphi|Chikulamayembe|Matembo Estate
Rumphi|Chikulamayembe|Matendevu
Rumphi|Chikulamayembe|Matobeka Estate
Rumphi|Chikulamayembe|Matupi
Rumphi|Chikulamayembe|Mbazayawo
Rumphi|Chikulamayembe|Mbezuma Estate
Rumphi|Chikulamayembe|Mbodo Farm
Rumphi|Chikulamayembe|M'bodo Mhango
Rumphi|Chikulamayembe|Mbuta Farm
Rumphi|Chikulamayembe|Mchinanguwo
Rumphi|Chikulamayembe|Mfune Estate
Rumphi|Chikulamayembe|Mjuma
Rumphi|Chikulamayembe|Mjuma Gongwe
Rumphi|Chikulamayembe|Mkhowo
Rumphi|Chikulamayembe|Mkombezi
Rumphi|Chikulamayembe|Mkoweka
Rumphi|Chikulamayembe|Mkupa
Rumphi|Chikulamayembe|Mkupa Gongwe
Rumphi|Chikulamayembe|Mlangazuwa
Rumphi|Chikulamayembe|Mondwe
Rumphi|Chikulamayembe|Mpeta
Rumphi|Chikulamayembe|Mphangala Farm
Rumphi|Chikulamayembe|Mpheluke Zgambo
Rumphi|Chikulamayembe|Mpyere Estate
Rumphi|Chikulamayembe|Msambala
Rumphi|Chikulamayembe|Mtakwa
Rumphi|Chikulamayembe|Mtambula Estate
Rumphi|Chikulamayembe|Mtani Mkandawire
Rumphi|Chikulamayembe|Mtaniila
Rumphi|Chikulamayembe|Mtanthira
Rumphi|Chikulamayembe|Mtaziwa
Rumphi|Chikulamayembe|Mtaziwa Farm
Rumphi|Chikulamayembe|Mtembenga Etsate
Rumphi|Chikulamayembe|MthangangaMwembe
Rumphi|Chikulamayembe|Mthwika
Rumphi|Chikulamayembe|Mtinkhwa Bota
Rumphi|Chikulamayembe|Mtulang'oma
Rumphi|Chikulamayembe|Mudoni
Rumphi|Chikulamayembe|Mudoni Chirambo
Rumphi|Chikulamayembe|Mugunda
Rumphi|Chikulamayembe|Mugwera Nyanjagha
Rumphi|Chikulamayembe|Muhalizi
Rumphi|Chikulamayembe|Muhungura
Rumphi|Chikulamayembe|Mujinyuka
Rumphi|Chikulamayembe|Mukhota
Rumphi|Chikulamayembe|Mulangaziwa
Rumphi|Chikulamayembe|Mulumang'ombe
Rumphi|Chikulamayembe|Mulyezi Simwaka
Rumphi|Chikulamayembe|Munachinguwo
Rumphi|Chikulamayembe|Mung'anya Katumbi
Rumphi|Chikulamayembe|Mungoti
Rumphi|Chikulamayembe|Munjipi
Rumphi|Chikulamayembe|Mupasula
Rumphi|Chikulamayembe|Muwa
Rumphi|Chikulamayembe|Muwa Luhanga
Rumphi|Chikulamayembe|Muyombe
Rumphi|Chikulamayembe|Mwabuwila Gondwe
Rumphi|Chikulamayembe|Mwachanda
Rumphi|Chikulamayembe|Mwachilimba
Rumphi|Chikulamayembe|Mwachirwa
Rumphi|Chikulamayembe|Mwadandambi
Rumphi|Chikulamayembe|Mwahangula
Rumphi|Chikulamayembe|Mwaluhembwa Gondwe
Rumphi|Chikulamayembe|Mwalupangala Chaula
Rumphi|Chikulamayembe|Mwamondwe
Rumphi|Chikulamayembe|Mwanalumegonekachalo Farm
Rumphi|Chikulamayembe|Mwang'onga
Rumphi|Chikulamayembe|Mwang'onga Estate
Rumphi|Chikulamayembe|Mwanjakwa Mfune
Rumphi|Chikulamayembe|Mwazi Trading Centre
Rumphi|Chikulamayembe|Mwazisi Trading Centre
Rumphi|Chikulamayembe|Mwazulanga Kachale
Rumphi|Chikulamayembe|Mwazulanga Kachale Farm
Rumphi|Chikulamayembe|Mwendayekha Gondwe
Rumphi|Chikulamayembe|Mwenepembo
Rumphi|Chikulamayembe|Mweneyala Luhanga
Rumphi|Chikulamayembe|MwizaKwacha gondwe
Rumphi|Chikulamayembe|Mziuka
Rumphi|Chikulamayembe|Mziuka Trading Centre
Rumphi|Chikulamayembe|Mzongano
Rumphi|Chikulamayembe|Mzoto
Rumphi|Chikulamayembe|Mzoto Chirambo
Rumphi|Chikulamayembe|Nasuzika Farm
Rumphi|Chikulamayembe|Ndazenga Estate
Rumphi|Chikulamayembe|Ndaziwona Farm
Rumphi|Chikulamayembe|Ndembera Chipeta
Rumphi|Chikulamayembe|Ngoka
Rumphi|Chikulamayembe|Ng'onga Trading Centre
Rumphi|Chikulamayembe|Nkhawera Estate
Rumphi|Chikulamayembe|Nkhozo Estate
Rumphi|Chikulamayembe|Nkhulikwa
Rumphi|Chikulamayembe|Nkonongo
Rumphi|Chikulamayembe|Nthamu
Rumphi|Chikulamayembe|Nthangamwambe
Rumphi|Chikulamayembe|Nthangwanika
Rumphi|Chikulamayembe|Ntumbatumba
Rumphi|Chikulamayembe|Nyambwani
Rumphi|Chikulamayembe|Nyandungu Estate
Rumphi|Chikulamayembe|Nyelemu
Rumphi|Chikulamayembe|Peter Mandhlopa
Rumphi|Chikulamayembe|Phete
Rumphi|Chikulamayembe|Phwakambwa Estate
Rumphi|Chikulamayembe|Phwezi Farm
Rumphi|Chikulamayembe|Pindulani Farm
Rumphi|Chikulamayembe|Polepole TC
Rumphi|Chikulamayembe|Pwatupwayu Mkandawire
Rumphi|Chikulamayembe|Pyolamizimbi
Rumphi|Chikulamayembe|Sahani
Rumphi|Chikulamayembe|Sakanga Gondwe
Rumphi|Chikulamayembe|Salama Etate
Rumphi|Chikulamayembe|Salimo Mkandawire
Rumphi|Chikulamayembe|Sangazinji Farm
Rumphi|Chikulamayembe|Sanguka
Rumphi|Chikulamayembe|Selemani Farm
Rumphi|Chikulamayembe|Sitima
Rumphi|Chikulamayembe|Sosoli Farm
Rumphi|Chikulamayembe|Sulumphala
Rumphi|Chikulamayembe|Sungaulanda
Rumphi|Chikulamayembe|Tambako Estate
Rumphi|Chikulamayembe|Tambako I Estate
Rumphi|Chikulamayembe|Tambulani Farm
Rumphi|Chikulamayembe|Tchenjere
Rumphi|Chikulamayembe|Tengamapiri
Rumphi|Chikulamayembe|Teyezge Estate
Rumphi|Chikulamayembe|Thambazale Estate
Rumphi|Chikulamayembe|Thembakako Estate
Rumphi|Chikulamayembe|Thembazgawo
Rumphi|Chikulamayembe|Thengele
Rumphi|Chikulamayembe|Tipokerere
Rumphi|Chikulamayembe|Tiwuke Estate
Rumphi|Chikulamayembe|Tiyambe Estate
Rumphi|Chikulamayembe|Tiyezge Estate
Rumphi|Chikulamayembe|Tokatoka Farm
Rumphi|Chikulamayembe|Tunduma Msowoya
Rumphi|Chikulamayembe|Vichimba
Rumphi|Chikulamayembe|Vilimo Farm
Rumphi|Chikulamayembe|Vitendwe Gondwe
Rumphi|Chikulamayembe|Vumbo Estate
Rumphi|Chikulamayembe|Vundu
Rumphi|Chikulamayembe|Vwalika chalo Estate
Rumphi|Chikulamayembe|Vwezemu
Rumphi|Chikulamayembe|Wajumi
Rumphi|Chikulamayembe|Walunga
Rumphi|Chikulamayembe|Walutundu Gondwe
Rumphi|Chikulamayembe|Wamzale Chilambo
Rumphi|Chikulamayembe|Wanthulira Luhanga
Rumphi|Chikulamayembe|Wavyenje estate
Rumphi|Chikulamayembe|Wavyenje Gondwe
Rumphi|Chikulamayembe|Yamulomo
Rumphi|Chikulamayembe|Yawato
Rumphi|Chikulamayembe|Yelemu
Rumphi|Chikulamayembe|Zgalawata
Rumphi|Chikulamayembe|Zgola Farm
Rumphi|Chikulamayembe|Zighawa
Rumphi|Chikulamayembe|Zikhole Estate
Rumphi|Chikulamayembe|Zingaluwani
Rumphi|Chikulamayembe|Ziwange  Estate
Rumphi|Chikulamayembe|Ziwiri Jino
Rumphi|Chikulamayembe|Zonde Farm
Rumphi|Chikulamayembe|Zonde Mkandawire
Rumphi|Chikulamayembe|Zondola Chawinga
Rumphi|Chikulamayembe|Zung'uzu Mkandawire
Rumphi|Katumbi|Bongololo Chawinga
Rumphi|Katumbi|Bonje
Rumphi|Katumbi|Bwanyongo Trading Centre
Rumphi|Katumbi|Chagunyuka
Rumphi|Katumbi|Chembe mfune
Rumphi|Katumbi|Chibumila
Rumphi|Katumbi|Chikombe
Rumphi|Katumbi|Chikomeni
Rumphi|Katumbi|Chikomphola
Rumphi|Katumbi|Chikumphira
Rumphi|Katumbi|Chikunguweya
Rumphi|Katumbi|Chilaka Mfune
Rumphi|Katumbi|Chilama
Rumphi|Katumbi|Chilasa
Rumphi|Katumbi|Chileta
Rumphi|Katumbi|Chilikuni
Rumphi|Katumbi|Chilikuntazi
Rumphi|Katumbi|Chilundika
Rumphi|Katumbi|Chiluvya
Rumphi|Katumbi|Chimbavi
Rumphi|Katumbi|Chimwembe
Rumphi|Katumbi|Chipiri
Rumphi|Katumbi|Chipofya Farm
Rumphi|Katumbi|Chitanje
Rumphi|Katumbi|Chivwalankhwende
Rumphi|Katumbi|Chivyando
Rumphi|Katumbi|Chiwozga
Rumphi|Katumbi|Chiyawe
Rumphi|Katumbi|Chizirambumba Farm
Rumphi|Katumbi|Choloti Nyasulu
Rumphi|Katumbi|Dunga
Rumphi|Katumbi|Fulika
Rumphi|Katumbi|Galimoto
Rumphi|Katumbi|Gamphula
Rumphi|Katumbi|Jomboli
Rumphi|Katumbi|Jomboli Nyirenda
Rumphi|Katumbi|Kabulufu Trading Centre
Rumphi|Katumbi|Kadalume Mfune
Rumphi|Katumbi|Kalumura
Rumphi|Katumbi|Kamayiza
Rumphi|Katumbi|Kandithu
Rumphi|Katumbi|Kasalika
Rumphi|Katumbi|Katendo Mfune
Rumphi|Katumbi|Katowo Trading Centre
Rumphi|Katumbi|Kawenga Luhanga
Rumphi|Katumbi|Khanicha
Rumphi|Katumbi|Khowoya
Rumphi|Katumbi|Limila Zamba
Rumphi|Katumbi|Makula Nundwe
Rumphi|Katumbi|Malabuka
Rumphi|Katumbi|Malisiya
Rumphi|Katumbi|Malisye
Rumphi|Katumbi|Masikini
Rumphi|Katumbi|Masimpha Nundwe
Rumphi|Katumbi|Matola
Rumphi|Katumbi|Mikule
Rumphi|Katumbi|Mlovi
Rumphi|Katumbi|Mnjema
Rumphi|Katumbi|Mphinamwasi
Rumphi|Katumbi|Msakachuma
Rumphi|Katumbi|Mteweta Chirambo
Rumphi|Katumbi|Mudambazuka Nundwe
Rumphi|Katumbi|Mugungu
Rumphi|Katumbi|Mulika
Rumphi|Katumbi|Mulovi Munthali
Rumphi|Katumbi|Munyotwa
Rumphi|Katumbi|Mutengachalo
Rumphi|Katumbi|Mwachiwanda Munthali
Rumphi|Katumbi|Mwakatundu
Rumphi|Katumbi|Mwathanantha
Rumphi|Katumbi|Mwavitinthiwa
Rumphi|Katumbi|Mzelemeka
Rumphi|Katumbi|Mzimbwe Munthali
Rumphi|Katumbi|Mzongera Luhanga
Rumphi|Katumbi|Ndawomba
Rumphi|Katumbi|Nguwoyang'ombe
Rumphi|Katumbi|Nthawatawa Zgambo
Rumphi|Katumbi|Nyaleza
Rumphi|Katumbi|Salanda
Rumphi|Katumbi|Sanjale
Rumphi|Katumbi|Simoni Nundwe
Rumphi|Katumbi|Thanila
Rumphi|Katumbi|Viteta Chawinga
Rumphi|Katumbi|Wachedwa
Rumphi|Katumbi|Walutundu Luhanga
Rumphi|Katumbi|Watchipa
Rumphi|Katumbi|Yateta(VH Malisya)
Rumphi|Katumbi|Yauluma
Rumphi|Katumbi|Zingatikome
Rumphi|Mwamlowe|Baghaya Mhango
Rumphi|Mwamlowe|Bwewe
Rumphi|Mwamlowe|Chapweteka Mtawali
Rumphi|Mwamlowe|Chibotela Chinula
Rumphi|Mwamlowe|Chiluwi
Rumphi|Mwamlowe|Chingafwa
Rumphi|Mwamlowe|Chinjati
Rumphi|Mwamlowe|Chinkhuwire
Rumphi|Mwamlowe|Chinyengo
Rumphi|Mwamlowe|Chipangale
Rumphi|Mwamlowe|Chisoti
Rumphi|Mwamlowe|Chitembwe
Rumphi|Mwamlowe|Chiunjika
Rumphi|Mwamlowe|Daile
Rumphi|Mwamlowe|Dazilanjira
Rumphi|Mwamlowe|Dina
Rumphi|Mwamlowe|Gwinyani
Rumphi|Mwamlowe|Hora
Rumphi|Mwamlowe|Ilaya
Rumphi|Mwamlowe|Jolozi (VH Maziga)
Rumphi|Mwamlowe|Kaliwo
Rumphi|Mwamlowe|Kanyemberamo Msowoya
Rumphi|Mwamlowe|Kaseka
Rumphi|Mwamlowe|Kasinda
Rumphi|Mwamlowe|Katowoka
Rumphi|Mwamlowe|Khunilamungwina
Rumphi|Mwamlowe|khuramvuchi
Rumphi|Mwamlowe|Lumphafya
Rumphi|Mwamlowe|Lunkhoti
Rumphi|Mwamlowe|Maduna
Rumphi|Mwamlowe|Makankhala (VH Mtalikhonje)
Rumphi|Mwamlowe|Maloyi
Rumphi|Mwamlowe|Malunda
Rumphi|Mwamlowe|Mapande (Chibaba)
Rumphi|Mwamlowe|Masamba (VH Mazinga)
Rumphi|Mwamlowe|Matembeza
Rumphi|Mwamlowe|Mavuchi Kaluwa
Rumphi|Mwamlowe|Mazinga
Rumphi|Mwamlowe|Mbale (VH Katatawo)
Rumphi|Mwamlowe|Mchekacheka
Rumphi|Mwamlowe|Mkweche Mwamlowe
Rumphi|Mwamlowe|Mlondama
Rumphi|Mwamlowe|Mpokawaka (Chikhama)
Rumphi|Mwamlowe|Mtamu
Rumphi|Mwamlowe|Mundunda (Bangala)
Rumphi|Mwamlowe|Mundunda Nyasulu
Rumphi|Mwamlowe|Mung'onde (Chikhama)
Rumphi|Mwamlowe|Munjeza
Rumphi|Mwamlowe|Mwachidika
Rumphi|Mwamlowe|Mwachifikiramo Msowoya
Rumphi|Mwamlowe|Mwachipoka
Rumphi|Mwamlowe|Mwachiwoli
Rumphi|Mwamlowe|Mwankhwazi
Rumphi|Mwamlowe|Mwanthunga
Rumphi|Mwamlowe|Mwasukwa
Rumphi|Mwamlowe|Nkhulande Kaluwa
Rumphi|Mwamlowe|Nkhulandi
Rumphi|Mwamlowe|Nkwazi
Rumphi|Mwamlowe|Ntholome
Rumphi|Mwamlowe|Phete
Rumphi|Mwamlowe|Sangazinji
Rumphi|Mwamlowe|Selewa
Rumphi|Mwamlowe|Simuwamba
Rumphi|Mwamlowe|Sosole
Rumphi|Mwamlowe|Zayuka
Rumphi|Mwamlowe|Zondani
Rumphi|Nyika National Park (A)|Kalindamawe
Rumphi|Nyika National Park (A)|Kawiya
Rumphi|Nyika National Park (A)|Msowela
Rumphi|Nyika National Park (A)|Nyika National Park
Rumphi|Rumphi Boma|Baula
Rumphi|Rumphi Boma|Boma
Rumphi|Rumphi Boma|Chatumbwa
Rumphi|Rumphi Boma|Chigwere Kumwenda
Rumphi|Rumphi Boma|Chikalamba Gondwe
Rumphi|Rumphi Boma|Chilipapa
Rumphi|Rumphi Boma|Chimswera
Rumphi|Rumphi Boma|Chiweko Kumwenda
Rumphi|Rumphi Boma|Doroba
Rumphi|Rumphi Boma|Jeyeka
Rumphi|Rumphi Boma|Luwuwa Mlongoti
Rumphi|Rumphi Boma|Mlongoti II
Rumphi|Rumphi Boma|Mlongoti Zgambo
Rumphi|Rumphi Boma|Mputa
Rumphi|Rumphi Boma|Mputa Msikawanjala Trading Centre
Rumphi|Rumphi Boma|Rumphi Boma Trading Centre
Rumphi|Rumphi Boma|Thawethe Mlongoti
Rumphi|Rumphi Boma|Vyalema Nyirongo
Rumphi|Rumphi Boma|Vyalema Nyirongo Trading Centre
Rumphi|Rumphi Boma|Zikome
Rumphi|S/C Chapinduka|Bwati
Rumphi|S/C Chapinduka|Chimonenje
Rumphi|S/C Chapinduka|Chipamphanala Nyirenda
Rumphi|S/C Chapinduka|Chiphi
Rumphi|S/C Chapinduka|Chiziwachapapwa Mkandawire
Rumphi|S/C Chapinduka|Dick Chisenga
Rumphi|S/C Chapinduka|Dolora Nyirenda
Rumphi|S/C Chapinduka|Funkha
Rumphi|S/C Chapinduka|Kakusa
Rumphi|S/C Chapinduka|Kanyenda
Rumphi|S/C Chapinduka|Kanyuka
Rumphi|S/C Chapinduka|Lukwata
Rumphi|S/C Chapinduka|Malazi
Rumphi|S/C Chapinduka|Mauma
Rumphi|S/C Chapinduka|Mbenje
Rumphi|S/C Chapinduka|Mkampha
Rumphi|S/C Chapinduka|Mugawa
Rumphi|S/C Chapinduka|Muyereka
Rumphi|S/C Chapinduka|Muzgezge
Rumphi|S/C Chapinduka|Mwamphasi
Rumphi|S/C Chapinduka|Nkhope
Rumphi|S/C Chapinduka|Nyevu
Rumphi|S/C Chapinduka|Old Salawe
Rumphi|S/C Chapinduka|Tcharo
Rumphi|S/C Chapinduka|Zakazaka
Rumphi|S/C Chapinduka|Zambwe
Rumphi|S/C Chapinduka|Zumbwe
Rumphi|S/C Kachulu|Chakaka
Rumphi|S/C Kachulu|Chakaka (Kapula Area)
Rumphi|S/C Kachulu|Chautala Msiska
Rumphi|S/C Kachulu|Chawatila (GVH Chidiwo)
Rumphi|S/C Kachulu|Chibingu
Rumphi|S/C Kachulu|Chidiwo Msiska
Rumphi|S/C Kachulu|Chilenga (Kambotoli)
Rumphi|S/C Kachulu|Chinkhongﾇ Msiska
Rumphi|S/C Kachulu|Chinyebe Msiska
Rumphi|S/C Kachulu|Chiwelewele Msiska
Rumphi|S/C Kachulu|Dongoudongo
Rumphi|S/C Kachulu|Fwira Msyali
Rumphi|S/C Kachulu|Hanania
Rumphi|S/C Kachulu|Hanania Msiska
Rumphi|S/C Kachulu|Jungubawa
Rumphi|S/C Kachulu|Jungubawa (VH Kamutu)
Rumphi|S/C Kachulu|Kabali
Rumphi|S/C Kachulu|Kabondo
Rumphi|S/C Kachulu|Kambotoli Msiska
Rumphi|S/C Kachulu|Kambundi
Rumphi|S/C Kachulu|Kambuzikaliwa
Rumphi|S/C Kachulu|Kamutu
Rumphi|S/C Kachulu|Kamutu Msyali
Rumphi|S/C Kachulu|Kanakulera
Rumphi|S/C Kachulu|Kanjuli
Rumphi|S/C Kachulu|Kankusa
Rumphi|S/C Kachulu|Kapanduka
Rumphi|S/C Kachulu|Kapirikawemba
Rumphi|S/C Kachulu|Kaviwanga Msiska
Rumphi|S/C Kachulu|Kayowoyelo Mkandawire
Rumphi|S/C Kachulu|Khambula
Rumphi|S/C Kachulu|Khwati
Rumphi|S/C Kachulu|Lukhuto
Rumphi|S/C Kachulu|Magwilo
Rumphi|S/C Kachulu|Mavumbaya
Rumphi|S/C Kachulu|Mkandapasi Msiska
Rumphi|S/C Kachulu|Mnyanyala
Rumphi|S/C Kachulu|Mukalira
Rumphi|S/C Kachulu|Mupeta Msiska
Rumphi|S/C Kachulu|Muyereka
Rumphi|S/C Kachulu|Mwabanga
Rumphi|S/C Kachulu|Mwachanika
Rumphi|S/C Kachulu|Mwachenga (Chinkhongﾇ)
Rumphi|S/C Kachulu|Mwachiwanda
Rumphi|S/C Kachulu|Mwajonyanga
Rumphi|S/C Kachulu|Mwakadengengere
Rumphi|S/C Kachulu|Mwanjeza Harawa
Rumphi|S/C Kachulu|Mwaphoka
Rumphi|S/C Kachulu|Mwasungu
Rumphi|S/C Kachulu|Mwembe Msiska
Rumphi|S/C Kachulu|Nkhuluti
Rumphi|S/C Kachulu|Phoka Trading Centre
Rumphi|S/C Kachulu|Teleka Msiska
Rumphi|S/C Kachulu|Thawali
Rumphi|S/C Kachulu|Vundo (China Area)
Rumphi|S/C Kachulu|Vunguvungu
Rumphi|S/C Kachulu|Yaululu
Rumphi|S/C Kachulu|Ziyeo
Rumphi|S/C Kachulu|Zukazuka Msiska
Rumphi|S/C Mwahenga|Betera
Rumphi|S/C Mwahenga|Bingo
Rumphi|S/C Mwahenga|Chakhuwala
Rumphi|S/C Mwahenga|Chakweya
Rumphi|S/C Mwahenga|Chalwita
Rumphi|S/C Mwahenga|Chamaweya Farm
Rumphi|S/C Mwahenga|Chamazgongwe
Rumphi|S/C Mwahenga|Chamuhanya
Rumphi|S/C Mwahenga|Chanda
Rumphi|S/C Mwahenga|Chautonda
Rumphi|S/C Mwahenga|Chenyentha
Rumphi|S/C Mwahenga|Chidiwa
Rumphi|S/C Mwahenga|Chiling'oma
Rumphi|S/C Mwahenga|Chimudima
Rumphi|S/C Mwahenga|Chimusi Muhango
Rumphi|S/C Mwahenga|Chindoka
Rumphi|S/C Mwahenga|Chinewo Nyirongo
Rumphi|S/C Mwahenga|Chisokono
Rumphi|S/C Mwahenga|Chiyunga
Rumphi|S/C Mwahenga|Gamuzani Farm
Rumphi|S/C Mwahenga|Ganje Muhango
Rumphi|S/C Mwahenga|Gonaluphondo
Rumphi|S/C Mwahenga|Gonamungui
Rumphi|S/C Mwahenga|Jino Gohoni
Rumphi|S/C Mwahenga|Jopa
Rumphi|S/C Mwahenga|Jowe Ngwira
Rumphi|S/C Mwahenga|Jumba Estate
Rumphi|S/C Mwahenga|Kachikhwakwa
Rumphi|S/C Mwahenga|Kachilanthowa
Rumphi|S/C Mwahenga|Kachiuvi
Rumphi|S/C Mwahenga|Kafaulongo
Rumphi|S/C Mwahenga|Kagara
Rumphi|S/C Mwahenga|Kainyongonye
Rumphi|S/C Mwahenga|Kalida Etate
Rumphi|S/C Mwahenga|Kango Nyirongo
Rumphi|S/C Mwahenga|Kaperemera Nyirongo
Rumphi|S/C Mwahenga|Kapingiri
Rumphi|S/C Mwahenga|Kapongolo Estate
Rumphi|S/C Mwahenga|Kaputa Harawa
Rumphi|S/C Mwahenga|Kavule
Rumphi|S/C Mwahenga|Kaziulika
Rumphi|S/C Mwahenga|Kazungu
Rumphi|S/C Mwahenga|Khabango
Rumphi|S/C Mwahenga|Lukhontho Estate
Rumphi|S/C Mwahenga|Lusulumphala
Rumphi|S/C Mwahenga|Machenyang
Rumphi|S/C Mwahenga|Machidika
Rumphi|S/C Mwahenga|Magaga
Rumphi|S/C Mwahenga|Manombo
Rumphi|S/C Mwahenga|Mavighambewa
Rumphi|S/C Mwahenga|Maziwa Farm
Rumphi|S/C Mwahenga|Mbale Chakuchanya
Rumphi|S/C Mwahenga|Mchilamata
Rumphi|S/C Mwahenga|Mgalama
Rumphi|S/C Mwahenga|Mgampha
Rumphi|S/C Mwahenga|Mkhalira
Rumphi|S/C Mwahenga|Mphwamphwa
Rumphi|S/C Mwahenga|Mponda Chirwa
Rumphi|S/C Mwahenga|Msambala
Rumphi|S/C Mwahenga|Mselema
Rumphi|S/C Mwahenga|Msngambere
Rumphi|S/C Mwahenga|Mtalama
Rumphi|S/C Mwahenga|Mtalama Harawa
Rumphi|S/C Mwahenga|Mtangambela
Rumphi|S/C Mwahenga|Mtanira Nyirenda
Rumphi|S/C Mwahenga|Mubanga
Rumphi|S/C Mwahenga|Munyonga
Rumphi|S/C Mwahenga|Muzgezge
Rumphi|S/C Mwahenga|Muzgomera
Rumphi|S/C Mwahenga|Mwachifunya
Rumphi|S/C Mwahenga|Mwachilimba
Rumphi|S/C Mwahenga|Mwamphachi
Rumphi|S/C Mwahenga|Mwathengere Estate
Rumphi|S/C Mwahenga|Mziuka Muhango
Rumphi|S/C Mwahenga|Mzomera
Rumphi|S/C Mwahenga|Ngakanane
Rumphi|S/C Mwahenga|Ng'oma
Rumphi|S/C Mwahenga|Ngozi
Rumphi|S/C Mwahenga|Nyamuseteta
Rumphi|S/C Mwahenga|Salizi
Rumphi|S/C Mwahenga|Sidili
Rumphi|S/C Mwahenga|Sidira
Rumphi|S/C Mwahenga|Tambalamutuwa Estate
Rumphi|S/C Mwahenga|Tchelenje
Rumphi|S/C Mwahenga|Vingula
Rumphi|S/C Mwahenga|Wayanga
Rumphi|S/C Mwahenga|Wazengalinga
Rumphi|S/C Mwahenga|Yambanda Nyirongo
Rumphi|S/C Mwahenga|Yaulunga
Rumphi|S/C Mwahenga|Yazowa
Rumphi|S/C Mwahenga|Zgatepeta
Rumphi|S/C Mwahenga|Zgatepeta Mhango
Rumphi|S/C Mwahenga|Zimaka Munthali
Rumphi|S/C Mwahenga|Zimakazi
Rumphi|S/C Mwahenga|Zuka
Rumphi|S/C Mwalweni|Banda
Rumphi|S/C Mwalweni|Bombo Msiska
Rumphi|S/C Mwalweni|Bulufu
Rumphi|S/C Mwalweni|Chakanda
Rumphi|S/C Mwalweni|Chakanda Estate
Rumphi|S/C Mwalweni|Cham'mono
Rumphi|S/C Mwalweni|Chamumomo Gondwe
Rumphi|S/C Mwalweni|Chatonda
Rumphi|S/C Mwalweni|Chibo Mkandawire
Rumphi|S/C Mwalweni|Chighali
Rumphi|S/C Mwalweni|Chiguliro
Rumphi|S/C Mwalweni|Chikakula
Rumphi|S/C Mwalweni|Chikwanda
Rumphi|S/C Mwalweni|Chimphamba Kaluwa
Rumphi|S/C Mwalweni|Chimphampha Kaluwa
Rumphi|S/C Mwalweni|Chipingawato
Rumphi|S/C Mwalweni|Chitimba Trading Centre
Rumphi|S/C Mwalweni|Chivwanda
Rumphi|S/C Mwalweni|Chiweta Trading Centre
Rumphi|S/C Mwalweni|Dimba Mhango
Rumphi|S/C Mwalweni|Gawanyika
Rumphi|S/C Mwalweni|Jaravikuba Mkandawire
Rumphi|S/C Mwalweni|Jogha
Rumphi|S/C Mwalweni|Kahomwakatali
Rumphi|S/C Mwalweni|Kaimange
Rumphi|S/C Mwalweni|Kajimerere
Rumphi|S/C Mwalweni|Kalangamwera
Rumphi|S/C Mwalweni|Kambotoli
Rumphi|S/C Mwalweni|Kamnyowe
Rumphi|S/C Mwalweni|Kamphone Nyasulu
Rumphi|S/C Mwalweni|Kamutu Mushali
Rumphi|S/C Mwalweni|Kanakulera
Rumphi|S/C Mwalweni|Kaseka Mhango
Rumphi|S/C Mwalweni|Kateta
Rumphi|S/C Mwalweni|Katochi
Rumphi|S/C Mwalweni|Kaulufu
Rumphi|S/C Mwalweni|Kawili
Rumphi|S/C Mwalweni|Khamenya
Rumphi|S/C Mwalweni|Kholoma Msonda
Rumphi|S/C Mwalweni|Kholoma Msonda (Phwera)
Rumphi|S/C Mwalweni|Kowera
Rumphi|S/C Mwalweni|Livingstonia
Rumphi|S/C Mwalweni|Livingstonia Trading Centre
Rumphi|S/C Mwalweni|Lura Trading Centre
Rumphi|S/C Mwalweni|Magongwe
Rumphi|S/C Mwalweni|Majiyavunda
Rumphi|S/C Mwalweni|Makulaniko
Rumphi|S/C Mwalweni|Malunda Mkandawire
Rumphi|S/C Mwalweni|Mangenji
Rumphi|S/C Mwalweni|Manilo
Rumphi|S/C Mwalweni|Manombo Mhango
Rumphi|S/C Mwalweni|Mbulakusamba
Rumphi|S/C Mwalweni|Mburakusamba
Rumphi|S/C Mwalweni|Mbuza
Rumphi|S/C Mwalweni|Mchirawamphande
Rumphi|S/C Mwalweni|Mdumuka
Rumphi|S/C Mwalweni|Milanguluka
Rumphi|S/C Mwalweni|Mkandizi Mayuni
Rumphi|S/C Mwalweni|Mkolasatu
Rumphi|S/C Mwalweni|Mkondowe Mayuni
Rumphi|S/C Mwalweni|Mkondowe Mayuni (Hoyi)
Rumphi|S/C Mwalweni|Msekenge
Rumphi|S/C Mwalweni|Mtomboloka
Rumphi|S/C Mwalweni|Mtomborwa Msiska
Rumphi|S/C Mwalweni|Mtonya
Rumphi|S/C Mwalweni|Mulondoma
Rumphi|S/C Mwalweni|Mulondowa
Rumphi|S/C Mwalweni|Mupopi
Rumphi|S/C Mwalweni|Musuka
Rumphi|S/C Mwalweni|Muyawa Gondwe
Rumphi|S/C Mwalweni|Mwachikwezga
Rumphi|S/C Mwalweni|Mwachiweta
Rumphi|S/C Mwalweni|Mwachizindiri Harawa
Rumphi|S/C Mwalweni|Mwahomero
Rumphi|S/C Mwalweni|Mwaluwazi
Rumphi|S/C Mwalweni|Mwaluwezi
Rumphi|S/C Mwalweni|Mwambali
Rumphi|S/C Mwalweni|Mwasukwe
Rumphi|S/C Mwalweni|Mwasungu
Rumphi|S/C Mwalweni|Mwenekazungu
Rumphi|S/C Mwalweni|Ngalama
Rumphi|S/C Mwalweni|Nkhalakutheta
Rumphi|S/C Mwalweni|Nkharamuntheta
Rumphi|S/C Mwalweni|Nkhuluti (Mkondowe Mayuni)
Rumphi|S/C Mwalweni|Nkhungulume
Rumphi|S/C Mwalweni|Ntchenachena
Rumphi|S/C Mwalweni|Ntchenachena Trading Centre
Rumphi|S/C Mwalweni|Thawata
Rumphi|S/C Mwalweni|Thopola
Rumphi|S/C Mwalweni|Tigone Munthali
Rumphi|S/C Mwalweni|Vwalamanja
Rumphi|S/C Mwalweni|Wisemavi
Rumphi|S/C Mwalweni|Yambayamba
Rumphi|S/C Mwalweni|Yisake Kambotoli Harawa
Rumphi|S/C Mwalweni|Zimakazi
Rumphi|S/C Mwalweni|Zunda
Rumphi|S/C Mwankhunikira|Bingo
Rumphi|S/C Mwankhunikira|Bulawula Mkandawire
Rumphi|S/C Mwankhunikira|Bwagadu Mhango
Rumphi|S/C Mwankhunikira|Chakaka Nyirenda
Rumphi|S/C Mwankhunikira|Chalanyika
Rumphi|S/C Mwankhunikira|Chamalahomwa
Rumphi|S/C Mwankhunikira|Chamalawanthu
Rumphi|S/C Mwankhunikira|Chankhauta
Rumphi|S/C Mwankhunikira|Chataghalala
Rumphi|S/C Mwankhunikira|Chavunda Msowoya
Rumphi|S/C Mwankhunikira|Chezgamaso
Rumphi|S/C Mwankhunikira|Chihombo
Rumphi|S/C Mwankhunikira|Chikayanga Munthali
Rumphi|S/C Mwankhunikira|Chikwende
Rumphi|S/C Mwankhunikira|Chilimila Msowoya
Rumphi|S/C Mwankhunikira|Chilingﾗma Mkandawire
Rumphi|S/C Mwankhunikira|Chilipapa
Rumphi|S/C Mwankhunikira|Chimoyo
Rumphi|S/C Mwankhunikira|Chinjoka
Rumphi|S/C Mwankhunikira|Chinjoka Mkandawire
Rumphi|S/C Mwankhunikira|Chinyata
Rumphi|S/C Mwankhunikira|Chipwantha
Rumphi|S/C Mwankhunikira|Chiulazeru
Rumphi|S/C Mwankhunikira|Chivwenene Msowoya
Rumphi|S/C Mwankhunikira|Chiwelekete
Rumphi|S/C Mwankhunikira|Chizilambumba Estate
Rumphi|S/C Mwankhunikira|Chizotela
Rumphi|S/C Mwankhunikira|Golombe Estate
Rumphi|S/C Mwankhunikira|Gombe
Rumphi|S/C Mwankhunikira|Gona Mubondo
Rumphi|S/C Mwankhunikira|Gota Harawa
Rumphi|S/C Mwankhunikira|Jalawe Estate
Rumphi|S/C Mwankhunikira|Julaniko
Rumphi|S/C Mwankhunikira|Kadokele Munthali
Rumphi|S/C Mwankhunikira|Kadusha
Rumphi|S/C Mwankhunikira|Kahame
Rumphi|S/C Mwankhunikira|Kahanya
Rumphi|S/C Mwankhunikira|Kalinga
Rumphi|S/C Mwankhunikira|Kalopa
Rumphi|S/C Mwankhunikira|Kambombo
Rumphi|S/C Mwankhunikira|Kamtibi
Rumphi|S/C Mwankhunikira|Kamuvwikamo
Rumphi|S/C Mwankhunikira|Kanjauke
Rumphi|S/C Mwankhunikira|Kanthawala
Rumphi|S/C Mwankhunikira|Kapungamasuku Khonje
Rumphi|S/C Mwankhunikira|Katangalika
Rumphi|S/C Mwankhunikira|Katatawe Mzumara
Rumphi|S/C Mwankhunikira|Katowa
Rumphi|S/C Mwankhunikira|Kawafiki
Rumphi|S/C Mwankhunikira|Kayunga
Rumphi|S/C Mwankhunikira|Khunga
Rumphi|S/C Mwankhunikira|Lunguluka
Rumphi|S/C Mwankhunikira|Magali
Rumphi|S/C Mwankhunikira|Makukuma  Msowoya
Rumphi|S/C Mwankhunikira|Malambukuwa
Rumphi|S/C Mwankhunikira|Malemba Mhone
Rumphi|S/C Mwankhunikira|Malipa Msowoya
Rumphi|S/C Mwankhunikira|Malunga
Rumphi|S/C Mwankhunikira|Mapeza
Rumphi|S/C Mwankhunikira|Matambalika
Rumphi|S/C Mwankhunikira|Matchawa
Rumphi|S/C Mwankhunikira|Matipa Chikoko
Rumphi|S/C Mwankhunikira|Mbanganiko
Rumphi|S/C Mwankhunikira|Mbiwi Chavula
Rumphi|S/C Mwankhunikira|Mdeka Mzumara
Rumphi|S/C Mwankhunikira|Mdekezga
Rumphi|S/C Mwankhunikira|Mkanakulamba
Rumphi|S/C Mwankhunikira|Mpyola
Rumphi|S/C Mwankhunikira|Mtunganya
Rumphi|S/C Mwankhunikira|Mujowa
Rumphi|S/C Mwankhunikira|Mulumangﾗmbe
Rumphi|S/C Mwankhunikira|Mundango
Rumphi|S/C Mwankhunikira|Munyonga
Rumphi|S/C Mwankhunikira|Musambala Mghogho
Rumphi|S/C Mwankhunikira|Muzikira
Rumphi|S/C Mwankhunikira|Muzumbwa
Rumphi|S/C Mwankhunikira|Mwachidika
Rumphi|S/C Mwankhunikira|Mwachilinda
Rumphi|S/C Mwankhunikira|Mwachiluwilira
Rumphi|S/C Mwankhunikira|Mwachiwondola
Rumphi|S/C Mwankhunikira|Mwakatawa (Chipwantha)
Rumphi|S/C Mwankhunikira|Mwamuwiliri Mkandawire
Rumphi|S/C Mwankhunikira|Mwanchuka
Rumphi|S/C Mwankhunikira|Mwankhunikira Msowoya
Rumphi|S/C Mwankhunikira|Mwaphoka
Rumphi|S/C Mwankhunikira|Mwazgatama
Rumphi|S/C Mwankhunikira|Mwembe
Rumphi|S/C Mwankhunikira|Mwenefungwe Ngﾇmbi
Rumphi|S/C Mwankhunikira|Mwenekapembe Msowoya
Rumphi|S/C Mwankhunikira|Mzengapakweru
Rumphi|S/C Mwankhunikira|Mzokoto Trading Centre
Rumphi|S/C Mwankhunikira|Mzuwu
Rumphi|S/C Mwankhunikira|Nchunga
Rumphi|S/C Mwankhunikira|Ngﾇmbi
Rumphi|S/C Mwankhunikira|Nkhalikali
Rumphi|S/C Mwankhunikira|Nthambazali Nyirenda
Rumphi|S/C Mwankhunikira|Nthandara Muzumara
Rumphi|S/C Mwankhunikira|Nthumbo
Rumphi|S/C Mwankhunikira|Nthumbo Muhango
Rumphi|S/C Mwankhunikira|Phwezi Trading Centre
Rumphi|S/C Mwankhunikira|Pyela Msowoya
Rumphi|S/C Mwankhunikira|Sopela
Rumphi|S/C Mwankhunikira|Thenda
Rumphi|S/C Mwankhunikira|Visachi Mzumara
Rumphi|S/C Mwankhunikira|Vitanda
Rumphi|S/C Mwankhunikira|Wanyondo
Rumphi|S/C Mwankhunikira|Wasambo
Rumphi|S/C Mwankhunikira|Yalero
Rumphi|S/C Mwankhunikira|Yaphama
Rumphi|S/C Mwankhunikira|Zgankhosi
Rumphi|S/C Mwankhunikira|Zikhole Chisiza
Rumphi|S/C Mwankhunikira|Zolokere (Mkwuwayila)
Rumphi|S/C Zolokere|Chalulumala
Rumphi|S/C Zolokere|Chaluwa Nundwe
Rumphi|S/C Zolokere|Chapotoloka
Rumphi|S/C Zolokere|Chatumbwa
Rumphi|S/C Zolokere|Chilunyungu
Rumphi|S/C Zolokere|Chiluvwa Nundwe Amosi
Rumphi|S/C Zolokere|Ching'anya
Rumphi|S/C Zolokere|Chipendo
Rumphi|S/C Zolokere|Chithuthu
Rumphi|S/C Zolokere|Chitungulu Zunda
Rumphi|S/C Zolokere|Gayo
Rumphi|S/C Zolokere|Gong'ontha
Rumphi|S/C Zolokere|Kalindamawe
Rumphi|S/C Zolokere|Kalumula
Rumphi|S/C Zolokere|Kamuvuwe
Rumphi|S/C Zolokere|Kang'oma
Rumphi|S/C Zolokere|Kanyalu
Rumphi|S/C Zolokere|Kapakatizga
Rumphi|S/C Zolokere|Khoza
Rumphi|S/C Zolokere|Khutamaji Kachali
Rumphi|S/C Zolokere|Matendo
Rumphi|S/C Zolokere|Mjanike
Rumphi|S/C Zolokere|Mowa Nyirenda
Rumphi|S/C Zolokere|Mphandekucha
Rumphi|S/C Zolokere|Mphangwe
Rumphi|S/C Zolokere|Msowela
Rumphi|S/C Zolokere|Mugula
Rumphi|S/C Zolokere|Muhana
Rumphi|S/C Zolokere|Mwakalambo
Rumphi|S/C Zolokere|Mwankhuni
Rumphi|S/C Zolokere|Mwendazuba
Rumphi|S/C Zolokere|Mzelemeka
Rumphi|S/C Zolokere|Nkhombokhunga
Rumphi|S/C Zolokere|Yamemba
Rumphi|S/C Zolokere|Zepuzepu
Salima|Kalonga|Agabu
Salima|Kalonga|Alisi
Salima|Kalonga|Bamusi
Salima|Kalonga|Basikolo
Salima|Kalonga|Benati
Salima|Kalonga|Bingu
Salima|Kalonga|Buleya
Salima|Kalonga|Bwemba
Salima|Kalonga|Cenyama
Salima|Kalonga|Chakwawa
Salima|Kalonga|Chamwabvi
Salima|Kalonga|Changamire
Salima|Kalonga|Changuza
Salima|Kalonga|Chankhwa
Salima|Kalonga|Chanza
Salima|Kalonga|Chapalapata
Salima|Kalonga|Chataika
Salima|Kalonga|Chembe
Salima|Kalonga|Chenyama
Salima|Kalonga|Chesalimo
Salima|Kalonga|Chibowa
Salima|Kalonga|Chifuniro
Salima|Kalonga|Chigonela
Salima|Kalonga|Chikumba
Salima|Kalonga|Chikumba Trading Centre
Salima|Kalonga|Chikunkhu
Salima|Kalonga|Chilaboto
Salima|Kalonga|Chimbala
Salima|Kalonga|Chimombo
Salima|Kalonga|Chimombo Trading Centre
Salima|Kalonga|Chimphedzu
Salima|Kalonga|Chimtopola
Salima|Kalonga|Chimubvi
Salima|Kalonga|Chimutu
Salima|Kalonga|Chinguluwe
Salima|Kalonga|Chinguluwe  Trading Centre
Salima|Kalonga|Chinguluwe Settlement     Scheme
Salima|Kalonga|Chinkule
Salima|Kalonga|Chinungu
Salima|Kalonga|Chioko
Salima|Kalonga|Chiphzi
Salima|Kalonga|Chipuza
Salima|Kalonga|Chipuza   Farm
Salima|Kalonga|Chipuza Trading Centre
Salima|Kalonga|Chisamba
Salima|Kalonga|Chisembwele
Salima|Kalonga|Chisepo
Salima|Kalonga|Chishasha
Salima|Kalonga|Chisonga
Salima|Kalonga|Chitsulo
Salima|Kalonga|Chiunjiza
Salima|Kalonga|Chiwoko
Salima|Kalonga|Chiyenda
Salima|Kalonga|Chviti
Salima|Kalonga|Daison
Salima|Kalonga|Dete
Salima|Kalonga|Dooke
Salima|Kalonga|Duncan
Salima|Kalonga|Dzalanyama Farm
Salima|Kalonga|Dzoole
Salima|Kalonga|Dzumani
Salima|Kalonga|Elia
Salima|Kalonga|Elissa
Salima|Kalonga|ELIYASI
Salima|Kalonga|Fikila
Salima|Kalonga|Gaga
Salima|Kalonga|Galamuko
Salima|Kalonga|Geresomo
Salima|Kalonga|Gologolo
Salima|Kalonga|Gomani
Salima|Kalonga|Guwende
Salima|Kalonga|Gwengwe
Salima|Kalonga|Issa    Farm
Salima|Kalonga|Jabesi
Salima|Kalonga|Jelabi
Salima|Kalonga|Jimu
Salima|Kalonga|Joshuwa
Salima|Kalonga|Kabadwa
Salima|Kalonga|Kabvuluvulu
Salima|Kalonga|Kabwiri
Salima|Kalonga|Kachepya
Salima|Kalonga|Kachiwala
Salima|Kalonga|Kafandikhale
Salima|Kalonga|Kafota
Salima|Kalonga|Kajawo
Salima|Kalonga|Kalakazombe
Salima|Kalonga|Kalakazombe  Trading Centre
Salima|Kalonga|Kalebe
Salima|Kalonga|Kalichero
Salima|Kalonga|Kaludzu
Salima|Kalonga|Kalumba
Salima|Kalonga|Kamaele
Salima|Kalonga|Kambalame Settlement Area 1
Salima|Kalonga|Kambwiri
Salima|Kalonga|Kampido
Salima|Kalonga|Kamwana
Salima|Kalonga|Kananji
Salima|Kalonga|Kanchenembwe
Salima|Kalonga|Kanjala
Salima|Kalonga|Kantchenenbe
Salima|Kalonga|Kanzimbe
Salima|Kalonga|Kapanda
Salima|Kalonga|Kapanda I
Salima|Kalonga|Kapanda II
Salima|Kalonga|Kaphate
Salima|Kalonga|Kaphatenga
Salima|Kalonga|Kaphatenga Trading Centre
Salima|Kalonga|Kaponda
Salima|Kalonga|Kapundi
Salima|Kalonga|Kaputa                 Estate
Salima|Kalonga|Kasabwe
Salima|Kalonga|Kasamala
Salima|Kalonga|Katambo
Salima|Kalonga|Katambo II
Salima|Kalonga|Katangalala
Salima|Kalonga|Katawa
Salima|Kalonga|Katemesa
Salima|Kalonga|Kathakokatuwa
Salima|Kalonga|Khongwe
Salima|Kalonga|Khudzu
Salima|Kalonga|Koso
Salima|Kalonga|Koso        Estate
Salima|Kalonga|Kuchirawi
Salima|Kalonga|Kumchama
Salima|Kalonga|Kumchenga
Salima|Kalonga|Kumisolo I
Salima|Kalonga|Kumisolo II
Salima|Kalonga|Kummano
Salima|Kalonga|Kunkweza
Salima|Kalonga|Kuwani
Salima|Kalonga|Kwakungozi
Salima|Kalonga|Kwanji
Salima|Kalonga|Likongwe
Salima|Kalonga|Maganga
Salima|Kalonga|Maganjira
Salima|Kalonga|Mailosi
Salima|Kalonga|Maiza
Salima|Kalonga|Makunje
Salima|Kalonga|Malenzi
Salima|Kalonga|Maliseche
Salima|Kalonga|Malumbira
Salima|Kalonga|Mambo
Salima|Kalonga|Mangwe
Salima|Kalonga|Manyenje
Salima|Kalonga|Manyonga
Salima|Kalonga|Maonga
Salima|Kalonga|Maonga           Farm
Salima|Kalonga|Mapiko
Salima|Kalonga|Matama
Salima|Kalonga|Mayambo
Salima|Kalonga|Mazombwe
Salima|Kalonga|Mbalame
Salima|Kalonga|Mbande
Salima|Kalonga|Mbawa
Salima|Kalonga|Mbawa Trading Centre
Salima|Kalonga|Mchakulu
Salima|Kalonga|Mchengeleza
Salima|Kalonga|Mchocho
Salima|Kalonga|Mdimba
Salima|Kalonga|Menyako
Salima|Kalonga|Mfungwe
Salima|Kalonga|Mgundaphiri
Salima|Kalonga|Mgwachifu
Salima|Kalonga|Mgwada
Salima|Kalonga|Michembo
Salima|Kalonga|Minyala     Estate
Salima|Kalonga|Mkaka
Salima|Kalonga|Mkakama
Salima|Kalonga|Mkeza   Farm
Salima|Kalonga|Mkhomo
Salima|Kalonga|Mkwinda
Salima|Kalonga|Mlimadimba
Salima|Kalonga|Mlimajezemani
Salima|Kalonga|Mnanula
Salima|Kalonga|Mnungamanja
Salima|Kalonga|Mpanje
Salima|Kalonga|Mphamphira
Salima|Kalonga|Mphimphira
Salima|Kalonga|Msusa
Salima|Kalonga|Mtayamakoko
Salima|Kalonga|Mtete
Salima|Kalonga|Mthifu
Salima|Kalonga|Mtikanilanji
Salima|Kalonga|Mtonga
Salima|Kalonga|Mtonga Trading Centre
Salima|Kalonga|Mtoso                  Farm
Salima|Kalonga|Mtsiliza
Salima|Kalonga|Mtukulunga
Salima|Kalonga|Mungwangwa
Salima|Kalonga|Mvululu
Salima|Kalonga|Mvunguti
Salima|Kalonga|Mvuwa
Salima|Kalonga|Mwachilolo
Salima|Kalonga|Mwakhundi
Salima|Kalonga|Mwalala
Salima|Kalonga|Mwalala Trading Centre
Salima|Kalonga|Mwazawala
Salima|Kalonga|Mwendera
Salima|Kalonga|Mwenjelele
Salima|Kalonga|Mwinga
Salima|Kalonga|Mwinibwalo
Salima|Kalonga|Nachidze
Salima|Kalonga|Nakondwa Estate
Salima|Kalonga|Namachete
Salima|Kalonga|Namatewe
Salima|Kalonga|Nangalamu           Estate
Salima|Kalonga|Nanjoka Farm
Salima|Kalonga|Nanjoka Trading Centre
Salima|Kalonga|Ndapangana Estate
Salima|Kalonga|Ndauka        Estate
Salima|Kalonga|Ndiwo
Salima|Kalonga|Njati
Salima|Kalonga|Njoka
Salima|Kalonga|Nkhangayawala
Salima|Kalonga|Nkhangayawala Trading Centre
Salima|Kalonga|Nkhukhi
Salima|Kalonga|Nkhukhi Trading Centre
Salima|Kalonga|Nkhukhwi 1
Salima|Kalonga|Nkhukhwi 11
Salima|Kalonga|Nkhukhwi 111
Salima|Kalonga|Nkonkha
Salima|Kalonga|N'nima
Salima|Kalonga|Nsadzu
Salima|Kalonga|Nsadzu Trading Centre
Salima|Kalonga|Nthawira  Estate
Salima|Kalonga|Nthukwa
Salima|Kalonga|Nyambalo
Salima|Kalonga|Nzama
Salima|Kalonga|Nzingasato  Farm
Salima|Kalonga|Nzuwala
Salima|Kalonga|Nzuzamuta
Salima|Kalonga|Palikena    Estate
Salima|Kalonga|Pasanjoka  Estate
Salima|Kalonga|Phwetete
Salima|Kalonga|Pisawane
Salima|Kalonga|Rashidi
Salima|Kalonga|Salima
Salima|Kalonga|Samson
Salima|Kalonga|Sanga
Salima|Kalonga|Sangankamwini
Salima|Kalonga|Sankhulani         Farm
Salima|Kalonga|Sayidi
Salima|Kalonga|Settlement Scheme Area No 5
Salima|Kalonga|Sichawo
Salima|Kalonga|Sileti
Salima|Kalonga|Simaiwa
Salima|Kalonga|Simaiwa 1
Salima|Kalonga|Simaiwa I
Salima|Kalonga|Simaiwa II
Salima|Kalonga|Simlawe
Salima|Kalonga|Sinjani
Salima|Kalonga|Sinjani              Trading Centre
Salima|Kalonga|Sosoke
Salima|Kalonga|Suliwa
Salima|Kalonga|Tambala
Salima|Kalonga|Tembwe
Salima|Kalonga|Thabi
Salima|Kalonga|Thengeza
Salima|Kalonga|Thom
Salima|Kalonga|Tinkenao Estate
Salima|Kalonga|Tsoka
Salima|Kalonga|Tsoyo
Salima|Kalonga|Undikumano
Salima|Kalonga|Visanza
Salima|Kalonga|Vunguti
Salima|Kalonga|Waya
Salima|Kalonga|Yonamu
Salima|Kalonga|Zyelani
Salima|Khombedza|Alick
Salima|Khombedza|Bango
Salima|Khombedza|Bokola
Salima|Khombedza|Buleya
Salima|Khombedza|Bwana Amini
Salima|Khombedza|Bwanali
Salima|Khombedza|Bwishiri
Salima|Khombedza|Chafukila
Salima|Khombedza|Chafukira
Salima|Khombedza|Chaguzika
Salima|Khombedza|Chagwa
Salima|Khombedza|Chakumbutsa
Salima|Khombedza|Chakweramilambe (Bibo)
Salima|Khombedza|Chalunda
Salima|Khombedza|Chambukira
Salima|Khombedza|Chamsana Farm
Salima|Khombedza|Chamunjira
Salima|Khombedza|Chankoma
Salima|Khombedza|Chankoma Trading Center
Salima|Khombedza|Chapalapata
Salima|Khombedza|Chapaulendo
Salima|Khombedza|Chaphonda
Salima|Khombedza|Chatayika
Salima|Khombedza|Chatsika
Salima|Khombedza|Chauluka
Salima|Khombedza|Chekwache
Salima|Khombedza|Chembe
Salima|Khombedza|Chibuka
Salima|Khombedza|Chibungwe
Salima|Khombedza|Chibvuwu
Salima|Khombedza|Chibwezeni
Salima|Khombedza|Chidzaye
Salima|Khombedza|Chidzaye Trading Center
Salima|Khombedza|Chigoba
Salima|Khombedza|Chigwe
Salima|Khombedza|Chiipa
Salima|Khombedza|Chijuni
Salima|Khombedza|Chikalamba
Salima|Khombedza|Chikaonga
Salima|Khombedza|Chikaunga
Salima|Khombedza|Chikawola
Salima|Khombedza|Chikho
Salima|Khombedza|Chikhosi
Salima|Khombedza|Chikhoso
Salima|Khombedza|Chikhutu
Salima|Khombedza|Chikolokoto
Salima|Khombedza|Chikombe Trading Centre
Salima|Khombedza|Chikonje
Salima|Khombedza|Chiku
Salima|Khombedza|Chikuse
Salima|Khombedza|Chikuwo
Salima|Khombedza|Chikwawa Estate
Salima|Khombedza|Chikwawa Trading Center
Salima|Khombedza|Chilamba
Salima|Khombedza|Chilambi
Salima|Khombedza|Chilambi  III
Salima|Khombedza|Chilambi I
Salima|Khombedza|Chilenga
Salima|Khombedza|Chilikhuma
Salima|Khombedza|Chilombo
Salima|Khombedza|Chilowa
Salima|Khombedza|Chilunji
Salima|Khombedza|Chiluwa Trading Center
Salima|Khombedza|Chim'bondola
Salima|Khombedza|Chimbota
Salima|Khombedza|Chimgomo
Salima|Khombedza|Chimonjo
Salima|Khombedza|Chimphanga Trading Center
Salima|Khombedza|Chimsekese
Salima|Khombedza|Chimumbo
Salima|Khombedza|Chimzimu
Salima|Khombedza|Chindoko Estate
Salima|Khombedza|Ching'oma
Salima|Khombedza|Chingwengwe
Salima|Khombedza|Chinseu
Salima|Khombedza|Chinyama
Salima|Khombedza|Chiomphola
Salima|Khombedza|Chiongola
Salima|Khombedza|Chiponda
Salima|Khombedza|Chirenga  II
Salima|Khombedza|Chirenga  III
Salima|Khombedza|Chisamila
Salima|Khombedza|Chisemphere
Salima|Khombedza|Chisusa
Salima|Khombedza|Chitala Trading Center
Salima|Khombedza|Chitekwele
Salima|Khombedza|Chithandala
Salima|Khombedza|Chithewele
Salima|Khombedza|Chitsulo
Salima|Khombedza|Chitupila
Salima|Khombedza|Chiunjiza
Salima|Khombedza|Chiwale
Salima|Khombedza|Chiwawula
Salima|Khombedza|Chiwaya
Salima|Khombedza|Chiwayu
Salima|Khombedza|Chizolowando
Salima|Khombedza|Chonjeza
Salima|Khombedza|Chononga
Salima|Khombedza|Dambe
Salima|Khombedza|Dzandi
Salima|Khombedza|Dziwe
Salima|Khombedza|Dzoole
Salima|Khombedza|Dzuwa
Salima|Khombedza|Elisa
Salima|Khombedza|Eliyamu
Salima|Khombedza|Fufwiliro
Salima|Khombedza|Fulaha Farm
Salima|Khombedza|Fungulani
Salima|Khombedza|Funsani
Salima|Khombedza|Galamuka
Salima|Khombedza|Issah
Salima|Khombedza|James
Salima|Khombedza|Jimu
Salima|Khombedza|John
Salima|Khombedza|Jolamu
Salima|Khombedza|Juliyasi
Salima|Khombedza|Kabandanga
Salima|Khombedza|Kabula
Salima|Khombedza|Kabwabwa
Salima|Khombedza|Kachere
Salima|Khombedza|Kachere Estate
Salima|Khombedza|Kachigwada  II
Salima|Khombedza|Kachigwada I
Salima|Khombedza|Kachinchezo
Salima|Khombedza|Kachisa
Salima|Khombedza|Kachitchezo
Salima|Khombedza|Kadala
Salima|Khombedza|Kadauka
Salima|Khombedza|Kadule
Salima|Khombedza|Kadzanja Estate
Salima|Khombedza|Kafera
Salima|Khombedza|Kafera Ng'ombe
Salima|Khombedza|Kafulatila
Salima|Khombedza|Kafulatira
Salima|Khombedza|Kagonda
Salima|Khombedza|Kakhomba
Salima|Khombedza|Kalazi
Salima|Khombedza|Kalembo
Salima|Khombedza|Kaliati
Salima|Khombedza|Kalombodza
Salima|Khombedza|Kalukushya
Salima|Khombedza|Kaluzi
Salima|Khombedza|Kamakhudza
Salima|Khombedza|Kambalame
Salima|Khombedza|Kambandanga
Salima|Khombedza|Kambani
Salima|Khombedza|Kambewa
Salima|Khombedza|Kamfumu
Salima|Khombedza|Kamfumu Trading Centre
Salima|Khombedza|Kamphambe
Salima|Khombedza|Kamphinda
Salima|Khombedza|Kamphonje
Salima|Khombedza|Kamunga
Salima|Khombedza|Kamuona
Salima|Khombedza|Kamuona  Trading Center
Salima|Khombedza|Kamuona Trading Center
Salima|Khombedza|Kamuona Turn Off Trading Center
Salima|Khombedza|Kanama
Salima|Khombedza|Kandani
Salima|Khombedza|Kandodo
Salima|Khombedza|Kanguwe
Salima|Khombedza|Kaniche
Salima|Khombedza|Kanjelewande
Salima|Khombedza|Kanyali
Salima|Khombedza|Kaphiyo
Salima|Khombedza|Kaphunzila
Salima|Khombedza|Kapichira
Salima|Khombedza|Kaponya
Salima|Khombedza|Kapuzila
Salima|Khombedza|Kasache
Salima|Khombedza|Kasekambata
Salima|Khombedza|Kasinjeni Estate
Salima|Khombedza|Kasonda
Salima|Khombedza|Katchezela
Salima|Khombedza|Katchezera
Salima|Khombedza|Katengeza
Salima|Khombedza|Kathewela Farm
Salima|Khombedza|Katole
Salima|Khombedza|Katondo
Salima|Khombedza|Katsina
Salima|Khombedza|Katundu
Salima|Khombedza|Kaundikiza
Salima|Khombedza|Kayendawali Farm
Salima|Khombedza|Kayola
Salima|Khombedza|Khombe
Salima|Khombedza|Khombedza
Salima|Khombedza|Khombedza Trading Center
Salima|Khombedza|Khote
Salima|Khombedza|Kolemani
Salima|Khombedza|Kondwani Farm
Salima|Khombedza|Kuchasa
Salima|Khombedza|Kuchiswe
Salima|Khombedza|Kudakwenela
Salima|Khombedza|Kugona
Salima|Khombedza|Kumalanga
Salima|Khombedza|Kumatundu
Salima|Khombedza|Kumisangu
Salima|Khombedza|Kumkuwa
Salima|Khombedza|Kumselema
Salima|Khombedza|Kumwala
Salima|Khombedza|Kunkhulire
Salima|Khombedza|Kuntengera
Salima|Khombedza|Kwindanguwo  II
Salima|Khombedza|Lamphasa
Salima|Khombedza|Levi
Salima|Khombedza|Lifamchima Estate
Salima|Khombedza|Limbanazo Estate
Salima|Khombedza|Liwadzi  II Estate
Salima|Khombedza|Lomani
Salima|Khombedza|Longwe
Salima|Khombedza|Lumwila
Salima|Khombedza|Machakaza
Salima|Khombedza|MadzialendoEstate
Salima|Khombedza|Mafuta
Salima|Khombedza|Magada
Salima|Khombedza|Magadi
Salima|Khombedza|Majomeka
Salima|Khombedza|Malanga Estate
Salima|Khombedza|Malangiza
Salima|Khombedza|Malunje Sakudya Estate
Salima|Khombedza|Mangile
Salima|Khombedza|Manguwale
Salima|Khombedza|Manguya
Salima|Khombedza|Mangwende
Salima|Khombedza|Mankhambira
Salima|Khombedza|Mankhwazi
Salima|Khombedza|Manyenje
Salima|Khombedza|Manyika
Salima|Khombedza|Maole
Salima|Khombedza|Masinja
Salima|Khombedza|Masitala
Salima|Khombedza|Matekeni
Salima|Khombedza|Matika
Salima|Khombedza|Matola
Salima|Khombedza|Matola Trading Center
Salima|Khombedza|Matumba
Salima|Khombedza|Mawende
Salima|Khombedza|Mazengera
Salima|Khombedza|Mbalame
Salima|Khombedza|Mbalangwe
Salima|Khombedza|Mbawa
Salima|Khombedza|Mbilintengerenji
Salima|Khombedza|Mbuna  I
Salima|Khombedza|Mbuna  II
Salima|Khombedza|Mchepa
Salima|Khombedza|Mdala Mandevu
Salima|Khombedza|Mdalamidzu Estate
Salima|Khombedza|Mdelemani
Salima|Khombedza|Mdimba
Salima|Khombedza|Mgona
Salima|Khombedza|Mikwala
Salima|Khombedza|Milombe Estate
Salima|Khombedza|Milungu
Salima|Khombedza|Mkakawambo
Salima|Khombedza|Mkanda
Salima|Khombedza|MkasekaEstate
Salima|Khombedza|Mkhalidwe Estate
Salima|Khombedza|Mkhanje
Salima|Khombedza|Mkhomo
Salima|Khombedza|Mkhwanje
Salima|Khombedza|Mkomakhanda
Salima|Khombedza|Mkombozi
Salima|Khombedza|Mkuwazi
Salima|Khombedza|Mkweya
Salima|Khombedza|Mkwindanguwo
Salima|Khombedza|Mkwingwirima
Salima|Khombedza|Mlamba
Salima|Khombedza|Mlesi
Salima|Khombedza|M'mangile Chiluwe
Salima|Khombedza|Mndewere
Salima|Khombedza|Mndinga
Salima|Khombedza|Mndinga  II
Salima|Khombedza|Mngwayi
Salima|Khombedza|Mnungu
Salima|Khombedza|Mnungu I
Salima|Khombedza|Mnyanje
Salima|Khombedza|Mnyanyu
Salima|Khombedza|Mnyanyu Farm
Salima|Khombedza|Mosses
Salima|Khombedza|Mpanje
Salima|Khombedza|Mphemvu
Salima|Khombedza|Mphonde
Salima|Khombedza|Mphunga
Salima|Khombedza|Mpilingizo
Salima|Khombedza|Mpira
Salima|Khombedza|Mpombeza
Salima|Khombedza|Mpunga
Salima|Khombedza|Mputeni
Salima|Khombedza|Msanyama
Salima|Khombedza|Mtalimanja
Salima|Khombedza|Mtambe
Salima|Khombedza|Mtambe   III
Salima|Khombedza|Mtambe   III Estate
Salima|Khombedza|Mtambo
Salima|Khombedza|Mtanda
Salima|Khombedza|Mtekesu I
Salima|Khombedza|Mtema
Salima|Khombedza|Mtende
Salima|Khombedza|Mtimaukawawa
Salima|Khombedza|Mtsekwe
Salima|Khombedza|Mtuta
Salima|Khombedza|Mudyakale
Salima|Khombedza|Muombo
Salima|Khombedza|Mwabula
Salima|Khombedza|Mwadyakale
Salima|Khombedza|Mwali
Salima|Khombedza|Mwali II
Salima|Khombedza|Mwamadi
Salima|Khombedza|Mwanidimba
Salima|Khombedza|Mwase
Salima|Khombedza|Mwawa
Salima|Khombedza|Mwaza
Salima|Khombedza|Mzizi
Salima|Khombedza|Nabwenje
Salima|Khombedza|Nachidze
Salima|Khombedza|Nakudze
Salima|Khombedza|Namachete
Salima|Khombedza|Namachete Trading Center
Salima|Khombedza|Namaluwe
Salima|Khombedza|Namilaza
Salima|Khombedza|Nanthambwe
Salima|Khombedza|Natani
Salima|Khombedza|Ndala
Salima|Khombedza|Ndambe
Salima|Khombedza|Ndavutikila Estate
Salima|Khombedza|Ndawala
Salima|Khombedza|Ndelemani
Salima|Khombedza|Ndembo
Salima|Khombedza|Ndemera
Salima|Khombedza|Ndengu
Salima|Khombedza|Ndevu
Salima|Khombedza|Ng'anjo Estate
Salima|Khombedza|Ngwata
Salima|Khombedza|Njakambe
Salima|Khombedza|Njati
Salima|Khombedza|Njiza Estate
Salima|Khombedza|Nkhalamba
Salima|Khombedza|Nkhata
Salima|Khombedza|Nkholozawombana
Salima|Khombedza|Nkhwali
Salima|Khombedza|Nkuwa
Salima|Khombedza|Nkuwadzi
Salima|Khombedza|Nkuwazi
Salima|Khombedza|Nkwatire Estate
Salima|Khombedza|Nsapato
Salima|Khombedza|Ntchisi
Salima|Khombedza|Ntekeso
Salima|Khombedza|Ntenje
Salima|Khombedza|Nthenga Ya Gule
Salima|Khombedza|Nthondo
Salima|Khombedza|Ntondo
Salima|Khombedza|Nyambalo
Salima|Khombedza|Nyambo
Salima|Khombedza|Nyanda
Salima|Khombedza|Nyangadzidyenji
Salima|Khombedza|Nyangulu
Salima|Khombedza|Nyankhwa
Salima|Khombedza|Nyase
Salima|Khombedza|Nzeru Za Mwana  Estate
Salima|Khombedza|Odala
Salima|Khombedza|Palamodzi Estate
Salima|Khombedza|Phale
Salima|Khombedza|Phokoto
Salima|Khombedza|Robert
Salima|Khombedza|Sangwa
Salima|Khombedza|Sankhani Farm
Salima|Khombedza|Saopampeni
Salima|Khombedza|Seketeni
Salima|Khombedza|Sele
Salima|Khombedza|Shelani
Salima|Khombedza|Silapa
Salima|Khombedza|Simonjela
Salima|Khombedza|Sitima
Salima|Khombedza|Siwinda
Salima|Khombedza|Siyasiya
Salima|Khombedza|Siyasiya  II
Salima|Khombedza|Siyasiya  Trading Center
Salima|Khombedza|Solomoni
Salima|Khombedza|Sombe
Salima|Khombedza|Sompho
Salima|Khombedza|Sosola
Salima|Khombedza|Suliya
Salima|Khombedza|Suweni
Salima|Khombedza|Taukwi
Salima|Khombedza|Tengani
Salima|Khombedza|Thavite
Salima|Khombedza|Thavite  Trading Center
Salima|Khombedza|Thengo
Salima|Khombedza|Thofa
Salima|Khombedza|Thokozani  III Estate
Salima|Khombedza|Thom
Salima|Khombedza|Thukwi
Salima|Khombedza|Tithandizane Farm
Salima|Khombedza|Tiyesele Estate
Salima|Khombedza|Tsibwi
Salima|Khombedza|Yalisa
Salima|Khombedza|Yeremiah
Salima|Khombedza|Yokoma
Salima|Khombedza|Yokonia
Salima|Khombedza|Zagwazatha Estate
Salima|Khombedza|Zagwazatha No 5 Estate
Salima|Khombedza|Zingale
Salima|Khombedza|Zingaliwe
Salima|Kuluunda|Apila
Salima|Kuluunda|Bandawe
Salima|Kuluunda|Bwanali
Salima|Kuluunda|Chigolo Trading Centre
Salima|Kuluunda|Chilamba
Salima|Kuluunda|Chiloboto
Salima|Kuluunda|Chinyamunyamu
Salima|Kuluunda|Chiutila
Salima|Kuluunda|Chiwutila Trading Centre
Salima|Kuluunda|Imedi
Salima|Kuluunda|Issa
Salima|Kuluunda|Jalufu
Salima|Kuluunda|Kachenche Trading Centre
Salima|Kuluunda|Kambodya
Salima|Kuluunda|Kamwendo
Salima|Kuluunda|Kanila
Salima|Kuluunda|Katemeza
Salima|Kuluunda|Kawanga
Salima|Kuluunda|Kuchizanje
Salima|Kuluunda|Kuluunda
Salima|Kuluunda|Kuluwagala
Salima|Kuluunda|Kumbemba
Salima|Kuluunda|Kumtimasanjo
Salima|Kuluunda|Kungwalu
Salima|Kuluunda|Lifuwu  Schem
Salima|Kuluunda|Lifuwu Trading Centre
Salima|Kuluunda|Liwangwa
Salima|Kuluunda|Lundu
Salima|Kuluunda|Makala
Salima|Kuluunda|Mangwere
Salima|Kuluunda|Mbemba
Salima|Kuluunda|Mbenje Island
Salima|Kuluunda|Mchongwe
Salima|Kuluunda|Mdima
Salima|Kuluunda|Michongwe
Salima|Kuluunda|Mkanyira
Salima|Kuluunda|Mphere
Salima|Kuluunda|Mtambo
Salima|Kuluunda|Mtawuchila
Salima|Kuluunda|Mtimasonjo
Salima|Kuluunda|Mzalule
Salima|Kuluunda|Nawanga
Salima|Kuluunda|Ndembo
Salima|Kuluunda|Saidi Juta
Salima|Kuluunda|Saiti
Salima|Kuluunda|Salimu
Salima|Kuluunda|Sani
Salima|Kuluunda|Siyiti
Salima|Kuluunda|Sumani
Salima|Kuluunda|Tambala
Salima|Kuluunda|Tholo
Salima|Kuluunda|Yasini
Salima|Maganga|Afisi
Salima|Maganga|Benga
Salima|Maganga|Bishai
Salima|Maganga|Bushiri
Salima|Maganga|Bwanali
Salima|Maganga|Chambata
Salima|Maganga|Chauka
Salima|Maganga|Chelinyama
Salima|Maganga|Chembe
Salima|Maganga|Chenyama
Salima|Maganga|Chibwato
Salima|Maganga|Chidawi
Salima|Maganga|Chigumukire
Salima|Maganga|Chikuni Jimu
Salima|Maganga|Chilawe
Salima|Maganga|Chilima
Salima|Maganga|Chilokoto
Salima|Maganga|ChilokotoTrading Centre
Salima|Maganga|Chimphanga
Salima|Maganga|Chimwavi
Salima|Maganga|Chinyamunyamu
Salima|Maganga|Chinzuwi
Salima|Maganga|Chiphumpha
Salima|Maganga|Chirombo
Salima|Maganga|Chiunda
Salima|Maganga|Chiwambo
Salima|Maganga|Chiwambo Trading Centre
Salima|Maganga|Chizuwi
Salima|Maganga|Chongole
Salima|Maganga|Dalamkwanda
Salima|Maganga|Dangale
Salima|Maganga|Daniel
Salima|Maganga|Esau
Salima|Maganga|Fisi
Salima|Maganga|James
Salima|Maganga|Jobe
Salima|Maganga|Jonasi
Salima|Maganga|Juma
Salima|Maganga|Kabumbu
Salima|Maganga|Kachelenje Trading Centre
Salima|Maganga|Kachere
Salima|Maganga|Kadetsi
Salima|Maganga|Kalichero
Salima|Maganga|Kalombodza
Salima|Maganga|Kankhwanga
Salima|Maganga|Kanyenda
Salima|Maganga|Kanyerere
Salima|Maganga|Kaseleka
Salima|Maganga|Kundai
Salima|Maganga|Kundayayi
Salima|Maganga|Kunkhongo
Salima|Maganga|Kunthengu
Salima|Maganga|Kutchemba
Salima|Maganga|Kuthenje
Salima|Maganga|Luzinga
Salima|Maganga|Mafco Camp
Salima|Maganga|Maganga
Salima|Maganga|Maganga Trading Centre
Salima|Maganga|Makenzi
Salima|Maganga|Malambalala
Salima|Maganga|Malango
Salima|Maganga|Maleri
Salima|Maganga|Mangwere
Salima|Maganga|Mawale
Salima|Maganga|Mawale Trading Centre
Salima|Maganga|Mawelu
Salima|Maganga|Mbolera
Salima|Maganga|Mchenga wa Moto
Salima|Maganga|Mdalamkwanda
Salima|Maganga|Mdalamkwanda Trading Centre
Salima|Maganga|Mdulamanja
Salima|Maganga|Mgawi
Salima|Maganga|Mikute
Salima|Maganga|Mikute II
Salima|Maganga|Mikute Trading Centre
Salima|Maganga|Misi Mkwanda
Salima|Maganga|Mkumpha
Salima|Maganga|Mkwanda
Salima|Maganga|Mmbulu
Salima|Maganga|Moyo
Salima|Maganga|Mpondezi
Salima|Maganga|Msalanyama
Salima|Maganga|Mtende
Salima|Maganga|Mwambe
Salima|Maganga|Mwase
Salima|Maganga|Mzamba
Salima|Maganga|Mzizima
Salima|Maganga|Namwera
Salima|Maganga|Nanyungu
Salima|Maganga|Naunje
Salima|Maganga|Ngolowindo
Salima|Maganga|Nguwo
Salima|Maganga|Ngwapa
Salima|Maganga|Njelema
Salima|Maganga|Ntonda  Trading Centre
Salima|Maganga|Sankumbe
Salima|Maganga|Sasowa
Salima|Maganga|Senga Bay Forest
Salima|Maganga|Senga-bay Trading Centre
Salima|Maganga|Suwaleyi
Salima|Maganga|Tembwe
Salima|Maganga|Theweta
Salima|Ndindi|Akuchipoka
Salima|Ndindi|Akumilala
Salima|Ndindi|Atongﾗ Farm
Salima|Ndindi|Chadza
Salima|Ndindi|Chazima
Salima|Ndindi|Chelewani
Salima|Ndindi|Chembe
Salima|Ndindi|Chidothi
Salima|Ndindi|Chidzanimphepo Farm
Salima|Ndindi|Chidzanje
Salima|Ndindi|Chikhasu Farm
Salima|Ndindi|Chikoko
Salima|Ndindi|Chikumba
Salima|Ndindi|Chikwafu
Salima|Ndindi|Chilembe
Salima|Ndindi|Chimoga
Salima|Ndindi|Chimphonda
Salima|Ndindi|Chingo
Salima|Ndindi|Chinyama
Salima|Ndindi|Chipanda Farm
Salima|Ndindi|Chipangula
Salima|Ndindi|Chiphuka
Salima|Ndindi|Chipoka
Salima|Ndindi|Chipoka Trading Centre
Salima|Ndindi|Chitindi
Salima|Ndindi|Chizani
Salima|Ndindi|Dedza Escarpment Forest Reserve(B)
Salima|Ndindi|Ganali
Salima|Ndindi|Gande Farrm
Salima|Ndindi|Gome
Salima|Ndindi|Justeni
Salima|Ndindi|Kabanga
Salima|Ndindi|Kachala
Salima|Ndindi|Kacheuka
Salima|Ndindi|Kacheyo Farm
Salima|Ndindi|Kadothi
Salima|Ndindi|Kadzibwa
Salima|Ndindi|Kagwatipenya Farm
Salima|Ndindi|Kainga
Salima|Ndindi|Kalembo
Salima|Ndindi|Kalino
Salima|Ndindi|Kalonga
Salima|Ndindi|Kalowa
Salima|Ndindi|Kambani Farm
Salima|Ndindi|Kambudzi
Salima|Ndindi|Kamphinda
Salima|Ndindi|Kamtumbiza
Salima|Ndindi|Kandeu
Salima|Ndindi|Kandulu
Salima|Ndindi|Kandulu I
Salima|Ndindi|Kandulu II
Salima|Ndindi|Kapanda
Salima|Ndindi|Kapiri estate
Salima|Ndindi|Karonga
Salima|Ndindi|Kasiya
Salima|Ndindi|Kotolera
Salima|Ndindi|Kuchilimani
Salima|Ndindi|Kumatenje
Salima|Ndindi|Kumazenjere
Salima|Ndindi|Kumtupa
Salima|Ndindi|Kutambala
Salima|Ndindi|Kutolera
Salima|Ndindi|Lichete
Salima|Ndindi|Lifidzi
Salima|Ndindi|Lifidzi Trading Centre
Salima|Ndindi|Lisalo
Salima|Ndindi|Mabwera
Salima|Ndindi|Machemba
Salima|Ndindi|Macheza Farm
Salima|Ndindi|Magubwa
Salima|Ndindi|Magumbwa
Salima|Ndindi|Majola
Salima|Ndindi|Makenani Farm
Salima|Ndindi|Malenga
Salima|Ndindi|Malopa Trading Centre
Salima|Ndindi|Mandolo
Salima|Ndindi|Mapiko
Salima|Ndindi|Matenje
Salima|Ndindi|Matewere
Salima|Ndindi|Maulidi
Salima|Ndindi|Mauni
Salima|Ndindi|Mawala
Salima|Ndindi|Mazenjere
Salima|Ndindi|Mchoka
Salima|Ndindi|Mikuju
Salima|Ndindi|Milala
Salima|Ndindi|Mkango
Salima|Ndindi|Mkwenembera
Salima|Ndindi|Mkwinda
Salima|Ndindi|Mlanga
Salima|Ndindi|Mlenga
Salima|Ndindi|M'nima
Salima|Ndindi|Monjeza
Salima|Ndindi|Mphamba
Salima|Ndindi|Mphiri
Salima|Ndindi|Mphunga
Salima|Ndindi|Mphungo
Salima|Ndindi|Mponda
Salima|Ndindi|Mpundu
Salima|Ndindi|Msaiwale Farm
Salima|Ndindi|Msando
Salima|Ndindi|Msandu
Salima|Ndindi|Msangu
Salima|Ndindi|Mtamba
Salima|Ndindi|Mthyaku
Salima|Ndindi|Mtika
Salima|Ndindi|Mtseche Farm
Salima|Ndindi|Mtupa
Salima|Ndindi|Mwachumu
Salima|Ndindi|Mwalija
Salima|Ndindi|Mwanza
Salima|Ndindi|Mwenyekazi
Salima|Ndindi|Mwenyemuzi
Salima|Ndindi|Mzwenene
Salima|Ndindi|Namkumba
Salima|Ndindi|Nanchenga
Salima|Ndindi|Nazingwira Farm
Salima|Ndindi|Nchoka II
Salima|Ndindi|Ndasauka Farm
Salima|Ndindi|Ndebvu
Salima|Ndindi|Ndindi
Salima|Ndindi|Ngwena
Salima|Ndindi|Ngwire
Salima|Ndindi|Njuzi
Salima|Ndindi|Nkhwidzi
Salima|Ndindi|Nsangu
Salima|Ndindi|Nthiwatiwa
Salima|Ndindi|Paulo
Salima|Ndindi|Phaka
Salima|Ndindi|Saidi
Salima|Ndindi|Sanimaganga
Salima|Ndindi|Senkumbe
Salima|Ndindi|Spearhead Farm
Salima|Ndindi|Tambala
Salima|Ndindi|Yunusu
Salima|Pemba|Binali
Salima|Pemba|Chaima
Salima|Pemba|Chaima Trading Centre
Salima|Pemba|Chamkwinda
Salima|Pemba|Chankwa
Salima|Pemba|Chembe
Salima|Pemba|Chikapula
Salima|Pemba|Chilapa
Salima|Pemba|Chimphanga
Salima|Pemba|Chindoole
Salima|Pemba|Chindungwa
Salima|Pemba|Chindungwa Trading Centre
Salima|Pemba|Chinye
Salima|Pemba|Chipa
Salima|Pemba|Chitsala
Salima|Pemba|Dzoole
Salima|Pemba|Filipo
Salima|Pemba|Gwengwe
Salima|Pemba|Gwirize
Salima|Pemba|James
Salima|Pemba|Kabumbu
Salima|Pemba|Kabumbu II
Salima|Pemba|Kachule
Salima|Pemba|Kadeka
Salima|Pemba|Kakole
Salima|Pemba|Kalikumtima
Salima|Pemba|Kalino
Salima|Pemba|Kambvumbi
Salima|Pemba|Kamchacha
Salima|Pemba|Kandiusiwa
Salima|Pemba|Kandulu
Salima|Pemba|Kapanda
Salima|Pemba|Kapele
Salima|Pemba|Kapichila
Salima|Pemba|Kathumba
Salima|Pemba|Katondo
Salima|Pemba|Khombe
Salima|Pemba|Kuchilimani
Salima|Pemba|Kulombola
Salima|Pemba|Kumichongwe
Salima|Pemba|Kumnule
Salima|Pemba|Kutchemba
Salima|Pemba|Kutsanja
Salima|Pemba|Lowe
Salima|Pemba|Luwangala
Salima|Pemba|Mafudza
Salima|Pemba|Malambala
Salima|Pemba|Mamulo
Salima|Pemba|Matapila
Salima|Pemba|Matenje
Salima|Pemba|Matumula
Salima|Pemba|Mchenga
Salima|Pemba|Mchepa
Salima|Pemba|Mchinga
Salima|Pemba|Mchochocholo
Salima|Pemba|Mchocholo
Salima|Pemba|Mdzeka
Salima|Pemba|Mdzodza
Salima|Pemba|Mgawi
Salima|Pemba|Mjunga
Salima|Pemba|Mkangala
Salima|Pemba|Mkwaila
Salima|Pemba|Mlongoti
Salima|Pemba|M'manga
Salima|Pemba|M'namba
Salima|Pemba|Mnoletsa
Salima|Pemba|M'noloma
Salima|Pemba|Mnungwane
Salima|Pemba|Mnyanje
Salima|Pemba|M'nyanje
Salima|Pemba|Mphizi
Salima|Pemba|Mphizi Trading Centre
Salima|Pemba|Mpopela
Salima|Pemba|Msanyama
Salima|Pemba|Mtauchila
Salima|Pemba|Mwachera
Salima|Pemba|Mwafuli
Salima|Pemba|Mwazakapanga
Salima|Pemba|Mzembera
Salima|Pemba|Mzikamanda
Salima|Pemba|Namalanga
Salima|Pemba|Nanyungu
Salima|Pemba|Ngoko
Salima|Pemba|Njala
Salima|Pemba|Njale
Salima|Pemba|Njeleza
Salima|Pemba|Njolo
Salima|Pemba|Ntende
Salima|Pemba|Nyamasauka
Salima|Pemba|Nyangu
Salima|Pemba|Nyanguzi
Salima|Pemba|Pagolosi Trading Centre
Salima|Pemba|Paulo
Salima|Pemba|Pemba
Salima|Pemba|Pemba  Trading Centre
Salima|Pemba|Phale
Salima|Pemba|Pinda
Salima|Pemba|Saidi
Salima|Pemba|Sandu
Salima|Pemba|Selemani
Salima|Pemba|Tambala
Salima|Pemba|Tsoka
Salima|Pemba|William
Salima|Pemba|Zeze
Salima|Pemba|Zomba
Salima|Pemba|Zonjele
Salima|Salima Boma|Abitchai
Salima|Salima Boma|Chemsosa
Salima|Salima Boma|Chenyama
Salima|Salima Boma|Chibenthu
Salima|Salima Boma|Chikaoneka
Salima|Salima Boma|Chikuwala
Salima|Salima Boma|Chilembwe
Salima|Salima Boma|Chipembedza
Salima|Salima Boma|Chipeni
Salima|Salima Boma|Chiphala
Salima|Salima Boma|Chisani
Salima|Salima Boma|Dete
Salima|Salima Boma|Gantcha
Salima|Salima Boma|Kadaizi
Salima|Salima Boma|Kamkuta
Salima|Salima Boma|Kamuzu road Trading Centre
Salima|Salima Boma|Kawanga
Salima|Salima Boma|Kumalikha
Salima|Salima Boma|Kumpando
Salima|Salima Boma|Limbi
Salima|Salima Boma|Malimba
Salima|Salima Boma|Mambo
Salima|Salima Boma|Mathemba
Salima|Salima Boma|Matola
Salima|Salima Boma|Mfuti
Salima|Salima Boma|Mgawachifu
Salima|Salima Boma|Mkumpha
Salima|Salima Boma|Mpanje
Salima|Salima Boma|Mtenje
Salima|Salima Boma|Mtukulamwendo Trading Centre
Salima|Salima Boma|Ndiwo
Salima|Salima Boma|Salima Boma Trading Centre
Salima|Salima Boma|Simaiwa
Salima|Salima Boma|Simpha
Salima|Salima Boma|Thande
Salima|Salima Boma|Thawale
Salima|Salima Boma|Thenga
Salima|Salima Boma|Thiwatiwa
Salima|Salima Boma|Undi
Salima|Salima Boma|Zimba
Salima|SC Kambalame|Akumalendo
Salima|SC Kambalame|Chetuwire
Salima|SC Kambalame|Chifuwa
Salima|SC Kambalame|Chigalu
Salima|SC Kambalame|Chikhasu
Salima|SC Kambalame|Chilambula
Salima|SC Kambalame|Chilungo
Salima|SC Kambalame|Chionga
Salima|SC Kambalame|Chiutuwile
Salima|SC Kambalame|Chiwawula
Salima|SC Kambalame|Jilika
Salima|SC Kambalame|Kambalame
Salima|SC Kambalame|Kambalame Trading Center
Salima|SC Kambalame|Kamphinda
Salima|SC Kambalame|Kapanda
Salima|SC Kambalame|Kaphulika
Salima|SC Kambalame|Kapichi
Salima|SC Kambalame|Karilombe
Salima|SC Kambalame|Khwaluwalu
Salima|SC Kambalame|Khwidzi
Salima|SC Kambalame|Kumalendo
Salima|SC Kambalame|Kumtonda
Salima|SC Kambalame|Manda
Salima|SC Kambalame|Mang'oma
Salima|SC Kambalame|Matukuta
Salima|SC Kambalame|Mbalame
Salima|SC Kambalame|Mbatamira
Salima|SC Kambalame|Mfuti
Salima|SC Kambalame|Mgoma
Salima|SC Kambalame|Mlendo
Salima|SC Kambalame|Mnamba
Salima|SC Kambalame|Mnumbe
Salima|SC Kambalame|Muondo
Salima|SC Kambalame|Mwazalamba
Salima|SC Kambalame|Mzizima
Salima|SC Kambalame|Namalomba
Salima|SC Kambalame|Ngoma
Salima|SC Kambalame|Njilika
Salima|SC Kambalame|Nkweche
Salima|SC Kambalame|Ntonda
Salima|SC Kambwiri|Bulantaya
Salima|SC Kambwiri|Bushili
Salima|SC Kambwiri|Bwanali
Salima|SC Kambwiri|Chabwera
Salima|SC Kambwiri|Chagamba
Salima|SC Kambwiri|Chagunda
Salima|SC Kambwiri|Chagunda Trading Centre
Salima|SC Kambwiri|Chalunda
Salima|SC Kambwiri|Chama
Salima|SC Kambwiri|Chana
Salima|SC Kambwiri|Chana Trading Centre
Salima|SC Kambwiri|Changayanga
Salima|SC Kambwiri|Changunda
Salima|SC Kambwiri|Chapata Estate
Salima|SC Kambwiri|Chaseta
Salima|SC Kambwiri|Chauwa
Salima|SC Kambwiri|Chembe
Salima|SC Kambwiri|Chenela
Salima|SC Kambwiri|Chidzedze Farm
Salima|SC Kambwiri|Chigwirizano Estate
Salima|SC Kambwiri|Chikanda
Salima|SC Kambwiri|Chikumba
Salima|SC Kambwiri|Chikwekwe
Salima|SC Kambwiri|Chikwekwe Trading Centre
Salima|SC Kambwiri|Chilemba
Salima|SC Kambwiri|Chimbalanga
Salima|SC Kambwiri|Chimombo
Salima|SC Kambwiri|Chinkhadze
Salima|SC Kambwiri|Chipembere
Salima|SC Kambwiri|Chiphanga
Salima|SC Kambwiri|Chitekwere
Salima|SC Kambwiri|Chiwaya
Salima|SC Kambwiri|Chiweye
Salima|SC Kambwiri|Chiyani
Salima|SC Kambwiri|Chizelema
Salima|SC Kambwiri|Chumbu
Salima|SC Kambwiri|Dambo
Salima|SC Kambwiri|Gomani
Salima|SC Kambwiri|Jumpha
Salima|SC Kambwiri|Kabuula
Salima|SC Kambwiri|Kabvala
Salima|SC Kambwiri|Kachendwa
Salima|SC Kambwiri|Kachisa
Salima|SC Kambwiri|Kakhomwa
Salima|SC Kambwiri|Kalimba
Salima|SC Kambwiri|Kalimba Trading Centre
Salima|SC Kambwiri|Kalimbang'ombe
Salima|SC Kambwiri|Kalinde
Salima|SC Kambwiri|Kaliwanya
Salima|SC Kambwiri|Kambuku
Salima|SC Kambwiri|Kambwiri
Salima|SC Kambwiri|Kambwiri Mitawa
Salima|SC Kambwiri|Kandaya
Salima|SC Kambwiri|Kandiusiwa
Salima|SC Kambwiri|Kandodo
Salima|SC Kambwiri|Kapalamula
Salima|SC Kambwiri|Kapichila
Salima|SC Kambwiri|Kaponda
Salima|SC Kambwiri|Kathumba
Salima|SC Kambwiri|Katsichi
Salima|SC Kambwiri|Katumba
Salima|SC Kambwiri|Kaudzu
Salima|SC Kambwiri|Kawanga
Salima|SC Kambwiri|Khute
Salima|SC Kambwiri|Kumadzi
Salima|SC Kambwiri|Kumchakama
Salima|SC Kambwiri|Kumdzuma
Salima|SC Kambwiri|Kumwala
Salima|SC Kambwiri|Kunthanga
Salima|SC Kambwiri|Kutandila
Salima|SC Kambwiri|Kutandila Estate
Salima|SC Kambwiri|Kuthembwe
Salima|SC Kambwiri|Kutsanja
Salima|SC Kambwiri|Lifidzi Farm
Salima|SC Kambwiri|Liganga
Salima|SC Kambwiri|Lowe
Salima|SC Kambwiri|Luzanyama
Salima|SC Kambwiri|Mafiyo
Salima|SC Kambwiri|Magila
Salima|SC Kambwiri|Maiza
Salima|SC Kambwiri|Malapa
Salima|SC Kambwiri|Malapa Farm
Salima|SC Kambwiri|Malapa II
Salima|SC Kambwiri|Malera Farm
Salima|SC Kambwiri|Malota
Salima|SC Kambwiri|Masitala
Salima|SC Kambwiri|Mawelu
Salima|SC Kambwiri|Mbaya
Salima|SC Kambwiri|Mchembo
Salima|SC Kambwiri|Mchilowero
Salima|SC Kambwiri|Mgawi
Salima|SC Kambwiri|Mgwaya
Salima|SC Kambwiri|Mgwede
Salima|SC Kambwiri|Michembo
Salima|SC Kambwiri|Milala
Salima|SC Kambwiri|Milambo
Salima|SC Kambwiri|Mitondo Mgoza
Salima|SC Kambwiri|Mkwatile
Salima|SC Kambwiri|Mkwinda
Salima|SC Kambwiri|Mlinga
Salima|SC Kambwiri|Mmanja
Salima|SC Kambwiri|Mndoola
Salima|SC Kambwiri|Mnenula
Salima|SC Kambwiri|Mnesi
Salima|SC Kambwiri|M'nungu
Salima|SC Kambwiri|Moloko
Salima|SC Kambwiri|Mphalapala
Salima|SC Kambwiri|Mphande
Salima|SC Kambwiri|Mphele
Salima|SC Kambwiri|Msonthi
Salima|SC Kambwiri|Mtema
Salima|SC Kambwiri|Mtengo
Salima|SC Kambwiri|Mthiko
Salima|SC Kambwiri|Mtoseni
Salima|SC Kambwiri|Musaya
Salima|SC Kambwiri|Mwamadi
Salima|SC Kambwiri|Mwamadi Trading Centre
Salima|SC Kambwiri|Mzikamanda
Salima|SC Kambwiri|Mziwila
Salima|SC Kambwiri|Mzuwala
Salima|SC Kambwiri|Namajika
Salima|SC Kambwiri|Namwera Estate
Salima|SC Kambwiri|Nandiya Estate
Salima|SC Kambwiri|Nankuza
Salima|SC Kambwiri|Nankwenya
Salima|SC Kambwiri|Nchenjele
Salima|SC Kambwiri|Nchila
Salima|SC Kambwiri|Ndaziona Estate
Salima|SC Kambwiri|Ndiuzayani
Salima|SC Kambwiri|Ngolomi
Salima|SC Kambwiri|Ngolomi Trading Centre
Salima|SC Kambwiri|Ngombe
Salima|SC Kambwiri|N'gombe
Salima|SC Kambwiri|Ngotomi
Salima|SC Kambwiri|Ngwindo
Salima|SC Kambwiri|Nkhambadza
Salima|SC Kambwiri|Nsikidzi Estate
Salima|SC Kambwiri|Nthondo
Salima|SC Kambwiri|Nyanda
Salima|SC Kambwiri|Nyangayanga
Salima|SC Kambwiri|Pinto
Salima|SC Kambwiri|Reuben
Salima|SC Kambwiri|Samuel
Salima|SC Kambwiri|Sewera
Salima|SC Kambwiri|Sitiki
Salima|SC Kambwiri|Sitima
Salima|SC Kambwiri|Suzi
Salima|SC Kambwiri|Tembwe
Salima|SC Kambwiri|Thyolela
Salima|SC Kambwiri|Thyolera
Salima|SC Kambwiri|Tsabvala
Salima|SC Kambwiri|Zamunje
Salima|SC Msosa|Chikombe Trading Centre
Salima|SC Msosa|Chikwasa
Salima|SC Msosa|Chimtumbuka
Salima|SC Msosa|Chitepele
Salima|SC Msosa|Jekete
Salima|SC Msosa|Juliasi
Salima|SC Msosa|Kafumu
Salima|SC Msosa|Kajowola
Salima|SC Msosa|Kalilangwe
Salima|SC Msosa|Kansile
Salima|SC Msosa|Kapoche
Salima|SC Msosa|Kasache
Salima|SC Msosa|Kasile
Salima|SC Msosa|Kavumbula
Salima|SC Msosa|Kwenje
Salima|SC Msosa|Makho
Salima|SC Msosa|Mkozandiwo
Salima|SC Msosa|Mkungulima
Salima|SC Msosa|M'newa
Salima|SC Msosa|Mnyanje
Salima|SC Msosa|Monjowa
Salima|SC Msosa|Mpilingizo
Salima|SC Msosa|Mputeni
Salima|SC Msosa|Mwera
Salima|SC Msosa|Nyanda
Salima|SC Msosa|Nyangulu
Salima|SC Mwanza|Adam
Salima|SC Mwanza|Bibi Kapichira
Salima|SC Mwanza|Butawo
Salima|SC Mwanza|Changoma Trading Centre
Salima|SC Mwanza|Changwe
Salima|SC Mwanza|Chapata
Salima|SC Mwanza|Chapuma
Salima|SC Mwanza|Chatsika
Salima|SC Mwanza|Chidothi
Salima|SC Mwanza|Chifuchambewa
Salima|SC Mwanza|Chifundo
Salima|SC Mwanza|Chigwezelele
Salima|SC Mwanza|Chikombe Estate
Salima|SC Mwanza|Chikuse
Salima|SC Mwanza|Chikuwa
Salima|SC Mwanza|Chilamba
Salima|SC Mwanza|Chilambi
Salima|SC Mwanza|Chilekwa
Salima|SC Mwanza|Chilenga
Salima|SC Mwanza|Chilowa
Salima|SC Mwanza|Chilunga
Salima|SC Mwanza|Chilunji
Salima|SC Mwanza|Chimeza
Salima|SC Mwanza|Chimphala
Salima|SC Mwanza|Chimphela
Salima|SC Mwanza|Chisemphere
Salima|SC Mwanza|Chiudza
Salima|SC Mwanza|Chiwosi
Salima|SC Mwanza|Delekena
Salima|SC Mwanza|Derekana
Salima|SC Mwanza|DimbaEstate
Salima|SC Mwanza|Diso
Salima|SC Mwanza|Dzokwe
Salima|SC Mwanza|Dzoole
Salima|SC Mwanza|Fulatira
Salima|SC Mwanza|Funsani
Salima|SC Mwanza|Galamuko
Salima|SC Mwanza|Gonani
Salima|SC Mwanza|John
Salima|SC Mwanza|Kachigulu
Salima|SC Mwanza|Kafulatila
Salima|SC Mwanza|Kalembo
Salima|SC Mwanza|Kamange
Salima|SC Mwanza|Kamkosi
Salima|SC Mwanza|Kamphambe
Salima|SC Mwanza|Kamphanje
Salima|SC Mwanza|Kamvanjiru
Salima|SC Mwanza|Kandang'ombe
Salima|SC Mwanza|Kangila
Salima|SC Mwanza|Kaniche
Salima|SC Mwanza|Kankhwe
Salima|SC Mwanza|Kanongola
Salima|SC Mwanza|Kantambe
Salima|SC Mwanza|Kanthila
Salima|SC Mwanza|Kanthunkako Estate
Salima|SC Mwanza|Kapichira
Salima|SC Mwanza|Kapunzila
Salima|SC Mwanza|Kasichi
Salima|SC Mwanza|Katete Estate
Salima|SC Mwanza|Kathewera
Salima|SC Mwanza|Katoma
Salima|SC Mwanza|Katundu
Salima|SC Mwanza|Kavukula
Salima|SC Mwanza|Kawangila
Salima|SC Mwanza|Keffa
Salima|SC Mwanza|Kolole
Salima|SC Mwanza|Kondatina
Salima|SC Mwanza|Kudanga
Salima|SC Mwanza|Kunango
Salima|SC Mwanza|Kunkokota
Salima|SC Mwanza|Kuntengele
Salima|SC Mwanza|Kuthambo
Salima|SC Mwanza|Layison
Salima|SC Mwanza|Lifachima Estate
Salima|SC Mwanza|Majaya
Salima|SC Mwanza|Makioni
Salima|SC Mwanza|Makioni Trading Centre
Salima|SC Mwanza|Makoko
Salima|SC Mwanza|Makwelekwete Estate
Salima|SC Mwanza|Malanga
Salima|SC Mwanza|Malata
Salima|SC Mwanza|Maliro
Salima|SC Mwanza|Mandawa
Salima|SC Mwanza|Mangochi
Salima|SC Mwanza|Manjawira
Salima|SC Mwanza|Manong'o
Salima|SC Mwanza|Masula
Salima|SC Mwanza|Mataka
Salima|SC Mwanza|Matapila
Salima|SC Mwanza|Mawende
Salima|SC Mwanza|Mazumayo
Salima|SC Mwanza|Mbiridzi
Salima|SC Mwanza|Mchedwelanji Estate
Salima|SC Mwanza|Mileke
Salima|SC Mwanza|Minindewele
Salima|SC Mwanza|Minyalayamirongo Estate
Salima|SC Mwanza|Mjere
Salima|SC Mwanza|Mkupatila
Salima|SC Mwanza|Mkwapatila
Salima|SC Mwanza|Mkwezalamba
Salima|SC Mwanza|Mlamba
Salima|SC Mwanza|Mlongoti
Salima|SC Mwanza|Mnukwa
Salima|SC Mwanza|Mnyoso
Salima|SC Mwanza|Moya
Salima|SC Mwanza|Mpapasa
Salima|SC Mwanza|Mtayamanja
Salima|SC Mwanza|Mthumba
Salima|SC Mwanza|Mwadyakale
Salima|SC Mwanza|Mwalawamphanda Dzunde Estate
Salima|SC Mwanza|Mwansambo
Salima|SC Mwanza|Mwanza
Salima|SC Mwanza|Nakudze
Salima|SC Mwanza|Nathabwe
Salima|SC Mwanza|Ndala
Salima|SC Mwanza|Ngolovani
Salima|SC Mwanza|Ngwata
Salima|SC Mwanza|Nkhwali
Salima|SC Mwanza|Nsale
Salima|SC Mwanza|Nsendekera
Salima|SC Mwanza|Nsendekere
Salima|SC Mwanza|Nsenjele Estate
Salima|SC Mwanza|Nsole
Salima|SC Mwanza|Nyankhwa
Salima|SC Mwanza|Pembela
Salima|SC Mwanza|Sere
Salima|SC Mwanza|Simpiyoni
Salima|SC Mwanza|Sitima
Salima|SC Mwanza|Thukwi
Salima|SC Mwanza|TilekeleniEstate
Salima|SC Mwanza|TinenenjiEstate
Salima|SC Mwanza|Tiyanjane Estate
Salima|SC Mwanza|Tondani
Salima|SC Mwanza|Vuluza
Salima|SC Mwanza|Vumatani
Salima|SC Mwanza|Wota
Salima|SC Mwanza|Yadamu
Salima|SC Mwanza|Yimani
Thyolo|Bvumbwe|Bandawe
Thyolo|Bvumbwe|Benard
Thyolo|Bvumbwe|Benard Trading Centre
Thyolo|Bvumbwe|Bokosi
Thyolo|Bvumbwe|Bomani
Thyolo|Bvumbwe|Bvumbwe
Thyolo|Bvumbwe|Bvumbwe  7 Miles T
Thyolo|Bvumbwe|Bvumbwe Research Station
Thyolo|Bvumbwe|Bvumbwe Trading Centre
Thyolo|Bvumbwe|Bwanali
Thyolo|Bvumbwe|Chagwira
Thyolo|Bvumbwe|Chamba
Thyolo|Bvumbwe|Changomo
Thyolo|Bvumbwe|Charles Stewart Farm
Thyolo|Bvumbwe|Chide
Thyolo|Bvumbwe|Chidwala
Thyolo|Bvumbwe|Chikapa
Thyolo|Bvumbwe|Chikuse
Thyolo|Bvumbwe|Chilomo
Thyolo|Bvumbwe|Chimbalanga
Thyolo|Bvumbwe|Chimgomo
Thyolo|Bvumbwe|Chinkwende
Thyolo|Bvumbwe|Chinseu
Thyolo|Bvumbwe|Chitengu
Thyolo|Bvumbwe|Chizunga Tea  Estate Compound
Thyolo|Bvumbwe|Chizunga Tea Estate Compound 1
Thyolo|Bvumbwe|Chizunga'Trading Centre
Thyolo|Bvumbwe|Daimoni
Thyolo|Bvumbwe|Delule Tea Estate Compound 1
Thyolo|Bvumbwe|Dindi
Thyolo|Bvumbwe|Dzungu
Thyolo|Bvumbwe|Giliyoti
Thyolo|Bvumbwe|Gobede
Thyolo|Bvumbwe|Gunde
Thyolo|Bvumbwe|John
Thyolo|Bvumbwe|Juma
Thyolo|Bvumbwe|Juma I
Thyolo|Bvumbwe|Juma II
Thyolo|Bvumbwe|Kadambo
Thyolo|Bvumbwe|Kadzuwa
Thyolo|Bvumbwe|Kambiri Estate
Thyolo|Bvumbwe|Kankhomba
Thyolo|Bvumbwe|Kantsonyo
Thyolo|Bvumbwe|Kapito
Thyolo|Bvumbwe|Kapyepye
Thyolo|Bvumbwe|Khumbanyiwa
Thyolo|Bvumbwe|Kuluwani
Thyolo|Bvumbwe|Kuntendere
Thyolo|Bvumbwe|Kwanjana
Thyolo|Bvumbwe|Kwenengwe
Thyolo|Bvumbwe|Kwenengwe Farm
Thyolo|Bvumbwe|Lidi Kapyepye
Thyolo|Bvumbwe|Light
Thyolo|Bvumbwe|Lita
Thyolo|Bvumbwe|Lolo
Thyolo|Bvumbwe|Machemba
Thyolo|Bvumbwe|Maggie
Thyolo|Bvumbwe|Mahoya
Thyolo|Bvumbwe|Makaika
Thyolo|Bvumbwe|Makungwa Trading Centre
Thyolo|Bvumbwe|Makwinja
Thyolo|Bvumbwe|Malika
Thyolo|Bvumbwe|Masawa Estate
Thyolo|Bvumbwe|Mazinga
Thyolo|Bvumbwe|Mbagaja
Thyolo|Bvumbwe|Mkuwa
Thyolo|Bvumbwe|Mlambudzi
Thyolo|Bvumbwe|M'mana
Thyolo|Bvumbwe|Mochenja
Thyolo|Bvumbwe|Mose
Thyolo|Bvumbwe|Moses
Thyolo|Bvumbwe|Mpaso
Thyolo|Bvumbwe|Mpeni
Thyolo|Bvumbwe|Mpeni Tea Estate Compound
Thyolo|Bvumbwe|Mpeni Tea Estate Lines
Thyolo|Bvumbwe|Mpeni Tea Estate Maholo Compound
Thyolo|Bvumbwe|Mpeni Tea Estate Mzikiti Compound
Thyolo|Bvumbwe|Mpezo Compound
Thyolo|Bvumbwe|Mphedzu
Thyolo|Bvumbwe|Mpheto
Thyolo|Bvumbwe|Mponda
Thyolo|Bvumbwe|Mulanje
Thyolo|Bvumbwe|Mulemwa
Thyolo|Bvumbwe|Mwantisi Div New  Lines
Thyolo|Bvumbwe|Mwantisi Div Sanjika Compund
Thyolo|Bvumbwe|MwantisiDiv Chikwawa Compound
Thyolo|Bvumbwe|MwantisiDiv Compound
Thyolo|Bvumbwe|Namabeans Div Lines
Thyolo|Bvumbwe|Namatcha
Thyolo|Bvumbwe|Naming'omba Tea Estate Artisan Lines
Thyolo|Bvumbwe|Naming'omba Tea Estate Compound
Thyolo|Bvumbwe|Naming'omba Tea Estate Namapanga Compound
Thyolo|Bvumbwe|Naming'omba Tea Estate Neutron Cmpound
Thyolo|Bvumbwe|Naming'omba Tea Estate New Lines
Thyolo|Bvumbwe|Nangumi
Thyolo|Bvumbwe|Nankwenya
Thyolo|Bvumbwe|Nantipwili Coffee Estate
Thyolo|Bvumbwe|Nantipwili Lines
Thyolo|Bvumbwe|Naphiyo I
Thyolo|Bvumbwe|Naphiyo II
Thyolo|Bvumbwe|Naphiyo Trading Centre
Thyolo|Bvumbwe|Ngoni Makwinja
Thyolo|Bvumbwe|Nguluwe
Thyolo|Bvumbwe|Ngwime
Thyolo|Bvumbwe|Njaliwe Estate
Thyolo|Bvumbwe|Nkaombe
Thyolo|Bvumbwe|Nthikila
Thyolo|Bvumbwe|Olicana Farm
Thyolo|Bvumbwe|Phalula I
Thyolo|Bvumbwe|Phalula II
Thyolo|Bvumbwe|Ridi Kapyepye
Thyolo|Bvumbwe|Sakoma
Thyolo|Bvumbwe|Sing'anga
Thyolo|Bvumbwe|Sitima
Thyolo|Bvumbwe|Siyani
Thyolo|Bvumbwe|Solomoni
Thyolo|Bvumbwe|Soso
Thyolo|Bvumbwe|Tayali
Thyolo|Bvumbwe|Thunga
Thyolo|Bvumbwe|Thunga Compound
Thyolo|Bvumbwe|Thunga Tea Estate Compound 5
Thyolo|Bvumbwe|Thunga Trading Centre
Thyolo|Bvumbwe|William I
Thyolo|Bvumbwe|William II
Thyolo|Changata|Chagunda
Thyolo|Changata|Chalingana I
Thyolo|Changata|Chalingana II
Thyolo|Changata|Chika
Thyolo|Changata|Chikopa
Thyolo|Changata|Chikumba
Thyolo|Changata|Chipolongo
Thyolo|Changata|Gubudu
Thyolo|Changata|Gwedeza
Thyolo|Changata|Kadyamba
Thyolo|Changata|Kalozwa
Thyolo|Changata|Kandaya
Thyolo|Changata|Kapota
Thyolo|Changata|Kashisha
Thyolo|Changata|Kenadi
Thyolo|Changata|Khuvinda
Thyolo|Changata|Kotokwa
Thyolo|Changata|Kuweluza
Thyolo|Changata|Kuweluza I
Thyolo|Changata|Kuweluza II
Thyolo|Changata|Loti
Thyolo|Changata|Lumbe
Thyolo|Changata|Mafunga
Thyolo|Changata|Mafuta
Thyolo|Changata|Magwira
Thyolo|Changata|Makawa
Thyolo|Changata|Makhiya
Thyolo|Changata|Mamela
Thyolo|Changata|Manyingula
Thyolo|Changata|Mariu
Thyolo|Changata|Masambanjati  T.C .
Thyolo|Changata|Mitama
Thyolo|Changata|Mkumba
Thyolo|Changata|Molere T.C
Thyolo|Changata|Molere T.C.
Thyolo|Changata|Motheriwa
Thyolo|Changata|M'phelowa
Thyolo|Changata|Mulewa
Thyolo|Changata|Muwagi
Thyolo|Changata|Mwalo
Thyolo|Changata|Mwango
Thyolo|Changata|Mwanje
Thyolo|Changata|Mwithiya
Thyolo|Changata|Namalanga
Thyolo|Changata|Namaluweso
Thyolo|Changata|Nambuluma
Thyolo|Changata|Namulundu
Thyolo|Changata|Nanyanga
Thyolo|Changata|Ndamuwa
Thyolo|Changata|Nenauthe
Thyolo|Changata|Ngomba
Thyolo|Changata|Nsowa
Thyolo|Changata|Osiwa
Thyolo|Changata|Saleya
Thyolo|Changata|Singano
Thyolo|Changata|Zunguza
Thyolo|Kapichi|Alinya
Thyolo|Kapichi|Baisoni
Thyolo|Kapichi|Bakuwa
Thyolo|Kapichi|Bestoni
Thyolo|Kapichi|Beula
Thyolo|Kapichi|Bongwe
Thyolo|Kapichi|Boyidi
Thyolo|Kapichi|Chakwinda
Thyolo|Kapichi|Chamasowa
Thyolo|Kapichi|Chemo
Thyolo|Kapichi|Chidothe
Thyolo|Kapichi|Chidothe Traging Centre
Thyolo|Kapichi|Chikopa
Thyolo|Kapichi|Chikwaza
Thyolo|Kapichi|Chikweo
Thyolo|Kapichi|Chilambe
Thyolo|Kapichi|Chilemba
Thyolo|Kapichi|Chimaliro
Thyolo|Kapichi|Chimiko
Thyolo|Kapichi|Chimwanga
Thyolo|Kapichi|Chingondo
Thyolo|Kapichi|Chioko
Thyolo|Kapichi|Chipendo
Thyolo|Kapichi|Chirombo
Thyolo|Kapichi|Chiromo
Thyolo|Kapichi|Chitimbe
Thyolo|Kapichi|Chiwale Estate Compound
Thyolo|Kapichi|Chizunguchino
Thyolo|Kapichi|Comfozi Estate Compound
Thyolo|Kapichi|Didimu Trading Centre
Thyolo|Kapichi|Foliji
Thyolo|Kapichi|Folopenzi
Thyolo|Kapichi|Frank
Thyolo|Kapichi|G V Mangazi
Thyolo|Kapichi|Gilimishoni
Thyolo|Kapichi|Gogoya
Thyolo|Kapichi|Gogoya Trading Centre
Thyolo|Kapichi|Goliyati Trading Centre
Thyolo|Kapichi|Gomani
Thyolo|Kapichi|Gumbi
Thyolo|Kapichi|Gunda
Thyolo|Kapichi|Harrison
Thyolo|Kapichi|Jaenda
Thyolo|Kapichi|January
Thyolo|Kapichi|Jarason
Thyolo|Kapichi|Josasi
Thyolo|Kapichi|Josia
Thyolo|Kapichi|Joswa
Thyolo|Kapichi|Juliyo
Thyolo|Kapichi|Kabuthu
Thyolo|Kapichi|Kabvunye
Thyolo|Kapichi|Kachingwe
Thyolo|Kapichi|Kadaya
Thyolo|Kapichi|Kadewere
Thyolo|Kapichi|Kajawo
Thyolo|Kapichi|Kalimbuka
Thyolo|Kapichi|Kalimbuka Trading Centre
Thyolo|Kapichi|Kambewa
Thyolo|Kapichi|Kambuwa
Thyolo|Kapichi|Kamoto
Thyolo|Kapichi|Kamponji Estate
Thyolo|Kapichi|Kankwita
Thyolo|Kapichi|Kapichi
Thyolo|Kapichi|Kasalika
Thyolo|Kapichi|Katundu
Thyolo|Kapichi|Khanyela
Thyolo|Kapichi|Khavi
Thyolo|Kapichi|Khongolo
Thyolo|Kapichi|Khonjeni Estate
Thyolo|Kapichi|Khonjeni Estate Compound
Thyolo|Kapichi|Khumulike
Thyolo|Kapichi|Kumadzi
Thyolo|Kapichi|Laudoni
Thyolo|Kapichi|Likangala Compound
Thyolo|Kapichi|Likwezembe
Thyolo|Kapichi|Lujenda Estate Compound
Thyolo|Kapichi|Lupiya
Thyolo|Kapichi|Machemba
Thyolo|Kapichi|Mafisi Estate
Thyolo|Kapichi|Mafisi Estate Compound
Thyolo|Kapichi|Maganiza
Thyolo|Kapichi|Magareta
Thyolo|Kapichi|Magombwa Estate
Thyolo|Kapichi|Magomero
Thyolo|Kapichi|Magwira
Thyolo|Kapichi|Mahalu
Thyolo|Kapichi|Maida
Thyolo|Kapichi|Makande Estate Compound
Thyolo|Kapichi|Makandi Estate Compound
Thyolo|Kapichi|Makandi Estate Compound Sector
Thyolo|Kapichi|Makawa
Thyolo|Kapichi|Makhalira
Thyolo|Kapichi|Makoka Trading Estate
Thyolo|Kapichi|Makombe
Thyolo|Kapichi|Mandimwi Division Compound
Thyolo|Kapichi|Mandimwi Division Compound No8
Thyolo|Kapichi|Mandimwi Division New Lines
Thyolo|Kapichi|Mandindi
Thyolo|Kapichi|Mangazi
Thyolo|Kapichi|Mangwiyo
Thyolo|Kapichi|Mapondo
Thyolo|Kapichi|Mapwesera
Thyolo|Kapichi|Marko
Thyolo|Kapichi|Maruwasa
Thyolo|Kapichi|Matawale Estate
Thyolo|Kapichi|Matchado
Thyolo|Kapichi|Matewere
Thyolo|Kapichi|Matumbo
Thyolo|Kapichi|Mauwa
Thyolo|Kapichi|Mbalu
Thyolo|Kapichi|Mbelenga
Thyolo|Kapichi|Mbeluwa
Thyolo|Kapichi|Mikate
Thyolo|Kapichi|Mindale  Haha Compound
Thyolo|Kapichi|Mindale Estate  Makenya Lines
Thyolo|Kapichi|Mindale Estate Lines
Thyolo|Kapichi|Mindale Ntope Compound
Thyolo|Kapichi|Mirango Estate
Thyolo|Kapichi|Mirango Estate Compound
Thyolo|Kapichi|Misoya
Thyolo|Kapichi|Mitabali
Thyolo|Kapichi|Mkumbira
Thyolo|Kapichi|Mlevisa
Thyolo|Kapichi|Mliko
Thyolo|Kapichi|Mlukula
Thyolo|Kapichi|M'methiwa
Thyolo|Kapichi|M'mina
Thyolo|Kapichi|Mpaso
Thyolo|Kapichi|Mpemba
Thyolo|Kapichi|Mphanje Smallholder Tea Authority Estate
Thyolo|Kapichi|Mphonda
Thyolo|Kapichi|Mthetha
Thyolo|Kapichi|Muchiwa
Thyolo|Kapichi|Muhoma
Thyolo|Kapichi|Muhura
Thyolo|Kapichi|Mulenga
Thyolo|Kapichi|Muriya
Thyolo|Kapichi|Murotho
Thyolo|Kapichi|Mwaka
Thyolo|Kapichi|Mwala
Thyolo|Kapichi|Mwitere
Thyolo|Kapichi|Mwithiwa
Thyolo|Kapichi|Nadolo
Thyolo|Kapichi|Namagonya
Thyolo|Kapichi|Namalamba
Thyolo|Kapichi|Namalera
Thyolo|Kapichi|Namanya
Thyolo|Kapichi|Namaona
Thyolo|Kapichi|Namaona Farm
Thyolo|Kapichi|Nameta
Thyolo|Kapichi|Namikweya Estate Lines
Thyolo|Kapichi|Namilonje
Thyolo|Kapichi|Naming'omba Chilangoma Compound
Thyolo|Kapichi|Naming'omba Mandimwi Compound
Thyolo|Kapichi|Naming'omba Mandimwi Compound No4
Thyolo|Kapichi|Naminyuku
Thyolo|Kapichi|Namisinje Tobbaco Estate
Thyolo|Kapichi|Namiwa
Thyolo|Kapichi|Namondwe
Thyolo|Kapichi|Namwali Farm
Thyolo|Kapichi|Nang'ombe
Thyolo|Kapichi|Nanseta
Thyolo|Kapichi|Nantheleza
Thyolo|Kapichi|Nasadi Trading Centre
Thyolo|Kapichi|Nasonia Estate Compound
Thyolo|Kapichi|Naveya
Thyolo|Kapichi|Ndalama
Thyolo|Kapichi|Ndata Farm
Thyolo|Kapichi|Ndombole
Thyolo|Kapichi|Ndriva
Thyolo|Kapichi|Ngamwane
Thyolo|Kapichi|Ngolongoliwa
Thyolo|Kapichi|Njaiti
Thyolo|Kapichi|Nkawela
Thyolo|Kapichi|Nkolokosa
Thyolo|Kapichi|Nkumbira
Thyolo|Kapichi|Nkundi
Thyolo|Kapichi|Nsulupi
Thyolo|Kapichi|Ntholola
Thyolo|Kapichi|Nyalugwe
Thyolo|Kapichi|Nyambi
Thyolo|Kapichi|Paulo
Thyolo|Kapichi|Pelusi
Thyolo|Kapichi|Phulusa
Thyolo|Kapichi|Pindani
Thyolo|Kapichi|Retheya
Thyolo|Kapichi|Salayeka Division Compound
Thyolo|Kapichi|Salubeni
Thyolo|Kapichi|Samu
Thyolo|Kapichi|Samuti
Thyolo|Kapichi|Sani
Thyolo|Kapichi|Savala
Thyolo|Kapichi|Selengo
Thyolo|Kapichi|Shala
Thyolo|Kapichi|Singala
Thyolo|Kapichi|Sitilawa
Thyolo|Kapichi|Sitima
Thyolo|Kapichi|Stepe
Thyolo|Kapichi|Supelo
Thyolo|Kapichi|Tchavi
Thyolo|Kapichi|Thawani
Thyolo|Kapichi|Tholowa
Thyolo|Kapichi|Thowela
Thyolo|Kapichi|Thulo
Thyolo|Kapichi|Waluna
Thyolo|Kapichi|Welemu
Thyolo|Khwethemule|Ali
Thyolo|Khwethemule|Andinyaza
Thyolo|Khwethemule|Bakuwa
Thyolo|Khwethemule|Bernard
Thyolo|Khwethemule|Bodza
Thyolo|Khwethemule|Boloweza
Thyolo|Khwethemule|Chakanamba
Thyolo|Khwethemule|Chakholoma
Thyolo|Khwethemule|Chaoneka
Thyolo|Khwethemule|Chikudzu
Thyolo|Khwethemule|Chimbeta
Thyolo|Khwethemule|Heremani
Thyolo|Khwethemule|Kachimanga
Thyolo|Khwethemule|Kachimanga Estate
Thyolo|Khwethemule|Kaipsa
Thyolo|Khwethemule|Kalulu
Thyolo|Khwethemule|Kamwenje
Thyolo|Khwethemule|Kang'oma
Thyolo|Khwethemule|Kasembereka Estate Compound
Thyolo|Khwethemule|Kasembereka Trading Centre
Thyolo|Khwethemule|Khola Compound
Thyolo|Khwethemule|Kuweluza
Thyolo|Khwethemule|Kwethemule
Thyolo|Khwethemule|Lembetsani
Thyolo|Khwethemule|Lida
Thyolo|Khwethemule|Ligwelema Compound
Thyolo|Khwethemule|Machando
Thyolo|Khwethemule|Mafunga
Thyolo|Khwethemule|Magareta
Thyolo|Khwethemule|Magombe Estate
Thyolo|Khwethemule|Magwira
Thyolo|Khwethemule|Mahalipa
Thyolo|Khwethemule|Makwasa Compound 1
Thyolo|Khwethemule|Makwasa Compound II
Thyolo|Khwethemule|Makwasa TRADING  Centre
Thyolo|Khwethemule|Malamulo
Thyolo|Khwethemule|Mangwalala
Thyolo|Khwethemule|Mapingo Estate Compound
Thyolo|Khwethemule|Masaya
Thyolo|Khwethemule|Matipa
Thyolo|Khwethemule|Mbindula
Thyolo|Khwethemule|Mchenga Compound
Thyolo|Khwethemule|Mchokola
Thyolo|Khwethemule|Mgonela
Thyolo|Khwethemule|Misi
Thyolo|Khwethemule|Miyanga Compound
Thyolo|Khwethemule|Miyanga Staff Lines
Thyolo|Khwethemule|Mlenga
Thyolo|Khwethemule|Molere Trading Centre
Thyolo|Khwethemule|Mpeni
Thyolo|Khwethemule|Murakha
Thyolo|Khwethemule|Mussa Chitambo Compound
Thyolo|Khwethemule|Mwalaphanda Estate
Thyolo|Khwethemule|MwalaphandaTrading Centre
Thyolo|Khwethemule|Mzinga
Thyolo|Khwethemule|Namagolo
Thyolo|Khwethemule|Namileme Compound
Thyolo|Khwethemule|Nantibule
Thyolo|Khwethemule|Napuwa
Thyolo|Khwethemule|Ndauza
Thyolo|Khwethemule|Njobvu
Thyolo|Khwethemule|Nkunda
Thyolo|Khwethemule|Nkusa
Thyolo|Khwethemule|NtambanyamaTrading Centre
Thyolo|Khwethemule|Petani
Thyolo|Khwethemule|Salangeya
Thyolo|Khwethemule|Sambankhanga Estate
Thyolo|Khwethemule|Samson
Thyolo|Khwethemule|Sanjira
Thyolo|Khwethemule|Semu
Thyolo|Khwethemule|Small Holder Tea Authority Estate
Thyolo|Khwethemule|Tambwali
Thyolo|Khwethemule|Thamanga
Thyolo|Khwethemule|Thomasi
Thyolo|Khwethemule|Thukuwa
Thyolo|Khwethemule|Tiniyasi
Thyolo|Khwethemule|Zangaphe
Thyolo|Luchenza Town|Chiromo
Thyolo|Luchenza Town|Chonde Trading Centre
Thyolo|Luchenza Town|Kanthawire
Thyolo|Luchenza Town|Kululira
Thyolo|Luchenza Town|Lolo
Thyolo|Luchenza Town|Lolo Location
Thyolo|Luchenza Town|Luchenza Township
Thyolo|Luchenza Town|Mwalama
Thyolo|Mbawela|Akonzalendo
Thyolo|Mbawela|Chaima
Thyolo|Mbawela|Chamera
Thyolo|Mbawela|Chipungu
Thyolo|Mbawela|Chizama TC
Thyolo|Mbawela|Devis
Thyolo|Mbawela|Fombe
Thyolo|Mbawela|Kamba
Thyolo|Mbawela|Kapolo
Thyolo|Mbawela|Kazembe
Thyolo|Mbawela|Kholoviko
Thyolo|Mbawela|Khunguwe
Thyolo|Mbawela|Ligogodogwa
Thyolo|Mbawela|Matekenya
Thyolo|Mbawela|Mbalanguzi
Thyolo|Mbawela|Mbawera
Thyolo|Mbawela|Mchenga
Thyolo|Mbawela|Merekafu
Thyolo|Mbawela|Milonda
Thyolo|Mbawela|Mitepela
Thyolo|Mbawela|Mussa II
Thyolo|Mbawela|Muwanya
Thyolo|Mbawela|Mwiva
Thyolo|Mbawela|Namakhuwe
Thyolo|Mbawela|Nchacha I
Thyolo|Mbawela|NChacha II
Thyolo|Mbawela|Nchacha TC
Thyolo|Mbawela|Nkhwangwa
Thyolo|Mbawela|Nyalugwe
Thyolo|Mbawela|Phodogoma
Thyolo|Mbawela|Salijeni
Thyolo|Mbawela|Sandama
Thyolo|Mbawela|Sandama I
Thyolo|Mbawela|Sandama II
Thyolo|Mbawela|Zoa  TC
Thyolo|Mbawela|Zoa Estate
Thyolo|Mphuka|Austen
Thyolo|Mphuka|Chawan Compound
Thyolo|Mphuka|Chawani Compound 10
Thyolo|Mphuka|Chawani Compound 11
Thyolo|Mphuka|Chawani Compound 8
Thyolo|Mphuka|Chididi Trading Cetre
Thyolo|Mphuka|Chidzinja
Thyolo|Mphuka|Chikunkhu
Thyolo|Mphuka|Chimeta
Thyolo|Mphuka|Chisinkha
Thyolo|Mphuka|Chitimbe
Thyolo|Mphuka|John
Thyolo|Mphuka|Kabai
Thyolo|Mphuka|Kalintulo
Thyolo|Mphuka|Kamfoloma
Thyolo|Mphuka|Kasaila
Thyolo|Mphuka|Khumbanyiwa
Thyolo|Mphuka|Liphama
Thyolo|Mphuka|Loti
Thyolo|Mphuka|Maboyi Compound
Thyolo|Mphuka|Magala Compound
Thyolo|Mphuka|Magala Trading Centre
Thyolo|Mphuka|Mankhomwa
Thyolo|Mphuka|Maonga
Thyolo|Mphuka|Mathotho
Thyolo|Mphuka|Mianga Estate Compound No 1
Thyolo|Mphuka|Mianga Estate Compound No15
Thyolo|Mphuka|Misuku Compound
Thyolo|Mphuka|Mkhwata
Thyolo|Mphuka|Mlenga
Thyolo|Mphuka|Mocheya
Thyolo|Mphuka|Mphanje Compound
Thyolo|Mphuka|Mphera
Thyolo|Mphuka|Mpino
Thyolo|Mphuka|Mulenga
Thyolo|Mphuka|Mwanapwa
Thyolo|Mphuka|Nahemo
Thyolo|Mphuka|Nampati Trading Centre
Thyolo|Mphuka|Nantapa
Thyolo|Mphuka|Njale
Thyolo|Mphuka|Nkhwali
Thyolo|Mphuka|Nsenga
Thyolo|Mphuka|Nsewa
Thyolo|Mphuka|William
Thyolo|Mphuka|Witiri
Thyolo|Mphuka|Wizalamu
Thyolo|Nchilamwela|Amosi
Thyolo|Nchilamwela|Ben Chiona
Thyolo|Nchilamwela|Bwaila
Thyolo|Nchilamwela|Chibwana
Thyolo|Nchilamwela|Chikonyo
Thyolo|Nchilamwela|Chilembwe
Thyolo|Nchilamwela|Chilewani
Thyolo|Nchilamwela|Conforzi Estate Chipiloni Lines
Thyolo|Nchilamwela|Conforzi Estate Drivers Lines
Thyolo|Nchilamwela|Conforzi Estate Masekesa Lines
Thyolo|Nchilamwela|Conforzi Estate Pumula lines
Thyolo|Nchilamwela|Galima
Thyolo|Nchilamwela|George
Thyolo|Nchilamwela|Glengary Estate Compound
Thyolo|Nchilamwela|Gotha Estate Compound
Thyolo|Nchilamwela|Gotha Estate Lines
Thyolo|Nchilamwela|Grasteni Inganga
Thyolo|Nchilamwela|Kabambe
Thyolo|Nchilamwela|Kautuka
Thyolo|Nchilamwela|Khobviwa
Thyolo|Nchilamwela|Khokhoriwa
Thyolo|Nchilamwela|Kwanjana
Thyolo|Nchilamwela|Likwakwanda
Thyolo|Nchilamwela|Lingoni Falls
Thyolo|Nchilamwela|Lipulo
Thyolo|Nchilamwela|Lipumula Estate Lines
Thyolo|Nchilamwela|Loti
Thyolo|Nchilamwela|Magaleta
Thyolo|Nchilamwela|Matchuwana
Thyolo|Nchilamwela|Mbandanga Estate Lines
Thyolo|Nchilamwela|Mbeluko
Thyolo|Nchilamwela|Mboma Estate Malepasi Lines
Thyolo|Nchilamwela|Mboma Estate Nakhambwe Lines
Thyolo|Nchilamwela|Mikundi Estate Compound
Thyolo|Nchilamwela|Mindimwi Estate Compound
Thyolo|Nchilamwela|Mkaka
Thyolo|Nchilamwela|M'mambo
Thyolo|Nchilamwela|Moses
Thyolo|Nchilamwela|Mpando
Thyolo|Nchilamwela|Mpiyama
Thyolo|Nchilamwela|Musowa
Thyolo|Nchilamwela|Mwalanthunzi Estate Compound
Thyolo|Nchilamwela|Mwalanthunzi Estate Lines
Thyolo|Nchilamwela|Nabomba Estate Compound
Thyolo|Nchilamwela|Nakhete
Thyolo|Nchilamwela|Nankhulumbo Estate Lines
Thyolo|Nchilamwela|Nansanya
Thyolo|Nchilamwela|Naphazi
Thyolo|Nchilamwela|Nasato Trading Centre
Thyolo|Nchilamwela|Nchilamwela
Thyolo|Nchilamwela|Nchima Estate Compound
Thyolo|Nchilamwela|Nchima Estate Lines
Thyolo|Nchilamwela|Ndalama
Thyolo|Nchilamwela|Nkolokosa I
Thyolo|Nchilamwela|Nkolokosa II
Thyolo|Nchilamwela|Ntanangale
Thyolo|Nchilamwela|Ntokota
Thyolo|Nchilamwela|Nzuwa
Thyolo|Nchilamwela|Pemba
Thyolo|Nchilamwela|Phalira
Thyolo|Nchilamwela|Pumula  Trading Centre
Thyolo|Nchilamwela|Pumula Estate Lines
Thyolo|Nchilamwela|Sitima
Thyolo|Nchilamwela|Songolo
Thyolo|Nchilamwela|Sonjo
Thyolo|Nchilamwela|Tembenu
Thyolo|Nchilamwela|Wamphanzi Estate Compound
Thyolo|Nchilamwela|Waruma
Thyolo|Nsabwe|Adamson
Thyolo|Nsabwe|Alumaziya
Thyolo|Nsabwe|Chalunda
Thyolo|Nsabwe|Chandamale
Thyolo|Nsabwe|Chipanya Trading Centre
Thyolo|Nsabwe|Chipho 1
Thyolo|Nsabwe|Chipho 11
Thyolo|Nsabwe|Chipho I
Thyolo|Nsabwe|Chipho II
Thyolo|Nsabwe|Chiphwanya Trading Centre
Thyolo|Nsabwe|Devisi
Thyolo|Nsabwe|F.M.Luka
Thyolo|Nsabwe|Faison Masa Luka
Thyolo|Nsabwe|Garnet
Thyolo|Nsabwe|Jarson
Thyolo|Nsabwe|Kabuluzi
Thyolo|Nsabwe|Kadzuwa
Thyolo|Nsabwe|Kajoni
Thyolo|Nsabwe|Kamba
Thyolo|Nsabwe|Katuli
Thyolo|Nsabwe|Kheleng'enda
Thyolo|Nsabwe|Khozombe
Thyolo|Nsabwe|Mangazalimba
Thyolo|Nsabwe|Masanga
Thyolo|Nsabwe|Mathiya
Thyolo|Nsabwe|Mchekecha
Thyolo|Nsabwe|Mpaso
Thyolo|Nsabwe|Mphande Trading Centre
Thyolo|Nsabwe|Mussa
Thyolo|Nsabwe|Mwandama
Thyolo|Nsabwe|Mzundu
Thyolo|Nsabwe|Nalibebere
Thyolo|Nsabwe|Namaunya
Thyolo|Nsabwe|Namkwapa
Thyolo|Nsabwe|Namonjeza
Thyolo|Nsabwe|Nandewe
Thyolo|Nsabwe|Nandola
Thyolo|Nsabwe|Nangalimbo
Thyolo|Nsabwe|Nchekecha
Thyolo|Nsabwe|Ndaona
Thyolo|Nsabwe|Ndazadala
Thyolo|Nsabwe|Njiwi
Thyolo|Nsabwe|Nkhataombere
Thyolo|Nsabwe|Ntambizi Trading Centre
Thyolo|Nsabwe|Nthadana
Thyolo|Nsabwe|Nzundu
Thyolo|Nsabwe|Sakha
Thyolo|Nsabwe|Salungalimbo
Thyolo|Nsabwe|Thathuwa
Thyolo|Nsabwe|Thekerani
Thyolo|Nsabwe|Thekerani Trading Centre
Thyolo|Nsabwe|Thonyiwa
Thyolo|Thomasi|Chafuta
Thyolo|Thomasi|Chibalo
Thyolo|Thomasi|Chimbalanga
Thyolo|Thomasi|Chinthebe
Thyolo|Thomasi|Chithebe I
Thyolo|Thomasi|Chizunga Compound
Thyolo|Thomasi|Holesi
Thyolo|Thomasi|James
Thyolo|Thomasi|Jeremiah
Thyolo|Thomasi|Luciano
Thyolo|Thomasi|Manjolo
Thyolo|Thomasi|Mankhamba
Thyolo|Thomasi|Masenjere Trading Centre
Thyolo|Thomasi|MasenjereTrading Centre
Thyolo|Thomasi|Mbendera
Thyolo|Thomasi|Mpenda
Thyolo|Thomasi|Mpenda I
Thyolo|Thomasi|Mputeni
Thyolo|Thomasi|Ngonamo
Thyolo|Thomasi|Nkhami Compound
Thyolo|Thomasi|Nkhami Estate
Thyolo|Thomasi|Robert
Thyolo|Thomasi|Samson
Thyolo|Thomasi|Sitima
Thyolo|Thomasi|Tsoka
Thyolo|Thomasi|Walani
Thyolo|Thomasi|Wilson
Thyolo|Thukuta|Chintengo
Thyolo|Thukuta|Chisantha I
Thyolo|Thukuta|Chisantha II
Thyolo|Thukuta|Foti
Thyolo|Thukuta|Gombe I
Thyolo|Thukuta|Gombe II
Thyolo|Thukuta|Khamanyenga
Thyolo|Thukuta|Liwanda
Thyolo|Thukuta|M'nong'ona
Thyolo|Thukuta|Moneya
Thyolo|Thukuta|Mwabvi
Thyolo|Thukuta|Mwangata
Thyolo|Thukuta|Namaundi
Thyolo|Thukuta|Nankhwere
Thyolo|Thukuta|Ndongo
Thyolo|Thukuta|Salanje Trading Centre
Thyolo|Thukuta|Simpasi
Thyolo|Thukuta|Thomondo
Thyolo|Thukuta|Thukuta Trading Centre
Thyolo|Thukuta|Wilson
Thyolo|Thyolo Boma|Agricuture Lines
Thyolo|Thyolo Boma|Boma Lines
Thyolo|Thyolo Boma|Chipiloni Trading Centre
Thyolo|Thyolo Boma|Council Lines
Thyolo|Thyolo Boma|Forestry Lines
Thyolo|Thyolo Boma|Magombo
Thyolo|Thyolo Boma|Mpiyama
Thyolo|Thyolo Boma|Nchilamwela
Thyolo|Thyolo Boma|Ndalama
Thyolo|Thyolo Boma|Number One Ttading Centre
Thyolo|Thyolo Boma|Police Lines
Thyolo|Thyolo Boma|Prison Lines
Thyolo|Thyolo Boma|Senior Ouartes
Zomba|Chambo Ward|Chambo Ward
Zomba|Chikowi|Aliseni
Zomba|Chikowi|Anansimchipanda
Zomba|Chikowi|Aonenji farm
Zomba|Chikowi|Baird Mteteka
Zomba|Chikowi|Balakasi II
Zomba|Chikowi|Binali
Zomba|Chikowi|Buka
Zomba|Chikowi|Bulaimana
Zomba|Chikowi|Buleya
Zomba|Chikowi|Buleya Trading Centre
Zomba|Chikowi|Chaputula
Zomba|Chikowi|Chatama Matukuta
Zomba|Chikowi|Chibade
Zomba|Chikowi|Chibibi
Zomba|Chikowi|Chidothe
Zomba|Chikowi|Chidyaonga
Zomba|Chikowi|Chifisi
Zomba|Chikowi|Chikapa
Zomba|Chikowi|Chikumbeni
Zomba|Chikowi|Chikumbu
Zomba|Chikowi|Chilimani Salijeni
Zomba|Chikowi|Chilimba Majawa
Zomba|Chikowi|Chilipo
Zomba|Chikowi|Chilombo
Zomba|Chikowi|Chilonga
Zomba|Chikowi|Chimala
Zomba|Chikowi|Chimbalanga
Zomba|Chikowi|Chimbi farm
Zomba|Chikowi|Chimenya
Zomba|Chikowi|Chimpeni
Zomba|Chikowi|Chindamba
Zomba|Chikowi|Chingama Farm
Zomba|Chikowi|Chipanda
Zomba|Chikowi|Chipande
Zomba|Chikowi|Chipande Mbaluka
Zomba|Chikowi|Chipeta
Zomba|Chikowi|Chipili
Zomba|Chikowi|Chirombo
Zomba|Chikowi|Chisuzi
Zomba|Chikowi|Chitedze
Zomba|Chikowi|Chitwanga
Zomba|Chikowi|Chiwamba
Zomba|Chikowi|Chiwaula
Zomba|Chikowi|Dobson Farm
Zomba|Chikowi|Edward Kwisongole
Zomba|Chikowi|Fletcher Farm
Zomba|Chikowi|Galu
Zomba|Chikowi|Ganda
Zomba|Chikowi|Gremu
Zomba|Chikowi|Gwilima
Zomba|Chikowi|Hendeson Panje
Zomba|Chikowi|Jailosi Chingota
Zomba|Chikowi|Jali Pelusi
Zomba|Chikowi|Jalifu
Zomba|Chikowi|James
Zomba|Chikowi|Jigi
Zomba|Chikowi|Julius
Zomba|Chikowi|Julius Mpelula
Zomba|Chikowi|Jumbe
Zomba|Chikowi|Kachapila
Zomba|Chikowi|Kachembele
Zomba|Chikowi|Kachingwe
Zomba|Chikowi|Kadammanja
Zomba|Chikowi|Kadewere
Zomba|Chikowi|Kagaso
Zomba|Chikowi|Kailu
Zomba|Chikowi|Kakweche
Zomba|Chikowi|Kalimbuka
Zomba|Chikowi|Kamanga farm
Zomba|Chikowi|Kamanja
Zomba|Chikowi|Kambona
Zomba|Chikowi|Kaminjolo farm
Zomba|Chikowi|Kampalilo
Zomba|Chikowi|Kampila
Zomba|Chikowi|Kandulu Farm
Zomba|Chikowi|Kankhomba
Zomba|Chikowi|Kapachika
Zomba|Chikowi|Kaselema
Zomba|Chikowi|Katopola I
Zomba|Chikowi|Katunga II
Zomba|Chikowi|Katunga lemu I
Zomba|Chikowi|Khando
Zomba|Chikowi|Kharikho
Zomba|Chikowi|Khariko
Zomba|Chikowi|Kholomana
Zomba|Chikowi|Khosolo
Zomba|Chikowi|Kuchikonde Farm
Zomba|Chikowi|Kuchilimba
Zomba|Chikowi|Kukanga
Zomba|Chikowi|Kumagumbwa
Zomba|Chikowi|Kumbewe
Zomba|Chikowi|Kumilonde
Zomba|Chikowi|Kuntaja
Zomba|Chikowi|Kuntamba
Zomba|Chikowi|Kusapa
Zomba|Chikowi|Kwipululu
Zomba|Chikowi|Lambulila
Zomba|Chikowi|Libanda
Zomba|Chikowi|Lidi
Zomba|Chikowi|Likoko
Zomba|Chikowi|Liundi
Zomba|Chikowi|Liundi I
Zomba|Chikowi|Liwago
Zomba|Chikowi|Liwasa
Zomba|Chikowi|Luwembe farm
Zomba|Chikowi|Macheso Thumbwalo
Zomba|Chikowi|Machilika Lipoche
Zomba|Chikowi|Magombe
Zomba|Chikowi|Magombe farm
Zomba|Chikowi|Maguja Farm
Zomba|Chikowi|Mahambuwa
Zomba|Chikowi|Majawa I
Zomba|Chikowi|Makanjila
Zomba|Chikowi|Makawa
Zomba|Chikowi|Makwati Farm
Zomba|Chikowi|Malajila
Zomba|Chikowi|Malikebu Farm
Zomba|Chikowi|Malunga
Zomba|Chikowi|Malupha
Zomba|Chikowi|Maluwa
Zomba|Chikowi|Mandala
Zomba|Chikowi|Mandawala
Zomba|Chikowi|Mangombe
Zomba|Chikowi|Mangoni Palanda
Zomba|Chikowi|Manolo
Zomba|Chikowi|Mapota
Zomba|Chikowi|Matache
Zomba|Chikowi|Matewere Changali I
Zomba|Chikowi|Matewere II
Zomba|Chikowi|Matiti Farm
Zomba|Chikowi|Maulama
Zomba|Chikowi|Mbelere
Zomba|Chikowi|Mbembesha
Zomba|Chikowi|Mbwana
Zomba|Chikowi|Mchilima
Zomba|Chikowi|Mdala
Zomba|Chikowi|Mdalu
Zomba|Chikowi|Mdoka mbuka
Zomba|Chikowi|Michongwe
Zomba|Chikowi|Mikwamba
Zomba|Chikowi|Mkwanda
Zomba|Chikowi|Mlomba farm
Zomba|Chikowi|Mlonha
Zomba|Chikowi|M'mambo
Zomba|Chikowi|M'mangu
Zomba|Chikowi|M'maniwa
Zomba|Chikowi|M'mina Namilepa
Zomba|Chikowi|Mothello farm
Zomba|Chikowi|Msema
Zomba|Chikowi|Msosa
Zomba|Chikowi|Mtaika
Zomba|Chikowi|Mtapa Farm
Zomba|Chikowi|Mteteka
Zomba|Chikowi|Mtunga
Zomba|Chikowi|Mtuweni
Zomba|Chikowi|Mulenga
Zomba|Chikowi|Mvenuwa
Zomba|Chikowi|Mwaiki farm
Zomba|Chikowi|Mwaini farm
Zomba|Chikowi|Mwamadi
Zomba|Chikowi|Mwambananji
Zomba|Chikowi|Mwanaalilenji Farm
Zomba|Chikowi|Mwanafumu
Zomba|Chikowi|Mwenyali
Zomba|Chikowi|Nachuma
Zomba|Chikowi|Nachuma Trading Centre
Zomba|Chikowi|Namahiya
Zomba|Chikowi|Namanguya
Zomba|Chikowi|Namasala
Zomba|Chikowi|Namasani
Zomba|Chikowi|Namathiya
Zomba|Chikowi|Nambano
Zomba|Chikowi|Namitowa Farm
Zomba|Chikowi|Namkwenya
Zomba|Chikowi|Namona
Zomba|Chikowi|Namphimba
Zomba|Chikowi|Namwera
Zomba|Chikowi|Nandolo
Zomba|Chikowi|Nangumi
Zomba|Chikowi|Nankhwala
Zomba|Chikowi|Nanthambwe
Zomba|Chikowi|Nantongwe
Zomba|Chikowi|Nasala
Zomba|Chikowi|Ndala Khanyela
Zomba|Chikowi|Ndandala
Zomba|Chikowi|Ngauma
Zomba|Chikowi|Ngilengile
Zomba|Chikowi|N'gomba
Zomba|Chikowi|Ngomo
Zomba|Chikowi|Ngwale
Zomba|Chikowi|Nkata
Zomba|Chikowi|Nkhata
Zomba|Chikowi|Nkhata Yakobe
Zomba|Chikowi|Nkhatimuwone
Zomba|Chikowi|Nkhokwe Farm
Zomba|Chikowi|Nkhupa
Zomba|Chikowi|Nsema
Zomba|Chikowi|Palasa
Zomba|Chikowi|Pongwe
Zomba|Chikowi|Rodrick Mataka
Zomba|Chikowi|Rompwa
Zomba|Chikowi|Sadi
Zomba|Chikowi|Sadi Chimbalanga
Zomba|Chikowi|Saiti
Zomba|Chikowi|Salifu
Zomba|Chikowi|Salimu
Zomba|Chikowi|Samikwa
Zomba|Chikowi|Selemani
Zomba|Chikowi|Semani
Zomba|Chikowi|Sidine
Zomba|Chikowi|Sikiya Farm
Zomba|Chikowi|Six Miles Trading Centre
Zomba|Chikowi|Siyabu
Zomba|Chikowi|Songolo
Zomba|Chikowi|Sonkho
Zomba|Chikowi|Sula Farm
Zomba|Chikowi|Sululu
Zomba|Chikowi|Sumbuleta
Zomba|Chikowi|Tawakali
Zomba|Chikowi|Thamangiwa
Zomba|Chikowi|Thanave
Zomba|Chikowi|Thipa Farm
Zomba|Chikowi|Thololiwa
Zomba|Chikowi|Thomasi
Zomba|Chikowi|Twaya
Zomba|Chikowi|Ulumba Forest Camp
Zomba|Chikowi|Usanene Farm
Zomba|Chikowi|William Kalasana
Zomba|Kuntumanji|Adilima
Zomba|Kuntumanji|Bimbi
Zomba|Kuntumanji|Bimbi Trading Centre
Zomba|Kuntumanji|Bonongwe
Zomba|Kuntumanji|Bwanali
Zomba|Kuntumanji|Chakalamba
Zomba|Kuntumanji|Chapola
Zomba|Kuntumanji|Chapweteka
Zomba|Kuntumanji|Chidule
Zomba|Kuntumanji|Chikabwereza
Zomba|Kuntumanji|Chikaluma
Zomba|Kuntumanji|Chikwenga
Zomba|Kuntumanji|Chilambe
Zomba|Kuntumanji|Chilimani
Zomba|Kuntumanji|Chimpeni Estate
Zomba|Kuntumanji|Chimwai
Zomba|Kuntumanji|Chipengule
Zomba|Kuntumanji|Chipwele
Zomba|Kuntumanji|Chirwa Reformatary Centre
Zomba|Kuntumanji|Chitimbe
Zomba|Kuntumanji|Chiwalikonji
Zomba|Kuntumanji|Chokola
Zomba|Kuntumanji|Chumba
Zomba|Kuntumanji|Davide
Zomba|Kuntumanji|Dekhanao
Zomba|Kuntumanji|Disi
Zomba|Kuntumanji|Fikila
Zomba|Kuntumanji|Fundi
Zomba|Kuntumanji|Galanga
Zomba|Kuntumanji|Gelevulo
Zomba|Kuntumanji|Gomani
Zomba|Kuntumanji|Govala Trading Centre
Zomba|Kuntumanji|Ibu
Zomba|Kuntumanji|Issa
Zomba|Kuntumanji|Kachingwe
Zomba|Kuntumanji|Kachulu Estate
Zomba|Kuntumanji|Kadya
Zomba|Kuntumanji|Kalinde
Zomba|Kuntumanji|Kalingo
Zomba|Kuntumanji|Kalino
Zomba|Kuntumanji|Kalupe
Zomba|Kuntumanji|Kamwaza
Zomba|Kuntumanji|Kandulu
Zomba|Kuntumanji|Kantwera
Zomba|Kuntumanji|Kapenda
Zomba|Kuntumanji|Katanda
Zomba|Kuntumanji|Kataya
Zomba|Kuntumanji|Katuya
Zomba|Kuntumanji|Kaumbwa
Zomba|Kuntumanji|Kaumbwe
Zomba|Kuntumanji|Kazembe
Zomba|Kuntumanji|Khanda
Zomba|Kuntumanji|Khanda Rice Scheme
Zomba|Kuntumanji|Khomoli
Zomba|Kuntumanji|Kole
Zomba|Kuntumanji|Kulukulo
Zomba|Kuntumanji|Kumanyenga
Zomba|Kuntumanji|Kumbwani
Zomba|Kuntumanji|Kumitochi
Zomba|Kuntumanji|Kumlambala
Zomba|Kuntumanji|Kumuumbwa
Zomba|Kuntumanji|Kumwima
Zomba|Kuntumanji|Kuntenga
Zomba|Kuntumanji|Kuntonda
Zomba|Kuntumanji|Kuntumanji
Zomba|Kuntumanji|Kuphanga
Zomba|Kuntumanji|Kusopwe
Zomba|Kuntumanji|Libwalo
Zomba|Kuntumanji|Likonganji
Zomba|Kuntumanji|Lipepere
Zomba|Kuntumanji|Lipholo
Zomba|Kuntumanji|Liti
Zomba|Kuntumanji|Liwambwe
Zomba|Kuntumanji|Machilika
Zomba|Kuntumanji|Makabini
Zomba|Kuntumanji|Makawa
Zomba|Kuntumanji|Makuluni
Zomba|Kuntumanji|Makumba Trading Centre
Zomba|Kuntumanji|Makungula
Zomba|Kuntumanji|Malola
Zomba|Kuntumanji|Malota
Zomba|Kuntumanji|Malowa
Zomba|Kuntumanji|Maluwata
Zomba|Kuntumanji|Mamwela
Zomba|Kuntumanji|Mandiwasa
Zomba|Kuntumanji|Manyela
Zomba|Kuntumanji|Manyungwa
Zomba|Kuntumanji|Masache
Zomba|Kuntumanji|Masalo
Zomba|Kuntumanji|Matawale Trading Centre
Zomba|Kuntumanji|Matewere
Zomba|Kuntumanji|Maulana I
Zomba|Kuntumanji|Maulana II
Zomba|Kuntumanji|Mauluka
Zomba|Kuntumanji|Maunda
Zomba|Kuntumanji|Mbela
Zomba|Kuntumanji|Mbuka
Zomba|Kuntumanji|M'bwana
Zomba|Kuntumanji|Mchenga fish landing
Zomba|Kuntumanji|Mgwalangwa
Zomba|Kuntumanji|Mgwalangwa Trading Centre
Zomba|Kuntumanji|Mkagula
Zomba|Kuntumanji|Mkonjo
Zomba|Kuntumanji|Mkukumila
Zomba|Kuntumanji|Mkumbira
Zomba|Kuntumanji|Mkwanda
Zomba|Kuntumanji|Mkwezaziya
Zomba|Kuntumanji|M'mwala
Zomba|Kuntumanji|Mnyamwelo
Zomba|Kuntumanji|Modi
Zomba|Kuntumanji|Mpalume
Zomba|Kuntumanji|Mphatama
Zomba|Kuntumanji|Mphelo
Zomba|Kuntumanji|Mpoola
Zomba|Kuntumanji|Mpuhuwa
Zomba|Kuntumanji|Mpyupyu Trading Centre
Zomba|Kuntumanji|Msanama
Zomba|Kuntumanji|Mselera
Zomba|Kuntumanji|Msenda
Zomba|Kuntumanji|Mtengelanjilu Estate
Zomba|Kuntumanji|Mtima
Zomba|Kuntumanji|Mtutuma
Zomba|Kuntumanji|Muleya
Zomba|Kuntumanji|Mulichi
Zomba|Kuntumanji|Muluwila
Zomba|Kuntumanji|Mwalabu
Zomba|Kuntumanji|Mwaluka
Zomba|Kuntumanji|Mwandama
Zomba|Kuntumanji|Mwandama Trading Centre
Zomba|Kuntumanji|Mwathunga
Zomba|Kuntumanji|Namadingo
Zomba|Kuntumanji|Namalindi
Zomba|Kuntumanji|Namalucha
Zomba|Kuntumanji|Namaona
Zomba|Kuntumanji|Namasalima
Zomba|Kuntumanji|Nambabada
Zomba|Kuntumanji|Nampwanya
Zomba|Kuntumanji|Namwera
Zomba|Kuntumanji|Nanthambwe
Zomba|Kuntumanji|Napwita
Zomba|Kuntumanji|Nawata
Zomba|Kuntumanji|Nazinomwe
Zomba|Kuntumanji|Nazombe
Zomba|Kuntumanji|Ndelemani
Zomba|Kuntumanji|Ndumba
Zomba|Kuntumanji|Ngomano
Zomba|Kuntumanji|Njala
Zomba|Kuntumanji|Njala Rice Scheme
Zomba|Kuntumanji|Nkhuba Fish Landing
Zomba|Kuntumanji|Nseula
Zomba|Kuntumanji|Ntandilo
Zomba|Kuntumanji|Ntehe
Zomba|Kuntumanji|Nyundo
Zomba|Kuntumanji|Pahuwa
Zomba|Kuntumanji|Phetembe
Zomba|Kuntumanji|Ponda
Zomba|Kuntumanji|Pondiya
Zomba|Kuntumanji|Rathdrum Farm
Zomba|Kuntumanji|Roben
Zomba|Kuntumanji|Romani
Zomba|Kuntumanji|Sadi
Zomba|Kuntumanji|Sakata Trading Centre
Zomba|Kuntumanji|Samani
Zomba|Kuntumanji|Sululu
Zomba|Kuntumanji|Teputepu
Zomba|Kuntumanji|Tisaiwale Farm
Zomba|Malemia|Abiti Ndala
Zomba|Malemia|Binali
Zomba|Malemia|Bwanali Harare
Zomba|Malemia|Chapweteka
Zomba|Malemia|Chilema Lay Training Centre
Zomba|Malemia|Chilimba
Zomba|Malemia|Chilonga
Zomba|Malemia|Chilunga
Zomba|Malemia|Chilungulo
Zomba|Malemia|Chiluwe
Zomba|Malemia|Chimbalanga
Zomba|Malemia|Chindamba
Zomba|Malemia|Chindenga
Zomba|Malemia|Chinyangala
Zomba|Malemia|Chipande
Zomba|Malemia|Chipelele
Zomba|Malemia|Chisalanje
Zomba|Malemia|Chisuma
Zomba|Malemia|Chisupuli
Zomba|Malemia|Chisutu
Zomba|Malemia|Chitenjere I
Zomba|Malemia|Chitenjere II
Zomba|Malemia|Chitinji Camp
Zomba|Malemia|Chiundi
Zomba|Malemia|Chivunde Forest Camp
Zomba|Malemia|Chopi
Zomba|Malemia|Disi
Zomba|Malemia|Domasi Institute of Education
Zomba|Malemia|Domasi Police
Zomba|Malemia|Domasi Prison
Zomba|Malemia|Domasi Trading Centre
Zomba|Malemia|Hayo
Zomba|Malemia|Igolo Forest Camp
Zomba|Malemia|Jalima
Zomba|Malemia|Jambo
Zomba|Malemia|Jokala Trading Centre
Zomba|Malemia|Kabango
Zomba|Malemia|Kalidozo
Zomba|Malemia|Kalinde
Zomba|Malemia|Kalino
Zomba|Malemia|Kalunga
Zomba|Malemia|Kambale
Zomba|Malemia|Kanyesi
Zomba|Malemia|Kapichi
Zomba|Malemia|Kapitikusya
Zomba|Malemia|Kapyepye
Zomba|Malemia|Kasonga
Zomba|Malemia|Khaziko
Zomba|Malemia|Khola Camp
Zomba|Malemia|Kimu
Zomba|Malemia|Koroma
Zomba|Malemia|Kundeche
Zomba|Malemia|Kungani
Zomba|Malemia|Kwenje
Zomba|Malemia|Kwisongole
Zomba|Malemia|Lida
Zomba|Malemia|Likonde
Zomba|Malemia|Lita
Zomba|Malemia|Machemba
Zomba|Malemia|Machinjili
Zomba|Malemia|Magumba
Zomba|Malemia|Malemia
Zomba|Malemia|Malika
Zomba|Malemia|Malonga
Zomba|Malemia|Malosa  Trading Centre
Zomba|Malemia|Maluchila
Zomba|Malemia|Malunga
Zomba|Malemia|Mamu
Zomba|Malemia|Mangumba
Zomba|Malemia|Mangwengwe
Zomba|Malemia|Mapanje
Zomba|Malemia|Masambuka
Zomba|Malemia|Masapi
Zomba|Malemia|Maselema
Zomba|Malemia|Masinde
Zomba|Malemia|Masula
Zomba|Malemia|Matamanda
Zomba|Malemia|Matande
Zomba|Malemia|Matindili
Zomba|Malemia|Matuta
Zomba|Malemia|M'bawa
Zomba|Malemia|Mbelo
Zomba|Malemia|Mbuliro
Zomba|Malemia|Mbuliwa
Zomba|Malemia|M'buliwa
Zomba|Malemia|M'bwana
Zomba|Malemia|Mdumu
Zomba|Malemia|Mgobola
Zomba|Malemia|Mikochi
Zomba|Malemia|Mikundi
Zomba|Malemia|Minama
Zomba|Malemia|Mitusi
Zomba|Malemia|Mkula
Zomba|Malemia|Mkusangﾗmbe
Zomba|Malemia|Mkwanda
Zomba|Malemia|Mkwate
Zomba|Malemia|Mkwela
Zomba|Malemia|Mkwenda
Zomba|Malemia|Mlima
Zomba|Malemia|Mliwasa
Zomba|Malemia|M'luma
Zomba|Malemia|M'makuwa
Zomba|Malemia|Mpama
Zomba|Malemia|Mpamanda
Zomba|Malemia|Mponda
Zomba|Malemia|Msangeni
Zomba|Malemia|Msauka
Zomba|Malemia|Mseula
Zomba|Malemia|Msoma
Zomba|Malemia|Msosa
Zomba|Malemia|Msusa
Zomba|Malemia|Mswiwila
Zomba|Malemia|Mtamba
Zomba|Malemia|Mtanga
Zomba|Malemia|Mtogolo
Zomba|Malemia|Mtwiche
Zomba|Malemia|Murrey
Zomba|Malemia|Musula
Zomba|Malemia|Mwenyemasi
Zomba|Malemia|Naisi Trading Centre
Zomba|Malemia|Namalaka
Zomba|Malemia|Namin'gazi Farm
Zomba|Malemia|Namwera Trading Centre
Zomba|Malemia|Napwanga
Zomba|Malemia|Ndaje
Zomba|Malemia|Ngalango
Zomba|Malemia|Ngangande
Zomba|Malemia|Ngondolo Forest Camp
Zomba|Malemia|Ngwale
Zomba|Malemia|Nkaleya
Zomba|Malemia|Nsauka
Zomba|Malemia|Nthiko
Zomba|Malemia|Nyamuka
Zomba|Malemia|Nyani
Zomba|Malemia|Onga
Zomba|Malemia|Paundi
Zomba|Malemia|Sani
Zomba|Malemia|Sky Line Camp
Zomba|Malemia|Somba
Zomba|Malemia|Somba Trading Centre
Zomba|Malemia|Songani Trading Centre
Zomba|Malemia|Sululu
Zomba|Malemia|Tabu
Zomba|Malemia|Tanganyika
Zomba|Malemia|Taumbe Chika
Zomba|Malemia|Thunga
Zomba|Malemia|Ulongwe
Zomba|Malemia|Usi
Zomba|Malemia|William
Zomba|Mbiza|Armitage
Zomba|Mbiza|Botti
Zomba|Mbiza|Bwanausi
Zomba|Mbiza|Chauluka
Zomba|Mbiza|Chikoja
Zomba|Mbiza|Chikwengwe
Zomba|Mbiza|Chimbalanga
Zomba|Mbiza|Chimbiya
Zomba|Mbiza|Chimowa
Zomba|Mbiza|Chimwalira Trading Centre
Zomba|Mbiza|Chimwenye
Zomba|Mbiza|Chingolo
Zomba|Mbiza|Chirombo
Zomba|Mbiza|Chisawa
Zomba|Mbiza|Daundi
Zomba|Mbiza|Dimusa
Zomba|Mbiza|Edward Mlamwa
Zomba|Mbiza|Ehawi
Zomba|Mbiza|Epiphi
Zomba|Mbiza|Hapala
Zomba|Mbiza|Hayiya
Zomba|Mbiza|Howa
Zomba|Mbiza|Hulera
Zomba|Mbiza|Issa
Zomba|Mbiza|Jenela Trading Centre
Zomba|Mbiza|Jimu
Zomba|Mbiza|Jiya
Zomba|Mbiza|Juma
Zomba|Mbiza|Jumbe Chulunda II
Zomba|Mbiza|Kachekula
Zomba|Mbiza|Kakoma
Zomba|Mbiza|Kalaundi
Zomba|Mbiza|Kalumeya
Zomba|Mbiza|Kamala
Zomba|Mbiza|Kamoto
Zomba|Mbiza|kamowa
Zomba|Mbiza|Kamwedo
Zomba|Mbiza|Kamwendo
Zomba|Mbiza|Katunga
Zomba|Mbiza|Katunga M'mera
Zomba|Mbiza|Kazembe
Zomba|Mbiza|Khewa
Zomba|Mbiza|Khumunye
Zomba|Mbiza|Komiha
Zomba|Mbiza|Komwa I
Zomba|Mbiza|Komwa II
Zomba|Mbiza|Kondwani
Zomba|Mbiza|Kuphazi
Zomba|Mbiza|Lichapa
Zomba|Mbiza|Lihoma
Zomba|Mbiza|Likaluma
Zomba|Mbiza|Likhomo
Zomba|Mbiza|Likhomo Murinya
Zomba|Mbiza|Linyama
Zomba|Mbiza|Lundu
Zomba|Mbiza|Machemba
Zomba|Mbiza|Magaleta
Zomba|Mbiza|Magombo
Zomba|Mbiza|Mahelera
Zomba|Mbiza|Mahonya
Zomba|Mbiza|Mahulula
Zomba|Mbiza|Mailosi
Zomba|Mbiza|Makalani
Zomba|Mbiza|Makaluka I
Zomba|Mbiza|Makaluka II
Zomba|Mbiza|Makhaula
Zomba|Mbiza|Makina
Zomba|Mbiza|Makwinja
Zomba|Mbiza|Malili
Zomba|Mbiza|Malimedwe
Zomba|Mbiza|Mangulu
Zomba|Mbiza|Manli
Zomba|Mbiza|Manyesa
Zomba|Mbiza|Manyungwa
Zomba|Mbiza|Mapemba
Zomba|Mbiza|Masala
Zomba|Mbiza|Masale
Zomba|Mbiza|Masambuka
Zomba|Mbiza|Masanjala
Zomba|Mbiza|Master
Zomba|Mbiza|Mateketa
Zomba|Mbiza|Mateketa Trading Centre
Zomba|Mbiza|Mayaka
Zomba|Mbiza|Mayaka I
Zomba|Mbiza|Mayaka Trading Centre
Zomba|Mbiza|M'biza
Zomba|Mbiza|Mdooka
Zomba|Mbiza|Mgunda
Zomba|Mbiza|Misias Thangala
Zomba|Mbiza|Missias Thangala
Zomba|Mbiza|Mitawa
Zomba|Mbiza|Mkwangwanya
Zomba|Mbiza|Mkwapatila
Zomba|Mbiza|Mlemba
Zomba|Mbiza|Mlima
Zomba|Mbiza|Mlomole
Zomba|Mbiza|M'makuwa
Zomba|Mbiza|M'maniwa
Zomba|Mbiza|M'meta
Zomba|Mbiza|M'meya
Zomba|Mbiza|M'mina
Zomba|Mbiza|M'mwala
Zomba|Mbiza|Moleni Mtwala
Zomba|Mbiza|Molleni Makhulera
Zomba|Mbiza|Momba
Zomba|Mbiza|Mpangeliwa
Zomba|Mbiza|Mpanje
Zomba|Mbiza|Mpawa
Zomba|Mbiza|Mpembeza
Zomba|Mbiza|Mphalasa
Zomba|Mbiza|Mphatama
Zomba|Mbiza|Mphula
Zomba|Mbiza|Mpwatho
Zomba|Mbiza|Msimwa
Zomba|Mbiza|Msokanya
Zomba|Mbiza|Mtchinamilo
Zomba|Mbiza|Mthumba
Zomba|Mbiza|Muhiliri
Zomba|Mbiza|Mukhweya
Zomba|Mbiza|Mukwaru
Zomba|Mbiza|Mulemba
Zomba|Mbiza|Muliko
Zomba|Mbiza|Mulilima
Zomba|Mbiza|Mulima
Zomba|Mbiza|Mulolowa
Zomba|Mbiza|Murray
Zomba|Mbiza|Musheka
Zomba|Mbiza|Mwala I
Zomba|Mbiza|Mwala II
Zomba|Mbiza|Mwalimu Fundi
Zomba|Mbiza|Mwanyula
Zomba|Mbiza|Mwenye
Zomba|Mbiza|Nalihonga
Zomba|Mbiza|Namakhuwa
Zomba|Mbiza|Namalima
Zomba|Mbiza|Namangale
Zomba|Mbiza|Namarika
Zomba|Mbiza|Namathika
Zomba|Mbiza|Namatikha
Zomba|Mbiza|Namboya
Zomba|Mbiza|Namingﾇzi Farm
Zomba|Mbiza|Nankuyu Farm
Zomba|Mbiza|Nanyole
Zomba|Mbiza|Napwache Farm
Zomba|Mbiza|Nasawa
Zomba|Mbiza|Nazombe
Zomba|Mbiza|Ndalama I
Zomba|Mbiza|Ndalama II
Zomba|Mbiza|Ndawala
Zomba|Mbiza|Nembele I
Zomba|Mbiza|Ngwelero
Zomba|Mbiza|Ngwelero Trading Centre
Zomba|Mbiza|Nipulo
Zomba|Mbiza|Njenjema
Zomba|Mbiza|Nkolokosa
Zomba|Mbiza|Ntholowa I
Zomba|Mbiza|Nyelele
Zomba|Mbiza|Nyezelera
Zomba|Mbiza|Nyimbili
Zomba|Mbiza|Pamdela
Zomba|Mbiza|Rompwa
Zomba|Mbiza|Saidi
Zomba|Mbiza|Saidi Kunama
Zomba|Mbiza|Sandram
Zomba|Mbiza|Sawasawa
Zomba|Mbiza|Selemani
Zomba|Mbiza|Seunda
Zomba|Mbiza|Shaibu
Zomba|Mbiza|Simion
Zomba|Mbiza|Simon
Zomba|Mbiza|Steven
Zomba|Mbiza|Steven I
Zomba|Mbiza|Steven II
Zomba|Mbiza|Sulumba
Zomba|Mbiza|Sunuzi Trading Centre
Zomba|Mbiza|Taibu
Zomba|Mbiza|Taombe
Zomba|Mbiza|Taulo
Zomba|Mbiza|Tembenu
Zomba|Mbiza|Teyateya
Zomba|Mbiza|Thondwe Trading Centre
Zomba|Mbiza|Thumpwa
Zomba|Mbiza|Willie
Zomba|Mbiza|Willie II
Zomba|Mbiza|Wisiki
Zomba|Mbiza|Yasin
Zomba|Mkumbira|Chaulachigwele
Zomba|Mkumbira|Chikhasu
Zomba|Mkumbira|Chinguma Trading Centre
Zomba|Mkumbira|Chisoni
Zomba|Mkumbira|Chuka
Zomba|Mkumbira|Frank
Zomba|Mkumbira|Kumpini
Zomba|Mkumbira|Makoka
Zomba|Mkumbira|Malewa
Zomba|Mkumbira|Maluwa
Zomba|Mkumbira|Mboloma
Zomba|Mkumbira|Mchilima
Zomba|Mkumbira|Mkotamo
Zomba|Mkumbira|Mkumbira
Zomba|Mkumbira|Mpachika
Zomba|Mkumbira|Namalele
Zomba|Mkumbira|Naphete
Zomba|Mkumbira|Phambala
Zomba|Mkumbira|Samison
Zomba|Mkumbira|Sonkho
Zomba|Mkumbira|Thom
Zomba|Mkumbira|Uzingo
Zomba|Mlumbe|Adam
Zomba|Mlumbe|Agnes
Zomba|Mlumbe|Agness Kulinji
Zomba|Mlumbe|Agricola Estate
Zomba|Mlumbe|Amika Estate
Zomba|Mlumbe|Anderson
Zomba|Mlumbe|Aron
Zomba|Mlumbe|Bala
Zomba|Mlumbe|Balamanja
Zomba|Mlumbe|Bapu Estate
Zomba|Mlumbe|Bauleni Nyaka
Zomba|Mlumbe|Belo Mdooka
Zomba|Mlumbe|Ben Toto
Zomba|Mlumbe|Bikinani
Zomba|Mlumbe|Bilira
Zomba|Mlumbe|Botomani
Zomba|Mlumbe|Bwanausi
Zomba|Mlumbe|Chabulika
Zomba|Mlumbe|Chapweteka
Zomba|Mlumbe|Chatha
Zomba|Mlumbe|Chathina
Zomba|Mlumbe|Chazima
Zomba|Mlumbe|Chibwana
Zomba|Mlumbe|Chidothe
Zomba|Mlumbe|Chiganga
Zomba|Mlumbe|Chikanguya
Zomba|Mlumbe|Chikonde
Zomba|Mlumbe|Chikonde II
Zomba|Mlumbe|Chikwawa
Zomba|Mlumbe|Chikwekwe
Zomba|Mlumbe|Chikwenga
Zomba|Mlumbe|Chilaga
Zomba|Mlumbe|Chilembwe
Zomba|Mlumbe|Chilimani
Zomba|Mlumbe|Chilongo
Zomba|Mlumbe|Chilumpha
Zomba|Mlumbe|Chilunga
Zomba|Mlumbe|Chimatiro
Zomba|Mlumbe|Chimbamba
Zomba|Mlumbe|Chimimba
Zomba|Mlumbe|Chindamba
Zomba|Mlumbe|Chindiwo
Zomba|Mlumbe|Chinseu
Zomba|Mlumbe|Chinseu Trading Centre
Zomba|Mlumbe|Chipini
Zomba|Mlumbe|Chipini Trading Centre
Zomba|Mlumbe|Chiposyo
Zomba|Mlumbe|Chisamba
Zomba|Mlumbe|Chisanje
Zomba|Mlumbe|Chisuse Chibwana
Zomba|Mlumbe|Chisutu
Zomba|Mlumbe|Chiswe
Zomba|Mlumbe|Chitambala
Zomba|Mlumbe|Chitumba
Zomba|Mlumbe|Chiunda
Zomba|Mlumbe|Chiunda II
Zomba|Mlumbe|Chiwalo
Zomba|Mlumbe|Chombe
Zomba|Mlumbe|Chombe II
Zomba|Mlumbe|Chongolela
Zomba|Mlumbe|Dagalasi
Zomba|Mlumbe|Dalali
Zomba|Mlumbe|Delemani
Zomba|Mlumbe|Denisi
Zomba|Mlumbe|Denisi II
Zomba|Mlumbe|Denisi III
Zomba|Mlumbe|Dula
Zomba|Mlumbe|Dule Kawinga
Zomba|Mlumbe|Dumba
Zomba|Mlumbe|Ebele
Zomba|Mlumbe|Ephram Limbe
Zomba|Mlumbe|Fikila
Zomba|Mlumbe|FleTCher
Zomba|Mlumbe|Gabriel
Zomba|Mlumbe|Gala Estate
Zomba|Mlumbe|Garnet
Zomba|Mlumbe|George Gwaza
Zomba|Mlumbe|Gilbert
Zomba|Mlumbe|Gilbert Katawa
Zomba|Mlumbe|Gomani
Zomba|Mlumbe|Gunda
Zomba|Mlumbe|Gwaza
Zomba|Mlumbe|Gwaza Trading Centre
Zomba|Mlumbe|Henry Malemia
Zomba|Mlumbe|Hodjes Mkwatama
Zomba|Mlumbe|Howe
Zomba|Mlumbe|Ibu
Zomba|Mlumbe|Idana
Zomba|Mlumbe|Issa
Zomba|Mlumbe|Issa Bilika
Zomba|Mlumbe|Issa Bwanado
Zomba|Mlumbe|James
Zomba|Mlumbe|Jameson Kubwalo
Zomba|Mlumbe|Jekete
Zomba|Mlumbe|John
Zomba|Mlumbe|John Kupheliwa
Zomba|Mlumbe|John Makande
Zomba|Mlumbe|John Phawa
Zomba|Mlumbe|Joseph
Zomba|Mlumbe|Jusu I
Zomba|Mlumbe|Jusu II
Zomba|Mlumbe|Kaapino Estate
Zomba|Mlumbe|Kacheya
Zomba|Mlumbe|Kadewele
Zomba|Mlumbe|Kadzombe
Zomba|Mlumbe|Kagwa
Zomba|Mlumbe|Kalaliki I
Zomba|Mlumbe|Kalaliki II
Zomba|Mlumbe|Kalimbuka
Zomba|Mlumbe|Kalundwiche
Zomba|Mlumbe|Kamalo
Zomba|Mlumbe|Kam'baule
Zomba|Mlumbe|Kambeta
Zomba|Mlumbe|Kambwiri
Zomba|Mlumbe|Kamoto
Zomba|Mlumbe|Kamwaza
Zomba|Mlumbe|Kamwendo
Zomba|Mlumbe|Kantande I
Zomba|Mlumbe|Kantande II
Zomba|Mlumbe|Kapalasa
Zomba|Mlumbe|Kapalasa Farm
Zomba|Mlumbe|Kapalasa II
Zomba|Mlumbe|Kapitaapa I
Zomba|Mlumbe|Kapitaapa III
Zomba|Mlumbe|Kapito
Zomba|Mlumbe|Kapolo
Zomba|Mlumbe|Kapyepye
Zomba|Mlumbe|Kasenda
Zomba|Mlumbe|Kasito
Zomba|Mlumbe|Katiji
Zomba|Mlumbe|Katuli
Zomba|Mlumbe|Kazembe
Zomba|Mlumbe|Khumugwa
Zomba|Mlumbe|Kika
Zomba|Mlumbe|Kika Masikini
Zomba|Mlumbe|Koloko
Zomba|Mlumbe|Kuchili
Zomba|Mlumbe|Kuchombe
Zomba|Mlumbe|Kumbombwe
Zomba|Mlumbe|Kumpita Farm
Zomba|Mlumbe|Kumsiya
Zomba|Mlumbe|Kunkeyani
Zomba|Mlumbe|Kusamba
Zomba|Mlumbe|Kusangala
Zomba|Mlumbe|Kutambala
Zomba|Mlumbe|Kwacha
Zomba|Mlumbe|Kwikanga
Zomba|Mlumbe|Kwilindi
Zomba|Mlumbe|Kwiteuka
Zomba|Mlumbe|Laini
Zomba|Mlumbe|Lamya
Zomba|Mlumbe|Lichenya
Zomba|Mlumbe|Lidi Kaunde
Zomba|Mlumbe|Likole
Zomba|Mlumbe|Limula
Zomba|Mlumbe|Linjidzi Estate
Zomba|Mlumbe|Lisanjala Estate
Zomba|Mlumbe|Liundi
Zomba|Mlumbe|Losani
Zomba|Mlumbe|Lulanga
Zomba|Mlumbe|Lupinga
Zomba|Mlumbe|Machado
Zomba|Mlumbe|Machika
Zomba|Mlumbe|Madeya
Zomba|Mlumbe|Magombo
Zomba|Mlumbe|Mainga
Zomba|Mlumbe|Majawa
Zomba|Mlumbe|Majiya
Zomba|Mlumbe|Makangala Farm
Zomba|Mlumbe|Makanjila
Zomba|Mlumbe|Makanjira
Zomba|Mlumbe|Makombe
Zomba|Mlumbe|Makunganya
Zomba|Mlumbe|Makupete Farm
Zomba|Mlumbe|Makupete III
Zomba|Mlumbe|Mala
Zomba|Mlumbe|Malakamu
Zomba|Mlumbe|Malika
Zomba|Mlumbe|Malindi
Zomba|Mlumbe|Malire
Zomba|Mlumbe|Malundu
Zomba|Mlumbe|Mambo
Zomba|Mlumbe|Manyika
Zomba|Mlumbe|Mapanda
Zomba|Mlumbe|Masambuka
Zomba|Mlumbe|Masangula
Zomba|Mlumbe|Masanjala
Zomba|Mlumbe|Masaula I
Zomba|Mlumbe|Masaula II
Zomba|Mlumbe|Masaula Trading Centre
Zomba|Mlumbe|Maselema
Zomba|Mlumbe|Maseso
Zomba|Mlumbe|Masula I
Zomba|Mlumbe|Matanda
Zomba|Mlumbe|Matandika
Zomba|Mlumbe|Mategula
Zomba|Mlumbe|Matewe I
Zomba|Mlumbe|Matewere
Zomba|Mlumbe|Matipa
Zomba|Mlumbe|Matola
Zomba|Mlumbe|Matukuta
Zomba|Mlumbe|Matumbi
Zomba|Mlumbe|Matwika
Zomba|Mlumbe|Maulidi
Zomba|Mlumbe|Mbala Estate
Zomba|Mlumbe|Mbamba
Zomba|Mlumbe|M'beluwa
Zomba|Mlumbe|Mbengule
Zomba|Mlumbe|Mbepula
Zomba|Mlumbe|Mbeta
Zomba|Mlumbe|M'beti
Zomba|Mlumbe|Mboga
Zomba|Mlumbe|Mbukwite
Zomba|Mlumbe|Mbulukutu
Zomba|Mlumbe|M'bwana
Zomba|Mlumbe|Mchela
Zomba|Mlumbe|Mcherenga
Zomba|Mlumbe|Mchinjo
Zomba|Mlumbe|Mchisa
Zomba|Mlumbe|Mdala Chikolongo
Zomba|Mlumbe|Mdala Kamuyanja
Zomba|Mlumbe|Mdala Mkupe
Zomba|Mlumbe|M'dala Mtende
Zomba|Mlumbe|Mdela
Zomba|Mlumbe|M'doka
Zomba|Mlumbe|Menyanga
Zomba|Mlumbe|Mgalamazi
Zomba|Mlumbe|Mgoji
Zomba|Mlumbe|Mikulumu
Zomba|Mlumbe|Mikundi I
Zomba|Mlumbe|Mikundi II
Zomba|Mlumbe|Misomali
Zomba|Mlumbe|Mitawa I
Zomba|Mlumbe|Mitawa II
Zomba|Mlumbe|Mituka Farm
Zomba|Mlumbe|Mitumbili
Zomba|Mlumbe|Mjambe
Zomba|Mlumbe|Mjojo
Zomba|Mlumbe|Mkamwa
Zomba|Mlumbe|Mkanda
Zomba|Mlumbe|Mkapita
Zomba|Mlumbe|Mkawa
Zomba|Mlumbe|Mkawa III
Zomba|Mlumbe|Mkhumba
Zomba|Mlumbe|Mkoloma
Zomba|Mlumbe|Mkopola
Zomba|Mlumbe|Mkumba
Zomba|Mlumbe|Mkupu
Zomba|Mlumbe|Mkwaila
Zomba|Mlumbe|Mkwamba
Zomba|Mlumbe|Mkwana
Zomba|Mlumbe|Mkwanda
Zomba|Mlumbe|Mkwapatira
Zomba|Mlumbe|Mkwate I
Zomba|Mlumbe|Mlooka
Zomba|Mlumbe|Mlozi
Zomba|Mlumbe|Mlusu
Zomba|Mlumbe|M'mambo
Zomba|Mlumbe|M'mambo Trading Centre
Zomba|Mlumbe|M'mangeni
Zomba|Mlumbe|M'nyaka
Zomba|Mlumbe|Monjeza
Zomba|Mlumbe|Moses
Zomba|Mlumbe|Moto I
Zomba|Mlumbe|Moto II
Zomba|Mlumbe|Mpakati
Zomba|Mlumbe|Mpalanganga Estate
Zomba|Mlumbe|Mpalume
Zomba|Mlumbe|Mpindimule
Zomba|Mlumbe|Mpindo
Zomba|Mlumbe|Mpita Estate
Zomba|Mlumbe|Msawa
Zomba|Mlumbe|Msomela
Zomba|Mlumbe|Msowa
Zomba|Mlumbe|Msusa
Zomba|Mlumbe|Mtaka
Zomba|Mlumbe|Mtalimanja
Zomba|Mlumbe|Mtambo I
Zomba|Mlumbe|Mtambo II
Zomba|Mlumbe|Mtangaleya
Zomba|Mlumbe|Mtasa
Zomba|Mlumbe|Mtebo
Zomba|Mlumbe|Mtembo
Zomba|Mlumbe|Mtepu
Zomba|Mlumbe|Mthita
Zomba|Mlumbe|Mtiku
Zomba|Mlumbe|Mtiwa
Zomba|Mlumbe|Mtiya
Zomba|Mlumbe|Mtokoma
Zomba|Mlumbe|Mtuluma
Zomba|Mlumbe|Mulula
Zomba|Mlumbe|Munyambati Farm
Zomba|Mlumbe|Musanide Farm
Zomba|Mlumbe|Mussa
Zomba|Mlumbe|Mwachumu
Zomba|Mlumbe|Mwamadi
Zomba|Mlumbe|Mwandama
Zomba|Mlumbe|Mwangata
Zomba|Mlumbe|Mwengo
Zomba|Mlumbe|Mwinje
Zomba|Mlumbe|Mzazila
Zomba|Mlumbe|Naliwa
Zomba|Mlumbe|Namadidi Farm
Zomba|Mlumbe|Namadidi Trading Centre
Zomba|Mlumbe|Namande
Zomba|Mlumbe|Namonde I
Zomba|Mlumbe|Namonde II
Zomba|Mlumbe|Namphula
Zomba|Mlumbe|Namwera
Zomba|Mlumbe|Nantikwa
Zomba|Mlumbe|Napwanga
Zomba|Mlumbe|Nauma
Zomba|Mlumbe|Nawani
Zomba|Mlumbe|Ndiwalire
Zomba|Mlumbe|Ndiwati
Zomba|Mlumbe|Ndolera
Zomba|Mlumbe|Nelson
Zomba|Mlumbe|Ngochela
Zomba|Mlumbe|Ngulupuko
Zomba|Mlumbe|Ngunga
Zomba|Mlumbe|Ngwale
Zomba|Mlumbe|Njenje Farm
Zomba|Mlumbe|Nkasala
Zomba|Mlumbe|Nkhokwe
Zomba|Mlumbe|Nkolokosa
Zomba|Mlumbe|Nkulumba
Zomba|Mlumbe|Nkumba II
Zomba|Mlumbe|Nkupe
Zomba|Mlumbe|Nogwe
Zomba|Mlumbe|Nsanjama
Zomba|Mlumbe|Nsowa
Zomba|Mlumbe|Ntalika Farm
Zomba|Mlumbe|Ntonya
Zomba|Mlumbe|Nyaka
Zomba|Mlumbe|Nyambalo
Zomba|Mlumbe|Nyozani
Zomba|Mlumbe|Nyundo
Zomba|Mlumbe|Nyungwa
Zomba|Mlumbe|Osman
Zomba|Mlumbe|Pagonegone Farm
Zomba|Mlumbe|Palanda
Zomba|Mlumbe|Peter Ntenda
Zomba|Mlumbe|Petulo
Zomba|Mlumbe|Phulusa
Zomba|Mlumbe|Piemonte Estate
Zomba|Mlumbe|Pilo Mpinga
Zomba|Mlumbe|Polezela
Zomba|Mlumbe|Potani
Zomba|Mlumbe|Puna
Zomba|Mlumbe|Ritisani Singano
Zomba|Mlumbe|Robertson
Zomba|Mlumbe|Sabuni
Zomba|Mlumbe|Saidi Farm
Zomba|Mlumbe|Saidi Lawe
Zomba|Mlumbe|Sailesi
Zomba|Mlumbe|Saladi
Zomba|Mlumbe|Salifu
Zomba|Mlumbe|Salimu
Zomba|Mlumbe|Salimu Trading Centre
Zomba|Mlumbe|Samson
Zomba|Mlumbe|Samu Izeki
Zomba|Mlumbe|Sande
Zomba|Mlumbe|Sanjika
Zomba|Mlumbe|Sapanga
Zomba|Mlumbe|Saukila
Zomba|Mlumbe|Selemani
Zomba|Mlumbe|Sifa
Zomba|Mlumbe|Sikamu I
Zomba|Mlumbe|Sikamu II
Zomba|Mlumbe|Sikamu III
Zomba|Mlumbe|Sikamu Sitima
Zomba|Mlumbe|Sikinala
Zomba|Mlumbe|Siliya
Zomba|Mlumbe|Sinosi
Zomba|Mlumbe|Sitambuli
Zomba|Mlumbe|Sitima
Zomba|Mlumbe|Sitima chitseko
Zomba|Mlumbe|Songolo
Zomba|Mlumbe|Sosola
Zomba|Mlumbe|Supedi
Zomba|Mlumbe|Swali
Zomba|Mlumbe|Tebulo
Zomba|Mlumbe|Teuka
Zomba|Mlumbe|Tonde
Zomba|Mlumbe|Tung'ande
Zomba|Mlumbe|Usumani I
Zomba|Mlumbe|Usumani II
Zomba|Mlumbe|Waliyala
Zomba|Mlumbe|Wemba
Zomba|Mlumbe|Wisiki
Zomba|Mlumbe|Wochi
Zomba|Mlumbe|Yabu
Zomba|Mlumbe|Yasi
Zomba|Mlumbe|Yohane
Zomba|Mlumbe|Yotamu
Zomba|Mlumbe|Zintambila Farm
Zomba|Mwambo|Alawe
Zomba|Mwambo|Athumba
Zomba|Mwambo|Bakali
Zomba|Mwambo|Bandawe
Zomba|Mwambo|Binali
Zomba|Mwambo|Bisimalichi
Zomba|Mwambo|Bokosi
Zomba|Mwambo|Bongwe
Zomba|Mwambo|Bwanali
Zomba|Mwambo|Chabwera
Zomba|Mwambo|Chaima
Zomba|Mwambo|Chalamiendo
Zomba|Mwambo|Chalera
Zomba|Mwambo|Chamande
Zomba|Mwambo|Chamba
Zomba|Mwambo|Chande
Zomba|Mwambo|Chapalaka
Zomba|Mwambo|Chaweza
Zomba|Mwambo|Chibisa
Zomba|Mwambo|Chidothe
Zomba|Mwambo|Chidothi
Zomba|Mwambo|Chifisi
Zomba|Mwambo|Chikanga
Zomba|Mwambo|Chikango
Zomba|Mwambo|Chikasala
Zomba|Mwambo|Chikumba
Zomba|Mwambo|Chikuni
Zomba|Mwambo|Chikwakwasu
Zomba|Mwambo|Chikwasa
Zomba|Mwambo|Chikwatu
Zomba|Mwambo|Chilambe
Zomba|Mwambo|Chiliko
Zomba|Mwambo|Chiliumpha
Zomba|Mwambo|Chilole
Zomba|Mwambo|Chilunga
Zomba|Mwambo|Chimbalanga
Zomba|Mwambo|Chimera
Zomba|Mwambo|Chimwala
Zomba|Mwambo|Chinangwa
Zomba|Mwambo|Chinawa
Zomba|Mwambo|Chindebvu
Zomba|Mwambo|Chindebvu I
Zomba|Mwambo|Chingondo
Zomba|Mwambo|Chinkhwanga
Zomba|Mwambo|Chinkhwangwa Trading Centre
Zomba|Mwambo|Chiondeka
Zomba|Mwambo|Chiongolelo
Zomba|Mwambo|Chipaine
Zomba|Mwambo|Chipendo
Zomba|Mwambo|Chiputula
Zomba|Mwambo|Chisupe
Zomba|Mwambo|Chitanda
Zomba|Mwambo|Chitimbe
Zomba|Mwambo|Chitulu
Zomba|Mwambo|Chiwanga
Zomba|Mwambo|Chiwanganya
Zomba|Mwambo|Chiwaula
Zomba|Mwambo|Chiyenda
Zomba|Mwambo|Chongolera
Zomba|Mwambo|Daniel
Zomba|Mwambo|David Malikebu
Zomba|Mwambo|Eliyoti
Zomba|Mwambo|Fundi
Zomba|Mwambo|Gattina Estate
Zomba|Mwambo|Gelevulo
Zomba|Mwambo|Gibson
Zomba|Mwambo|Godifule
Zomba|Mwambo|Gomani
Zomba|Mwambo|Gomani Trading Centre
Zomba|Mwambo|Gondwa
Zomba|Mwambo|Govala Trading Centre
Zomba|Mwambo|Havala
Zomba|Mwambo|Jalasi
Zomba|Mwambo|Jali
Zomba|Mwambo|Jali Trading Centre
Zomba|Mwambo|Joliji
Zomba|Mwambo|Jumbe
Zomba|Mwambo|Kabota
Zomba|Mwambo|Kabwere
Zomba|Mwambo|Kachingwe
Zomba|Mwambo|Kachoka
Zomba|Mwambo|Kachulu
Zomba|Mwambo|Kachulu Estate
Zomba|Mwambo|Kadangwe
Zomba|Mwambo|Kaleso
Zomba|Mwambo|Kaliati
Zomba|Mwambo|Kalombola
Zomba|Mwambo|Kambalame
Zomba|Mwambo|Kambwiri
Zomba|Mwambo|Kampango
Zomba|Mwambo|Kapanuka
Zomba|Mwambo|Kasambwe
Zomba|Mwambo|Kasongo
Zomba|Mwambo|Katembo
Zomba|Mwambo|Kathebwe
Zomba|Mwambo|Katunga
Zomba|Mwambo|Kawiliza
Zomba|Mwambo|Khubvinda
Zomba|Mwambo|Khwililo
Zomba|Mwambo|Kimu
Zomba|Mwambo|Komiha
Zomba|Mwambo|Kumatama
Zomba|Mwambo|Kumilinje
Zomba|Mwambo|Kumisuku
Zomba|Mwambo|Kumpasa
Zomba|Mwambo|Kunchonga
Zomba|Mwambo|Kungwi
Zomba|Mwambo|Kwaitana
Zomba|Mwambo|Kweche
Zomba|Mwambo|Kwindimbule
Zomba|Mwambo|Lamosi I
Zomba|Mwambo|Lamosi II
Zomba|Mwambo|Lamosi Trading Centre
Zomba|Mwambo|Lihoma
Zomba|Mwambo|Likapa
Zomba|Mwambo|Likhakhama
Zomba|Mwambo|Likhala
Zomba|Mwambo|Likuma
Zomba|Mwambo|Linyama
Zomba|Mwambo|Lita
Zomba|Mwambo|Litche
Zomba|Mwambo|Liveliha
Zomba|Mwambo|Mac Morris
Zomba|Mwambo|Madyero
Zomba|Mwambo|Magalasi
Zomba|Mwambo|Maganga
Zomba|Mwambo|Magoli
Zomba|Mwambo|Mahawu
Zomba|Mwambo|Majanga
Zomba|Mwambo|Majawa
Zomba|Mwambo|Makandanje
Zomba|Mwambo|Makawa
Zomba|Mwambo|Makhasu
Zomba|Mwambo|Makina
Zomba|Mwambo|Makolija
Zomba|Mwambo|Makumbanjila
Zomba|Mwambo|Makwinja
Zomba|Mwambo|Malembo
Zomba|Mwambo|Malenga
Zomba|Mwambo|Malewa
Zomba|Mwambo|Maloya
Zomba|Mwambo|Malunga
Zomba|Mwambo|Mamphanda
Zomba|Mwambo|Mandala
Zomba|Mwambo|Mandawala
Zomba|Mwambo|Mandota
Zomba|Mwambo|M'ango
Zomba|Mwambo|Mangwere
Zomba|Mwambo|Mankhokwe
Zomba|Mwambo|Manyungwa
Zomba|Mwambo|Maole
Zomba|Mwambo|Mapata
Zomba|Mwambo|Mapila
Zomba|Mwambo|Mariko
Zomba|Mwambo|Masala
Zomba|Mwambo|Masale
Zomba|Mwambo|Masambuka
Zomba|Mwambo|Masikini
Zomba|Mwambo|Masuli
Zomba|Mwambo|Matandwe Trading Centre
Zomba|Mwambo|Matawale Trading Centre
Zomba|Mwambo|Matiya Tranding Centre
Zomba|Mwambo|Matope
Zomba|Mwambo|Mbalame
Zomba|Mwambo|Mbalu
Zomba|Mwambo|Mbatata
Zomba|Mwambo|Mbilima
Zomba|Mwambo|Mchihiwa
Zomba|Mwambo|Meeya
Zomba|Mwambo|Mgwalangwa
Zomba|Mwambo|Milioti
Zomba|Mwambo|Milumba
Zomba|Mwambo|Mindano
Zomba|Mwambo|Mingu I
Zomba|Mwambo|Mingu II
Zomba|Mwambo|Minyanga
Zomba|Mwambo|Misomali
Zomba|Mwambo|Mkoloma
Zomba|Mwambo|Mkula
Zomba|Mwambo|Mkumba
Zomba|Mwambo|Mkupsya
Zomba|Mwambo|Mlamwa
Zomba|Mwambo|Mlangali
Zomba|Mwambo|Mlotho
Zomba|Mwambo|M'meyiwa
Zomba|Mwambo|M'mina
Zomba|Mwambo|Mmina Trading Centre
Zomba|Mwambo|M'mohiwa
Zomba|Mwambo|Mmola
Zomba|Mwambo|Mopiha
Zomba|Mwambo|Mpalasa
Zomba|Mwambo|Mpasakamwa
Zomba|Mwambo|Mpeketula
Zomba|Mwambo|Mphela
Zomba|Mwambo|Mphoyo
Zomba|Mwambo|Mpinda
Zomba|Mwambo|Mpisa
Zomba|Mwambo|Mpokwa
Zomba|Mwambo|Msosa
Zomba|Mwambo|Msosa II
Zomba|Mwambo|Mtagaluka
Zomba|Mwambo|Mtambo
Zomba|Mwambo|Mtawanga
Zomba|Mwambo|Mthipela
Zomba|Mwambo|Mtokota
Zomba|Mwambo|Muhasuwa
Zomba|Mwambo|Mulelemba
Zomba|Mwambo|Mulenga
Zomba|Mwambo|Mulenga II
Zomba|Mwambo|Mulosola
Zomba|Mwambo|Mulula
Zomba|Mwambo|Mulula I
Zomba|Mwambo|Muluwila
Zomba|Mwambo|Muluwira
Zomba|Mwambo|MuoTCha
Zomba|Mwambo|Muronya Iii
Zomba|Mwambo|Mussa
Zomba|Mwambo|Mutano
Zomba|Mwambo|Mutheko
Zomba|Mwambo|Muuwa
Zomba|Mwambo|Mvaluwa
Zomba|Mwambo|Mvwana
Zomba|Mwambo|Mwala
Zomba|Mwambo|Mwaliwa
Zomba|Mwambo|Mwalukula
Zomba|Mwambo|Mwambo
Zomba|Mwambo|Mwanapiye
Zomba|Mwambo|Mwanyumbu
Zomba|Mwambo|Mwapasa
Zomba|Mwambo|Mwaphera
Zomba|Mwambo|Mwazaonga
Zomba|Mwambo|Mwazozo
Zomba|Mwambo|Mwinjilo
Zomba|Mwambo|Nabwale
Zomba|Mwambo|Nachuma
Zomba|Mwambo|Nakholo
Zomba|Mwambo|Nakhuba
Zomba|Mwambo|Namakoka
Zomba|Mwambo|Namalindi
Zomba|Mwambo|Namalitha
Zomba|Mwambo|Namangale
Zomba|Mwambo|Namankhwa
Zomba|Mwambo|Namatapa
Zomba|Mwambo|Nambesa
Zomba|Mwambo|Namponya
Zomba|Mwambo|Namwera
Zomba|Mwambo|Namwera II
Zomba|Mwambo|Nangwale
Zomba|Mwambo|Nankhuni
Zomba|Mwambo|Nansalala
Zomba|Mwambo|Nansedegu
Zomba|Mwambo|Naonje
Zomba|Mwambo|Naphome
Zomba|Mwambo|Nasiyaya
Zomba|Mwambo|Nawanga
Zomba|Mwambo|Nawango
Zomba|Mwambo|Ndapata
Zomba|Mwambo|Ngongo
Zomba|Mwambo|Ngunde
Zomba|Mwambo|Ngundu
Zomba|Mwambo|Ngwagwanya
Zomba|Mwambo|Nine Trading Centre
Zomba|Mwambo|Nkata
Zomba|Mwambo|Nkhalola
Zomba|Mwambo|Nkhuzabwela
Zomba|Mwambo|Nkomela
Zomba|Mwambo|Nkomela II
Zomba|Mwambo|Nkotima
Zomba|Mwambo|Ntala
Zomba|Mwambo|Ntholola
Zomba|Mwambo|Ntopola
Zomba|Mwambo|Nyalugwe
Zomba|Mwambo|Nyangu
Zomba|Mwambo|Nyangwala
Zomba|Mwambo|Nyanya
Zomba|Mwambo|Nyeliwa
Zomba|Mwambo|Nyepo
Zomba|Mwambo|P.G.Somanje
Zomba|Mwambo|Padoka
Zomba|Mwambo|Pahuwa
Zomba|Mwambo|Phalavi
Zomba|Mwambo|Phazi
Zomba|Mwambo|Phulusa
Zomba|Mwambo|R.Kungwi
Zomba|Mwambo|Repo Kapito
Zomba|Mwambo|Ronald
Zomba|Mwambo|Sabwe
Zomba|Mwambo|Saima
Zomba|Mwambo|Saiti
Zomba|Mwambo|Saiti II
Zomba|Mwambo|Salanya
Zomba|Mwambo|Salima
Zomba|Mwambo|Sapali
Zomba|Mwambo|Saukaphimbi
Zomba|Mwambo|Savula
Zomba|Mwambo|Segula
Zomba|Mwambo|Semani
Zomba|Mwambo|Shapala
Zomba|Mwambo|Siliya
Zomba|Mwambo|Sitima
Zomba|Mwambo|Sitima II
Zomba|Mwambo|Somba
Zomba|Mwambo|Sonjela
Zomba|Mwambo|Sumaili
Zomba|Mwambo|Sumaili I
Zomba|Mwambo|Sumani
Zomba|Mwambo|Tambala I
Zomba|Mwambo|Tambala II
Zomba|Mwambo|TChaula
Zomba|Mwambo|Tchete
Zomba|Mwambo|Tebulo
Zomba|Mwambo|Thunya
Zomba|Mwambo|Topla
Zomba|Mwambo|Tulisha
Zomba|Mwambo|Uzingo
Zomba|Mwambo|Vetuwa
Zomba|Mwambo|Walani
Zomba|Mwambo|Walula
Zomba City|Chambo Ward|Chambo Ward
Zomba City|Chambo Ward|Makwinja
Zomba City|Chambo Ward|Ministry of WorksTraining Centre
Zomba City|Chhikamveka Ward|Mulunguzi Location
Zomba City|Chhikamveka Ward|Old Nasi Location
Zomba City|Chhikamveka Ward|Simion
Zomba City|Chhikamveka Ward|Zomba Town
Zomba City|Chikamveka North Ward|Chinamwali Location
Zomba City|Chikamveka North Ward|Habitat Location
Zomba City|Chikamveka North Ward|Kalimba
Zomba City|Chikamveka North Ward|Malonje
Zomba City|Chikamveka North Ward|Mnderemani
Zomba City|Chikamveka North Ward|Mpalume
Zomba City|Chikamveka North Ward|Njonjo
Zomba City|Chikamveka North Ward|Simion
Zomba City|Chilunga East Ward|Matama
Zomba City|Chilunga East Ward|Matawale
Zomba City|Chilunga East Ward|Mindano
Zomba City|Chilunga East Ward|Mingu
Zomba City|Chilunga East Ward|Mkwela
Zomba City|Chilunga East Ward|Mpalume
Zomba City|Chilunga East Ward|Mwandakale
Zomba City|Chilunga East Ward|Mwandiyesamwana
Zomba City|Chilunga East Ward|Mwendakale
Zomba City|Chilunga East Ward|Sagoja
Zomba City|Chilunga East Ward|Sayili
Zomba City|Chilunga East Ward|Sogoja
Zomba City|Chilunga East Ward|Thom Allan
Zomba City|Chilunga East Ward|Thom Allan {kapeni}
Zomba City|Chirunga Ward|Chirunga Location Forest Lines
Zomba City|Chirunga Ward|Matama
Zomba City|Chirunga Ward|Mponda Location
Zomba City|Chirunga Ward|Mulunguzi
Zomba City|Chirunga Ward|Nandolo Location
Zomba City|Chirunga Ward|Sagoja
Zomba City|Chirunga Ward|Skinner
Zomba City|Chirunga Ward|Thom Allan
Zomba City|Likangala Central Ward|Alaston
Zomba City|Likangala Central Ward|Bechimani
Zomba City|Likangala Central Ward|Chilemele
Zomba City|Likangala Central Ward|Chizalo
Zomba City|Likangala Central Ward|Chongo
Zomba City|Likangala Central Ward|German
Zomba City|Likangala Central Ward|Kalinde
Zomba City|Likangala Central Ward|Kumilonde
Zomba City|Likangala Central Ward|Laston
Zomba City|Likangala Central Ward|Likungwati
Zomba City|Likangala Central Ward|Makhukha
Zomba City|Likangala Central Ward|Mapando
Zomba City|Likangala Central Ward|Mataka
Zomba City|Likangala Central Ward|Milimbo
Zomba City|Likangala Central Ward|Mpate
Zomba City|Likangala Central Ward|Mpoto
Zomba City|Likangala Central Ward|Nsauka
Zomba City|Likangala Central Ward|Ntola
Zomba City|Likangala Central Ward|Sadzi
Zomba City|Likangala Central Ward|Simion
Zomba City|Likangala Central Ward|Sonjera[Mainuka]
Zomba City|Likangala North Ward|Chikanda
Zomba City|Likangala North Ward|Chilupsya
Zomba City|Likangala North Ward|Kazembe
Zomba City|Likangala South Ward|Chilemele
Zomba City|Likangala South Ward|Chongo
Zomba City|Likangala South Ward|Jalipelusi
Zomba City|Likangala South Ward|Mainuka
Zomba City|Likangala South Ward|Mandala
Zomba City|Likangala South Ward|Mgomo
Zomba City|Likangala South Ward|Milimbo
Zomba City|Likangala South Ward|Mteche
Zomba City|Likangala South Ward|Naphambo
Zomba City|Likangala South Ward|Tewesa
Zomba City|Masongola Ward|Mangasanja Location
Zomba City|Masongola Ward|Mulunguzi Location
Zomba City|Mbedza Ward|Chimwere
Zomba City|Mbedza Ward|Chingalangande Location
Zomba City|Mbedza Ward|Kalimbuka Location
Zomba City|Mbedza Ward|Maulidi
Zomba City|Mbedza Ward|Mberenga
Zomba City|Mbedza Ward|Mkanda
Zomba City|Mbedza Ward|Mtambo
Zomba City|Mbedza Ward|Mtiya
Zomba City|Mbedza Ward|Mtiya Trading Centre
Zomba City|Mbedza Ward|Nandumbo
Zomba City|Mbedza Ward|Ndalama
Zomba City|Mbedza Ward|Nelo
Zomba City|Mtiya Ward|Central Prison
Zomba City|Mtiya Ward|Cobbe Barracks
Zomba City|Mtiya Ward|Kaduya
Zomba City|Mtiya Ward|Lisimba[Solomon]
Zomba City|Mtiya Ward|Morgen
Zomba City|Mtiya Ward|Mponda
Zomba City|Mtiya Ward|Mtiya
Zomba City|Mtiya Ward|Pelanjira
Zomba City|Mtiya Ward|Phuka
Zomba City|Mtiya Ward|Zilindo
Zomba City|Sadzi Ward|Alaston
Zomba City|Sadzi Ward|Chizalo
Zomba City|Sadzi Ward|Mpakati
Zomba City|Sadzi Ward|Mphakati
Zomba City|Sadzi Ward|Nsauka
Zomba City|Sadzi Ward|Sadzi Location
Zomba City|Sadzi Ward|Sinja
Zomba City|Zakazaka Ward|Chikanda
Zomba City|Zakazaka Ward|Football Lines
Zomba City|Zakazaka Ward|Kazembe
Zomba City|Zakazaka Ward|Mpondabwino
Zomba City|Zakazaka Ward|Police College
Zomba City|Zakazaka Ward|Zakazaka Location
Zomba City|Zomba Central Ward|Ndola Location
Zomba City|Zomba Central Ward|Ndola North Location
Zomba City|Zomba Central Ward|Zomba Central Town
